[2026-05-27 09:19:35] production.ERROR: file_get_contents(/Users/mejievski/Desktop/Projects/Formely/backend/.env): Failed to open stream: No such file or directory {"exception":"[object] (ErrorException(code: 0): file_get_contents(/Users/mejievski/Desktop/Projects/Formely/backend/.env): Failed to open stream: No such file or directory at /Users/mejievski/Desktop/Projects/Formely/backend/vendor/laravel/framework/src/Illuminate/Foundation/Console/KeyGenerateCommand.php:100)
[stacktrace]
#0 /Users/mejievski/Desktop/Projects/Formely/backend/vendor/laravel/framework/src/Illuminate/Foundation/Bootstrap/HandleExceptions.php(258): Illuminate\\Foundation\\Bootstrap\\HandleExceptions->handleError(2, 'file_get_conten...', '/Users/mejievsk...', 100)
#1 [internal function]: Illuminate\\Foundation\\Bootstrap\\HandleExceptions->{closure:Illuminate\\Foundation\\Bootstrap\\HandleExceptions::forwardsTo():257}(2, 'file_get_conten...', '/Users/mejievsk...', 100)
#2 /Users/mejievski/Desktop/Projects/Formely/backend/vendor/laravel/framework/src/Illuminate/Foundation/Console/KeyGenerateCommand.php(100): file_get_contents('/Users/mejievsk...')
#3 /Users/mejievski/Desktop/Projects/Formely/backend/vendor/laravel/framework/src/Illuminate/Foundation/Console/KeyGenerateCommand.php(82): Illuminate\\Foundation\\Console\\KeyGenerateCommand->writeNewEnvironmentFileWith('base64:mWIRf1//...')
#4 /Users/mejievski/Desktop/Projects/Formely/backend/vendor/laravel/framework/src/Illuminate/Foundation/Console/KeyGenerateCommand.php(47): Illuminate\\Foundation\\Console\\KeyGenerateCommand->setKeyInEnvironmentFile('base64:mWIRf1//...')
#5 /Users/mejievski/Desktop/Projects/Formely/backend/vendor/laravel/framework/src/Illuminate/Container/BoundMethod.php(36): Illuminate\\Foundation\\Console\\KeyGenerateCommand->handle()
#6 /Users/mejievski/Desktop/Projects/Formely/backend/vendor/laravel/framework/src/Illuminate/Container/Util.php(43): Illuminate\\Container\\BoundMethod::{closure:Illuminate\\Container\\BoundMethod::call():35}()
#7 /Users/mejievski/Desktop/Projects/Formely/backend/vendor/laravel/framework/src/Illuminate/Container/BoundMethod.php(96): Illuminate\\Container\\Util::unwrapIfClosure(Object(Closure))
#8 /Users/mejievski/Desktop/Projects/Formely/backend/vendor/laravel/framework/src/Illuminate/Container/BoundMethod.php(35): Illuminate\\Container\\BoundMethod::callBoundMethod(Object(Illuminate\\Foundation\\Application), Array, Object(Closure))
#9 /Users/mejievski/Desktop/Projects/Formely/backend/vendor/laravel/framework/src/Illuminate/Container/Container.php(836): Illuminate\\Container\\BoundMethod::call(Object(Illuminate\\Foundation\\Application), Array, Array, NULL)
#10 /Users/mejievski/Desktop/Projects/Formely/backend/vendor/laravel/framework/src/Illuminate/Console/Command.php(211): Illuminate\\Container\\Container->call(Array)
#11 /Users/mejievski/Desktop/Projects/Formely/backend/vendor/symfony/console/Command/Command.php(318): Illuminate\\Console\\Command->execute(Object(Symfony\\Component\\Console\\Input\\ArgvInput), Object(Illuminate\\Console\\OutputStyle))
#12 /Users/mejievski/Desktop/Projects/Formely/backend/vendor/laravel/framework/src/Illuminate/Console/Command.php(180): Symfony\\Component\\Console\\Command\\Command->run(Object(Symfony\\Component\\Console\\Input\\ArgvInput), Object(Illuminate\\Console\\OutputStyle))
#13 /Users/mejievski/Desktop/Projects/Formely/backend/vendor/symfony/console/Application.php(1073): Illuminate\\Console\\Command->run(Object(Symfony\\Component\\Console\\Input\\ArgvInput), Object(Symfony\\Component\\Console\\Output\\ConsoleOutput))
#14 /Users/mejievski/Desktop/Projects/Formely/backend/vendor/symfony/console/Application.php(356): Symfony\\Component\\Console\\Application->doRunCommand(Object(Illuminate\\Foundation\\Console\\KeyGenerateCommand), Object(Symfony\\Component\\Console\\Input\\ArgvInput), Object(Symfony\\Component\\Console\\Output\\ConsoleOutput))
#15 /Users/mejievski/Desktop/Projects/Formely/backend/vendor/symfony/console/Application.php(195): Symfony\\Component\\Console\\Application->doRun(Object(Symfony\\Component\\Console\\Input\\ArgvInput), Object(Symfony\\Component\\Console\\Output\\ConsoleOutput))
#16 /Users/mejievski/Desktop/Projects/Formely/backend/vendor/laravel/framework/src/Illuminate/Foundation/Console/Kernel.php(197): Symfony\\Component\\Console\\Application->run(Object(Symfony\\Component\\Console\\Input\\ArgvInput), Object(Symfony\\Component\\Console\\Output\\ConsoleOutput))
#17 /Users/mejievski/Desktop/Projects/Formely/backend/vendor/laravel/framework/src/Illuminate/Foundation/Application.php(1235): Illuminate\\Foundation\\Console\\Kernel->handle(Object(Symfony\\Component\\Console\\Input\\ArgvInput), Object(Symfony\\Component\\Console\\Output\\ConsoleOutput))
#18 /Users/mejievski/Desktop/Projects/Formely/backend/artisan(16): Illuminate\\Foundation\\Application->handleCommand(Object(Symfony\\Component\\Console\\Input\\ArgvInput))
#19 {main}
"} 
[2026-05-27 09:19:38] production.ERROR: SQLSTATE[08006] [7] connection to server at "127.0.0.1", port 5432 failed: FATAL:  role "forge" does not exist (Connection: pgsql, SQL: select exists (select 1 from pg_class c, pg_namespace n where n.nspname = current_schema() and c.relname = 'migrations' and c.relkind in ('r', 'p') and n.oid = c.relnamespace)) {"exception":"[object] (Illuminate\\Database\\QueryException(code: 7): SQLSTATE[08006] [7] connection to server at \"127.0.0.1\", port 5432 failed: FATAL:  role \"forge\" does not exist (Connection: pgsql, SQL: select exists (select 1 from pg_class c, pg_namespace n where n.nspname = current_schema() and c.relname = 'migrations' and c.relkind in ('r', 'p') and n.oid = c.relnamespace)) at /Users/mejievski/Desktop/Projects/Formely/backend/vendor/laravel/framework/src/Illuminate/Database/Connection.php:824)
[stacktrace]
#0 /Users/mejievski/Desktop/Projects/Formely/backend/vendor/laravel/framework/src/Illuminate/Database/Connection.php(778): Illuminate\\Database\\Connection->runQueryCallback('select exists (...', Array, Object(Closure))
#1 /Users/mejievski/Desktop/Projects/Formely/backend/vendor/laravel/framework/src/Illuminate/Database/Connection.php(397): Illuminate\\Database\\Connection->run('select exists (...', Array, Object(Closure))
#2 /Users/mejievski/Desktop/Projects/Formely/backend/vendor/laravel/framework/src/Illuminate/Database/Connection.php(343): Illuminate\\Database\\Connection->select('select exists (...', Array, true)
#3 /Users/mejievski/Desktop/Projects/Formely/backend/vendor/laravel/framework/src/Illuminate/Database/Connection.php(360): Illuminate\\Database\\Connection->selectOne('select exists (...', Array, true)
#4 /Users/mejievski/Desktop/Projects/Formely/backend/vendor/laravel/framework/src/Illuminate/Database/Schema/Builder.php(174): Illuminate\\Database\\Connection->scalar('select exists (...')
#5 /Users/mejievski/Desktop/Projects/Formely/backend/vendor/laravel/framework/src/Illuminate/Database/Migrations/DatabaseMigrationRepository.php(185): Illuminate\\Database\\Schema\\Builder->hasTable('migrations')
#6 /Users/mejievski/Desktop/Projects/Formely/backend/vendor/laravel/framework/src/Illuminate/Database/Migrations/Migrator.php(753): Illuminate\\Database\\Migrations\\DatabaseMigrationRepository->repositoryExists()
#7 /Users/mejievski/Desktop/Projects/Formely/backend/vendor/laravel/framework/src/Illuminate/Database/Console/Migrations/MigrateCommand.php(164): Illuminate\\Database\\Migrations\\Migrator->repositoryExists()
#8 /Users/mejievski/Desktop/Projects/Formely/backend/vendor/laravel/framework/src/Illuminate/Support/helpers.php(329): Illuminate\\Database\\Console\\Migrations\\MigrateCommand->{closure:Illuminate\\Database\\Console\\Migrations\\MigrateCommand::repositoryExists():164}(1)
#9 /Users/mejievski/Desktop/Projects/Formely/backend/vendor/laravel/framework/src/Illuminate/Database/Console/Migrations/MigrateCommand.php(164): retry(1, Object(Closure), 0, Object(Closure))
#10 /Users/mejievski/Desktop/Projects/Formely/backend/vendor/laravel/framework/src/Illuminate/Database/Console/Migrations/MigrateCommand.php(140): Illuminate\\Database\\Console\\Migrations\\MigrateCommand->repositoryExists()
#11 /Users/mejievski/Desktop/Projects/Formely/backend/vendor/laravel/framework/src/Illuminate/Database/Console/Migrations/MigrateCommand.php(110): Illuminate\\Database\\Console\\Migrations\\MigrateCommand->prepareDatabase()
#12 /Users/mejievski/Desktop/Projects/Formely/backend/vendor/laravel/framework/src/Illuminate/Database/Migrations/Migrator.php(666): Illuminate\\Database\\Console\\Migrations\\MigrateCommand->{closure:Illuminate\\Database\\Console\\Migrations\\MigrateCommand::runMigrations():109}()
#13 /Users/mejievski/Desktop/Projects/Formely/backend/vendor/laravel/framework/src/Illuminate/Database/Console/Migrations/MigrateCommand.php(109): Illuminate\\Database\\Migrations\\Migrator->usingConnection(NULL, Object(Closure))
#14 /Users/mejievski/Desktop/Projects/Formely/backend/vendor/laravel/framework/src/Illuminate/Database/Console/Migrations/MigrateCommand.php(88): Illuminate\\Database\\Console\\Migrations\\MigrateCommand->runMigrations()
#15 /Users/mejievski/Desktop/Projects/Formely/backend/vendor/laravel/framework/src/Illuminate/Container/BoundMethod.php(36): Illuminate\\Database\\Console\\Migrations\\MigrateCommand->handle()
#16 /Users/mejievski/Desktop/Projects/Formely/backend/vendor/laravel/framework/src/Illuminate/Container/Util.php(43): Illuminate\\Container\\BoundMethod::{closure:Illuminate\\Container\\BoundMethod::call():35}()
#17 /Users/mejievski/Desktop/Projects/Formely/backend/vendor/laravel/framework/src/Illuminate/Container/BoundMethod.php(96): Illuminate\\Container\\Util::unwrapIfClosure(Object(Closure))
#18 /Users/mejievski/Desktop/Projects/Formely/backend/vendor/laravel/framework/src/Illuminate/Container/BoundMethod.php(35): Illuminate\\Container\\BoundMethod::callBoundMethod(Object(Illuminate\\Foundation\\Application), Array, Object(Closure))
#19 /Users/mejievski/Desktop/Projects/Formely/backend/vendor/laravel/framework/src/Illuminate/Container/Container.php(836): Illuminate\\Container\\BoundMethod::call(Object(Illuminate\\Foundation\\Application), Array, Array, NULL)
#20 /Users/mejievski/Desktop/Projects/Formely/backend/vendor/laravel/framework/src/Illuminate/Console/Command.php(211): Illuminate\\Container\\Container->call(Array)
#21 /Users/mejievski/Desktop/Projects/Formely/backend/vendor/symfony/console/Command/Command.php(318): Illuminate\\Console\\Command->execute(Object(Symfony\\Component\\Console\\Input\\ArgvInput), Object(Illuminate\\Console\\OutputStyle))
#22 /Users/mejievski/Desktop/Projects/Formely/backend/vendor/laravel/framework/src/Illuminate/Console/Command.php(180): Symfony\\Component\\Console\\Command\\Command->run(Object(Symfony\\Component\\Console\\Input\\ArgvInput), Object(Illuminate\\Console\\OutputStyle))
#23 /Users/mejievski/Desktop/Projects/Formely/backend/vendor/symfony/console/Application.php(1073): Illuminate\\Console\\Command->run(Object(Symfony\\Component\\Console\\Input\\ArgvInput), Object(Symfony\\Component\\Console\\Output\\ConsoleOutput))
#24 /Users/mejievski/Desktop/Projects/Formely/backend/vendor/symfony/console/Application.php(356): Symfony\\Component\\Console\\Application->doRunCommand(Object(Illuminate\\Database\\Console\\Migrations\\MigrateCommand), Object(Symfony\\Component\\Console\\Input\\ArgvInput), Object(Symfony\\Component\\Console\\Output\\ConsoleOutput))
#25 /Users/mejievski/Desktop/Projects/Formely/backend/vendor/symfony/console/Application.php(195): Symfony\\Component\\Console\\Application->doRun(Object(Symfony\\Component\\Console\\Input\\ArgvInput), Object(Symfony\\Component\\Console\\Output\\ConsoleOutput))
#26 /Users/mejievski/Desktop/Projects/Formely/backend/vendor/laravel/framework/src/Illuminate/Foundation/Console/Kernel.php(197): Symfony\\Component\\Console\\Application->run(Object(Symfony\\Component\\Console\\Input\\ArgvInput), Object(Symfony\\Component\\Console\\Output\\ConsoleOutput))
#27 /Users/mejievski/Desktop/Projects/Formely/backend/vendor/laravel/framework/src/Illuminate/Foundation/Application.php(1235): Illuminate\\Foundation\\Console\\Kernel->handle(Object(Symfony\\Component\\Console\\Input\\ArgvInput), Object(Symfony\\Component\\Console\\Output\\ConsoleOutput))
#28 /Users/mejievski/Desktop/Projects/Formely/backend/artisan(16): Illuminate\\Foundation\\Application->handleCommand(Object(Symfony\\Component\\Console\\Input\\ArgvInput))
#29 {main}

[previous exception] [object] (PDOException(code: 7): SQLSTATE[08006] [7] connection to server at \"127.0.0.1\", port 5432 failed: FATAL:  role \"forge\" does not exist at /Users/mejievski/Desktop/Projects/Formely/backend/vendor/laravel/framework/src/Illuminate/Database/Connectors/Connector.php:67)
[stacktrace]
#0 /Users/mejievski/Desktop/Projects/Formely/backend/vendor/laravel/framework/src/Illuminate/Database/Connectors/Connector.php(67): PDO::connect('pgsql:host=127....', 'forge', Object(SensitiveParameterValue), Array)
#1 /Users/mejievski/Desktop/Projects/Formely/backend/vendor/laravel/framework/src/Illuminate/Database/Connectors/Connector.php(44): Illuminate\\Database\\Connectors\\Connector->createPdoConnection('pgsql:host=127....', 'forge', Object(SensitiveParameterValue), Array)
#2 /Users/mejievski/Desktop/Projects/Formely/backend/vendor/laravel/framework/src/Illuminate/Database/Connectors/PostgresConnector.php(35): Illuminate\\Database\\Connectors\\Connector->createConnection('pgsql:host=127....', Array, Array)
#3 /Users/mejievski/Desktop/Projects/Formely/backend/vendor/laravel/framework/src/Illuminate/Database/Connectors/ConnectionFactory.php(184): Illuminate\\Database\\Connectors\\PostgresConnector->connect(Array)
#4 [internal function]: Illuminate\\Database\\Connectors\\ConnectionFactory->{closure:Illuminate\\Database\\Connectors\\ConnectionFactory::createPdoResolverWithHosts():179}()
#5 /Users/mejievski/Desktop/Projects/Formely/backend/vendor/laravel/framework/src/Illuminate/Database/Connection.php(1234): call_user_func(Object(Closure))
#6 /Users/mejievski/Desktop/Projects/Formely/backend/vendor/laravel/framework/src/Illuminate/Database/Connection.php(1270): Illuminate\\Database\\Connection->getPdo()
#7 /Users/mejievski/Desktop/Projects/Formely/backend/vendor/laravel/framework/src/Illuminate/Database/Connection.php(511): Illuminate\\Database\\Connection->getReadPdo()
#8 /Users/mejievski/Desktop/Projects/Formely/backend/vendor/laravel/framework/src/Illuminate/Database/Connection.php(406): Illuminate\\Database\\Connection->getPdoForSelect(true)
#9 /Users/mejievski/Desktop/Projects/Formely/backend/vendor/laravel/framework/src/Illuminate/Database/Connection.php(811): Illuminate\\Database\\Connection->{closure:Illuminate\\Database\\Connection::select():397}('select exists (...', Array)
#10 /Users/mejievski/Desktop/Projects/Formely/backend/vendor/laravel/framework/src/Illuminate/Database/Connection.php(778): Illuminate\\Database\\Connection->runQueryCallback('select exists (...', Array, Object(Closure))
#11 /Users/mejievski/Desktop/Projects/Formely/backend/vendor/laravel/framework/src/Illuminate/Database/Connection.php(397): Illuminate\\Database\\Connection->run('select exists (...', Array, Object(Closure))
#12 /Users/mejievski/Desktop/Projects/Formely/backend/vendor/laravel/framework/src/Illuminate/Database/Connection.php(343): Illuminate\\Database\\Connection->select('select exists (...', Array, true)
#13 /Users/mejievski/Desktop/Projects/Formely/backend/vendor/laravel/framework/src/Illuminate/Database/Connection.php(360): Illuminate\\Database\\Connection->selectOne('select exists (...', Array, true)
#14 /Users/mejievski/Desktop/Projects/Formely/backend/vendor/laravel/framework/src/Illuminate/Database/Schema/Builder.php(174): Illuminate\\Database\\Connection->scalar('select exists (...')
#15 /Users/mejievski/Desktop/Projects/Formely/backend/vendor/laravel/framework/src/Illuminate/Database/Migrations/DatabaseMigrationRepository.php(185): Illuminate\\Database\\Schema\\Builder->hasTable('migrations')
#16 /Users/mejievski/Desktop/Projects/Formely/backend/vendor/laravel/framework/src/Illuminate/Database/Migrations/Migrator.php(753): Illuminate\\Database\\Migrations\\DatabaseMigrationRepository->repositoryExists()
#17 /Users/mejievski/Desktop/Projects/Formely/backend/vendor/laravel/framework/src/Illuminate/Database/Console/Migrations/MigrateCommand.php(164): Illuminate\\Database\\Migrations\\Migrator->repositoryExists()
#18 /Users/mejievski/Desktop/Projects/Formely/backend/vendor/laravel/framework/src/Illuminate/Support/helpers.php(329): Illuminate\\Database\\Console\\Migrations\\MigrateCommand->{closure:Illuminate\\Database\\Console\\Migrations\\MigrateCommand::repositoryExists():164}(1)
#19 /Users/mejievski/Desktop/Projects/Formely/backend/vendor/laravel/framework/src/Illuminate/Database/Console/Migrations/MigrateCommand.php(164): retry(1, Object(Closure), 0, Object(Closure))
#20 /Users/mejievski/Desktop/Projects/Formely/backend/vendor/laravel/framework/src/Illuminate/Database/Console/Migrations/MigrateCommand.php(140): Illuminate\\Database\\Console\\Migrations\\MigrateCommand->repositoryExists()
#21 /Users/mejievski/Desktop/Projects/Formely/backend/vendor/laravel/framework/src/Illuminate/Database/Console/Migrations/MigrateCommand.php(110): Illuminate\\Database\\Console\\Migrations\\MigrateCommand->prepareDatabase()
#22 /Users/mejievski/Desktop/Projects/Formely/backend/vendor/laravel/framework/src/Illuminate/Database/Migrations/Migrator.php(666): Illuminate\\Database\\Console\\Migrations\\MigrateCommand->{closure:Illuminate\\Database\\Console\\Migrations\\MigrateCommand::runMigrations():109}()
#23 /Users/mejievski/Desktop/Projects/Formely/backend/vendor/laravel/framework/src/Illuminate/Database/Console/Migrations/MigrateCommand.php(109): Illuminate\\Database\\Migrations\\Migrator->usingConnection(NULL, Object(Closure))
#24 /Users/mejievski/Desktop/Projects/Formely/backend/vendor/laravel/framework/src/Illuminate/Database/Console/Migrations/MigrateCommand.php(88): Illuminate\\Database\\Console\\Migrations\\MigrateCommand->runMigrations()
#25 /Users/mejievski/Desktop/Projects/Formely/backend/vendor/laravel/framework/src/Illuminate/Container/BoundMethod.php(36): Illuminate\\Database\\Console\\Migrations\\MigrateCommand->handle()
#26 /Users/mejievski/Desktop/Projects/Formely/backend/vendor/laravel/framework/src/Illuminate/Container/Util.php(43): Illuminate\\Container\\BoundMethod::{closure:Illuminate\\Container\\BoundMethod::call():35}()
#27 /Users/mejievski/Desktop/Projects/Formely/backend/vendor/laravel/framework/src/Illuminate/Container/BoundMethod.php(96): Illuminate\\Container\\Util::unwrapIfClosure(Object(Closure))
#28 /Users/mejievski/Desktop/Projects/Formely/backend/vendor/laravel/framework/src/Illuminate/Container/BoundMethod.php(35): Illuminate\\Container\\BoundMethod::callBoundMethod(Object(Illuminate\\Foundation\\Application), Array, Object(Closure))
#29 /Users/mejievski/Desktop/Projects/Formely/backend/vendor/laravel/framework/src/Illuminate/Container/Container.php(836): Illuminate\\Container\\BoundMethod::call(Object(Illuminate\\Foundation\\Application), Array, Array, NULL)
#30 /Users/mejievski/Desktop/Projects/Formely/backend/vendor/laravel/framework/src/Illuminate/Console/Command.php(211): Illuminate\\Container\\Container->call(Array)
#31 /Users/mejievski/Desktop/Projects/Formely/backend/vendor/symfony/console/Command/Command.php(318): Illuminate\\Console\\Command->execute(Object(Symfony\\Component\\Console\\Input\\ArgvInput), Object(Illuminate\\Console\\OutputStyle))
#32 /Users/mejievski/Desktop/Projects/Formely/backend/vendor/laravel/framework/src/Illuminate/Console/Command.php(180): Symfony\\Component\\Console\\Command\\Command->run(Object(Symfony\\Component\\Console\\Input\\ArgvInput), Object(Illuminate\\Console\\OutputStyle))
#33 /Users/mejievski/Desktop/Projects/Formely/backend/vendor/symfony/console/Application.php(1073): Illuminate\\Console\\Command->run(Object(Symfony\\Component\\Console\\Input\\ArgvInput), Object(Symfony\\Component\\Console\\Output\\ConsoleOutput))
#34 /Users/mejievski/Desktop/Projects/Formely/backend/vendor/symfony/console/Application.php(356): Symfony\\Component\\Console\\Application->doRunCommand(Object(Illuminate\\Database\\Console\\Migrations\\MigrateCommand), Object(Symfony\\Component\\Console\\Input\\ArgvInput), Object(Symfony\\Component\\Console\\Output\\ConsoleOutput))
#35 /Users/mejievski/Desktop/Projects/Formely/backend/vendor/symfony/console/Application.php(195): Symfony\\Component\\Console\\Application->doRun(Object(Symfony\\Component\\Console\\Input\\ArgvInput), Object(Symfony\\Component\\Console\\Output\\ConsoleOutput))
#36 /Users/mejievski/Desktop/Projects/Formely/backend/vendor/laravel/framework/src/Illuminate/Foundation/Console/Kernel.php(197): Symfony\\Component\\Console\\Application->run(Object(Symfony\\Component\\Console\\Input\\ArgvInput), Object(Symfony\\Component\\Console\\Output\\ConsoleOutput))
#37 /Users/mejievski/Desktop/Projects/Formely/backend/vendor/laravel/framework/src/Illuminate/Foundation/Application.php(1235): Illuminate\\Foundation\\Console\\Kernel->handle(Object(Symfony\\Component\\Console\\Input\\ArgvInput), Object(Symfony\\Component\\Console\\Output\\ConsoleOutput))
#38 /Users/mejievski/Desktop/Projects/Formely/backend/artisan(16): Illuminate\\Foundation\\Application->handleCommand(Object(Symfony\\Component\\Console\\Input\\ArgvInput))
#39 {main}
"} 
[2026-05-27 09:27:39] local.ERROR: SQLSTATE[08006] [7] connection to server at "127.0.0.1", port 5432 failed: FATAL:  role "your_db_user" does not exist (Connection: pgsql, SQL: select exists (select 1 from pg_class c, pg_namespace n where n.nspname = current_schema() and c.relname = 'migrations' and c.relkind in ('r', 'p') and n.oid = c.relnamespace)) {"exception":"[object] (Illuminate\\Database\\QueryException(code: 7): SQLSTATE[08006] [7] connection to server at \"127.0.0.1\", port 5432 failed: FATAL:  role \"your_db_user\" does not exist (Connection: pgsql, SQL: select exists (select 1 from pg_class c, pg_namespace n where n.nspname = current_schema() and c.relname = 'migrations' and c.relkind in ('r', 'p') and n.oid = c.relnamespace)) at /Users/mejievski/Desktop/Projects/Formely/backend/vendor/laravel/framework/src/Illuminate/Database/Connection.php:824)
[stacktrace]
#0 /Users/mejievski/Desktop/Projects/Formely/backend/vendor/laravel/framework/src/Illuminate/Database/Connection.php(778): Illuminate\\Database\\Connection->runQueryCallback('select exists (...', Array, Object(Closure))
#1 /Users/mejievski/Desktop/Projects/Formely/backend/vendor/laravel/framework/src/Illuminate/Database/Connection.php(397): Illuminate\\Database\\Connection->run('select exists (...', Array, Object(Closure))
#2 /Users/mejievski/Desktop/Projects/Formely/backend/vendor/laravel/framework/src/Illuminate/Database/Connection.php(343): Illuminate\\Database\\Connection->select('select exists (...', Array, true)
#3 /Users/mejievski/Desktop/Projects/Formely/backend/vendor/laravel/framework/src/Illuminate/Database/Connection.php(360): Illuminate\\Database\\Connection->selectOne('select exists (...', Array, true)
#4 /Users/mejievski/Desktop/Projects/Formely/backend/vendor/laravel/framework/src/Illuminate/Database/Schema/Builder.php(174): Illuminate\\Database\\Connection->scalar('select exists (...')
#5 /Users/mejievski/Desktop/Projects/Formely/backend/vendor/laravel/framework/src/Illuminate/Database/Migrations/DatabaseMigrationRepository.php(185): Illuminate\\Database\\Schema\\Builder->hasTable('migrations')
#6 /Users/mejievski/Desktop/Projects/Formely/backend/vendor/laravel/framework/src/Illuminate/Database/Migrations/Migrator.php(753): Illuminate\\Database\\Migrations\\DatabaseMigrationRepository->repositoryExists()
#7 /Users/mejievski/Desktop/Projects/Formely/backend/vendor/laravel/framework/src/Illuminate/Database/Console/Migrations/MigrateCommand.php(164): Illuminate\\Database\\Migrations\\Migrator->repositoryExists()
#8 /Users/mejievski/Desktop/Projects/Formely/backend/vendor/laravel/framework/src/Illuminate/Support/helpers.php(329): Illuminate\\Database\\Console\\Migrations\\MigrateCommand->{closure:Illuminate\\Database\\Console\\Migrations\\MigrateCommand::repositoryExists():164}(1)
#9 /Users/mejievski/Desktop/Projects/Formely/backend/vendor/laravel/framework/src/Illuminate/Database/Console/Migrations/MigrateCommand.php(164): retry(1, Object(Closure), 0, Object(Closure))
#10 /Users/mejievski/Desktop/Projects/Formely/backend/vendor/laravel/framework/src/Illuminate/Database/Console/Migrations/MigrateCommand.php(140): Illuminate\\Database\\Console\\Migrations\\MigrateCommand->repositoryExists()
#11 /Users/mejievski/Desktop/Projects/Formely/backend/vendor/laravel/framework/src/Illuminate/Database/Console/Migrations/MigrateCommand.php(110): Illuminate\\Database\\Console\\Migrations\\MigrateCommand->prepareDatabase()
#12 /Users/mejievski/Desktop/Projects/Formely/backend/vendor/laravel/framework/src/Illuminate/Database/Migrations/Migrator.php(666): Illuminate\\Database\\Console\\Migrations\\MigrateCommand->{closure:Illuminate\\Database\\Console\\Migrations\\MigrateCommand::runMigrations():109}()
#13 /Users/mejievski/Desktop/Projects/Formely/backend/vendor/laravel/framework/src/Illuminate/Database/Console/Migrations/MigrateCommand.php(109): Illuminate\\Database\\Migrations\\Migrator->usingConnection(NULL, Object(Closure))
#14 /Users/mejievski/Desktop/Projects/Formely/backend/vendor/laravel/framework/src/Illuminate/Database/Console/Migrations/MigrateCommand.php(88): Illuminate\\Database\\Console\\Migrations\\MigrateCommand->runMigrations()
#15 /Users/mejievski/Desktop/Projects/Formely/backend/vendor/laravel/framework/src/Illuminate/Container/BoundMethod.php(36): Illuminate\\Database\\Console\\Migrations\\MigrateCommand->handle()
#16 /Users/mejievski/Desktop/Projects/Formely/backend/vendor/laravel/framework/src/Illuminate/Container/Util.php(43): Illuminate\\Container\\BoundMethod::{closure:Illuminate\\Container\\BoundMethod::call():35}()
#17 /Users/mejievski/Desktop/Projects/Formely/backend/vendor/laravel/framework/src/Illuminate/Container/BoundMethod.php(96): Illuminate\\Container\\Util::unwrapIfClosure(Object(Closure))
#18 /Users/mejievski/Desktop/Projects/Formely/backend/vendor/laravel/framework/src/Illuminate/Container/BoundMethod.php(35): Illuminate\\Container\\BoundMethod::callBoundMethod(Object(Illuminate\\Foundation\\Application), Array, Object(Closure))
#19 /Users/mejievski/Desktop/Projects/Formely/backend/vendor/laravel/framework/src/Illuminate/Container/Container.php(836): Illuminate\\Container\\BoundMethod::call(Object(Illuminate\\Foundation\\Application), Array, Array, NULL)
#20 /Users/mejievski/Desktop/Projects/Formely/backend/vendor/laravel/framework/src/Illuminate/Console/Command.php(211): Illuminate\\Container\\Container->call(Array)
#21 /Users/mejievski/Desktop/Projects/Formely/backend/vendor/symfony/console/Command/Command.php(318): Illuminate\\Console\\Command->execute(Object(Symfony\\Component\\Console\\Input\\ArgvInput), Object(Illuminate\\Console\\OutputStyle))
#22 /Users/mejievski/Desktop/Projects/Formely/backend/vendor/laravel/framework/src/Illuminate/Console/Command.php(180): Symfony\\Component\\Console\\Command\\Command->run(Object(Symfony\\Component\\Console\\Input\\ArgvInput), Object(Illuminate\\Console\\OutputStyle))
#23 /Users/mejievski/Desktop/Projects/Formely/backend/vendor/symfony/console/Application.php(1073): Illuminate\\Console\\Command->run(Object(Symfony\\Component\\Console\\Input\\ArgvInput), Object(Symfony\\Component\\Console\\Output\\ConsoleOutput))
#24 /Users/mejievski/Desktop/Projects/Formely/backend/vendor/symfony/console/Application.php(356): Symfony\\Component\\Console\\Application->doRunCommand(Object(Illuminate\\Database\\Console\\Migrations\\MigrateCommand), Object(Symfony\\Component\\Console\\Input\\ArgvInput), Object(Symfony\\Component\\Console\\Output\\ConsoleOutput))
#25 /Users/mejievski/Desktop/Projects/Formely/backend/vendor/symfony/console/Application.php(195): Symfony\\Component\\Console\\Application->doRun(Object(Symfony\\Component\\Console\\Input\\ArgvInput), Object(Symfony\\Component\\Console\\Output\\ConsoleOutput))
#26 /Users/mejievski/Desktop/Projects/Formely/backend/vendor/laravel/framework/src/Illuminate/Foundation/Console/Kernel.php(197): Symfony\\Component\\Console\\Application->run(Object(Symfony\\Component\\Console\\Input\\ArgvInput), Object(Symfony\\Component\\Console\\Output\\ConsoleOutput))
#27 /Users/mejievski/Desktop/Projects/Formely/backend/vendor/laravel/framework/src/Illuminate/Foundation/Application.php(1235): Illuminate\\Foundation\\Console\\Kernel->handle(Object(Symfony\\Component\\Console\\Input\\ArgvInput), Object(Symfony\\Component\\Console\\Output\\ConsoleOutput))
#28 /Users/mejievski/Desktop/Projects/Formely/backend/artisan(16): Illuminate\\Foundation\\Application->handleCommand(Object(Symfony\\Component\\Console\\Input\\ArgvInput))
#29 {main}

[previous exception] [object] (PDOException(code: 7): SQLSTATE[08006] [7] connection to server at \"127.0.0.1\", port 5432 failed: FATAL:  role \"your_db_user\" does not exist at /Users/mejievski/Desktop/Projects/Formely/backend/vendor/laravel/framework/src/Illuminate/Database/Connectors/Connector.php:67)
[stacktrace]
#0 /Users/mejievski/Desktop/Projects/Formely/backend/vendor/laravel/framework/src/Illuminate/Database/Connectors/Connector.php(67): PDO::connect('pgsql:host=127....', 'your_db_user', Object(SensitiveParameterValue), Array)
#1 /Users/mejievski/Desktop/Projects/Formely/backend/vendor/laravel/framework/src/Illuminate/Database/Connectors/Connector.php(44): Illuminate\\Database\\Connectors\\Connector->createPdoConnection('pgsql:host=127....', 'your_db_user', Object(SensitiveParameterValue), Array)
#2 /Users/mejievski/Desktop/Projects/Formely/backend/vendor/laravel/framework/src/Illuminate/Database/Connectors/PostgresConnector.php(35): Illuminate\\Database\\Connectors\\Connector->createConnection('pgsql:host=127....', Array, Array)
#3 /Users/mejievski/Desktop/Projects/Formely/backend/vendor/laravel/framework/src/Illuminate/Database/Connectors/ConnectionFactory.php(184): Illuminate\\Database\\Connectors\\PostgresConnector->connect(Array)
#4 [internal function]: Illuminate\\Database\\Connectors\\ConnectionFactory->{closure:Illuminate\\Database\\Connectors\\ConnectionFactory::createPdoResolverWithHosts():179}()
#5 /Users/mejievski/Desktop/Projects/Formely/backend/vendor/laravel/framework/src/Illuminate/Database/Connection.php(1234): call_user_func(Object(Closure))
#6 /Users/mejievski/Desktop/Projects/Formely/backend/vendor/laravel/framework/src/Illuminate/Database/Connection.php(1270): Illuminate\\Database\\Connection->getPdo()
#7 /Users/mejievski/Desktop/Projects/Formely/backend/vendor/laravel/framework/src/Illuminate/Database/Connection.php(511): Illuminate\\Database\\Connection->getReadPdo()
#8 /Users/mejievski/Desktop/Projects/Formely/backend/vendor/laravel/framework/src/Illuminate/Database/Connection.php(406): Illuminate\\Database\\Connection->getPdoForSelect(true)
#9 /Users/mejievski/Desktop/Projects/Formely/backend/vendor/laravel/framework/src/Illuminate/Database/Connection.php(811): Illuminate\\Database\\Connection->{closure:Illuminate\\Database\\Connection::select():397}('select exists (...', Array)
#10 /Users/mejievski/Desktop/Projects/Formely/backend/vendor/laravel/framework/src/Illuminate/Database/Connection.php(778): Illuminate\\Database\\Connection->runQueryCallback('select exists (...', Array, Object(Closure))
#11 /Users/mejievski/Desktop/Projects/Formely/backend/vendor/laravel/framework/src/Illuminate/Database/Connection.php(397): Illuminate\\Database\\Connection->run('select exists (...', Array, Object(Closure))
#12 /Users/mejievski/Desktop/Projects/Formely/backend/vendor/laravel/framework/src/Illuminate/Database/Connection.php(343): Illuminate\\Database\\Connection->select('select exists (...', Array, true)
#13 /Users/mejievski/Desktop/Projects/Formely/backend/vendor/laravel/framework/src/Illuminate/Database/Connection.php(360): Illuminate\\Database\\Connection->selectOne('select exists (...', Array, true)
#14 /Users/mejievski/Desktop/Projects/Formely/backend/vendor/laravel/framework/src/Illuminate/Database/Schema/Builder.php(174): Illuminate\\Database\\Connection->scalar('select exists (...')
#15 /Users/mejievski/Desktop/Projects/Formely/backend/vendor/laravel/framework/src/Illuminate/Database/Migrations/DatabaseMigrationRepository.php(185): Illuminate\\Database\\Schema\\Builder->hasTable('migrations')
#16 /Users/mejievski/Desktop/Projects/Formely/backend/vendor/laravel/framework/src/Illuminate/Database/Migrations/Migrator.php(753): Illuminate\\Database\\Migrations\\DatabaseMigrationRepository->repositoryExists()
#17 /Users/mejievski/Desktop/Projects/Formely/backend/vendor/laravel/framework/src/Illuminate/Database/Console/Migrations/MigrateCommand.php(164): Illuminate\\Database\\Migrations\\Migrator->repositoryExists()
#18 /Users/mejievski/Desktop/Projects/Formely/backend/vendor/laravel/framework/src/Illuminate/Support/helpers.php(329): Illuminate\\Database\\Console\\Migrations\\MigrateCommand->{closure:Illuminate\\Database\\Console\\Migrations\\MigrateCommand::repositoryExists():164}(1)
#19 /Users/mejievski/Desktop/Projects/Formely/backend/vendor/laravel/framework/src/Illuminate/Database/Console/Migrations/MigrateCommand.php(164): retry(1, Object(Closure), 0, Object(Closure))
#20 /Users/mejievski/Desktop/Projects/Formely/backend/vendor/laravel/framework/src/Illuminate/Database/Console/Migrations/MigrateCommand.php(140): Illuminate\\Database\\Console\\Migrations\\MigrateCommand->repositoryExists()
#21 /Users/mejievski/Desktop/Projects/Formely/backend/vendor/laravel/framework/src/Illuminate/Database/Console/Migrations/MigrateCommand.php(110): Illuminate\\Database\\Console\\Migrations\\MigrateCommand->prepareDatabase()
#22 /Users/mejievski/Desktop/Projects/Formely/backend/vendor/laravel/framework/src/Illuminate/Database/Migrations/Migrator.php(666): Illuminate\\Database\\Console\\Migrations\\MigrateCommand->{closure:Illuminate\\Database\\Console\\Migrations\\MigrateCommand::runMigrations():109}()
#23 /Users/mejievski/Desktop/Projects/Formely/backend/vendor/laravel/framework/src/Illuminate/Database/Console/Migrations/MigrateCommand.php(109): Illuminate\\Database\\Migrations\\Migrator->usingConnection(NULL, Object(Closure))
#24 /Users/mejievski/Desktop/Projects/Formely/backend/vendor/laravel/framework/src/Illuminate/Database/Console/Migrations/MigrateCommand.php(88): Illuminate\\Database\\Console\\Migrations\\MigrateCommand->runMigrations()
#25 /Users/mejievski/Desktop/Projects/Formely/backend/vendor/laravel/framework/src/Illuminate/Container/BoundMethod.php(36): Illuminate\\Database\\Console\\Migrations\\MigrateCommand->handle()
#26 /Users/mejievski/Desktop/Projects/Formely/backend/vendor/laravel/framework/src/Illuminate/Container/Util.php(43): Illuminate\\Container\\BoundMethod::{closure:Illuminate\\Container\\BoundMethod::call():35}()
#27 /Users/mejievski/Desktop/Projects/Formely/backend/vendor/laravel/framework/src/Illuminate/Container/BoundMethod.php(96): Illuminate\\Container\\Util::unwrapIfClosure(Object(Closure))
#28 /Users/mejievski/Desktop/Projects/Formely/backend/vendor/laravel/framework/src/Illuminate/Container/BoundMethod.php(35): Illuminate\\Container\\BoundMethod::callBoundMethod(Object(Illuminate\\Foundation\\Application), Array, Object(Closure))
#29 /Users/mejievski/Desktop/Projects/Formely/backend/vendor/laravel/framework/src/Illuminate/Container/Container.php(836): Illuminate\\Container\\BoundMethod::call(Object(Illuminate\\Foundation\\Application), Array, Array, NULL)
#30 /Users/mejievski/Desktop/Projects/Formely/backend/vendor/laravel/framework/src/Illuminate/Console/Command.php(211): Illuminate\\Container\\Container->call(Array)
#31 /Users/mejievski/Desktop/Projects/Formely/backend/vendor/symfony/console/Command/Command.php(318): Illuminate\\Console\\Command->execute(Object(Symfony\\Component\\Console\\Input\\ArgvInput), Object(Illuminate\\Console\\OutputStyle))
#32 /Users/mejievski/Desktop/Projects/Formely/backend/vendor/laravel/framework/src/Illuminate/Console/Command.php(180): Symfony\\Component\\Console\\Command\\Command->run(Object(Symfony\\Component\\Console\\Input\\ArgvInput), Object(Illuminate\\Console\\OutputStyle))
#33 /Users/mejievski/Desktop/Projects/Formely/backend/vendor/symfony/console/Application.php(1073): Illuminate\\Console\\Command->run(Object(Symfony\\Component\\Console\\Input\\ArgvInput), Object(Symfony\\Component\\Console\\Output\\ConsoleOutput))
#34 /Users/mejievski/Desktop/Projects/Formely/backend/vendor/symfony/console/Application.php(356): Symfony\\Component\\Console\\Application->doRunCommand(Object(Illuminate\\Database\\Console\\Migrations\\MigrateCommand), Object(Symfony\\Component\\Console\\Input\\ArgvInput), Object(Symfony\\Component\\Console\\Output\\ConsoleOutput))
#35 /Users/mejievski/Desktop/Projects/Formely/backend/vendor/symfony/console/Application.php(195): Symfony\\Component\\Console\\Application->doRun(Object(Symfony\\Component\\Console\\Input\\ArgvInput), Object(Symfony\\Component\\Console\\Output\\ConsoleOutput))
#36 /Users/mejievski/Desktop/Projects/Formely/backend/vendor/laravel/framework/src/Illuminate/Foundation/Console/Kernel.php(197): Symfony\\Component\\Console\\Application->run(Object(Symfony\\Component\\Console\\Input\\ArgvInput), Object(Symfony\\Component\\Console\\Output\\ConsoleOutput))
#37 /Users/mejievski/Desktop/Projects/Formely/backend/vendor/laravel/framework/src/Illuminate/Foundation/Application.php(1235): Illuminate\\Foundation\\Console\\Kernel->handle(Object(Symfony\\Component\\Console\\Input\\ArgvInput), Object(Symfony\\Component\\Console\\Output\\ConsoleOutput))
#38 /Users/mejievski/Desktop/Projects/Formely/backend/artisan(16): Illuminate\\Foundation\\Application->handleCommand(Object(Symfony\\Component\\Console\\Input\\ArgvInput))
#39 {main}
"} 
[2026-05-27 09:28:56] local.ERROR: SQLSTATE[08006] [7] connection to server at "127.0.0.1", port 5432 failed: FATAL:  role "formely_user" does not exist (Connection: pgsql, SQL: select exists (select 1 from pg_class c, pg_namespace n where n.nspname = current_schema() and c.relname = 'migrations' and c.relkind in ('r', 'p') and n.oid = c.relnamespace)) {"exception":"[object] (Illuminate\\Database\\QueryException(code: 7): SQLSTATE[08006] [7] connection to server at \"127.0.0.1\", port 5432 failed: FATAL:  role \"formely_user\" does not exist (Connection: pgsql, SQL: select exists (select 1 from pg_class c, pg_namespace n where n.nspname = current_schema() and c.relname = 'migrations' and c.relkind in ('r', 'p') and n.oid = c.relnamespace)) at /Users/mejievski/Desktop/Projects/Formely/backend/vendor/laravel/framework/src/Illuminate/Database/Connection.php:824)
[stacktrace]
#0 /Users/mejievski/Desktop/Projects/Formely/backend/vendor/laravel/framework/src/Illuminate/Database/Connection.php(778): Illuminate\\Database\\Connection->runQueryCallback('select exists (...', Array, Object(Closure))
#1 /Users/mejievski/Desktop/Projects/Formely/backend/vendor/laravel/framework/src/Illuminate/Database/Connection.php(397): Illuminate\\Database\\Connection->run('select exists (...', Array, Object(Closure))
#2 /Users/mejievski/Desktop/Projects/Formely/backend/vendor/laravel/framework/src/Illuminate/Database/Connection.php(343): Illuminate\\Database\\Connection->select('select exists (...', Array, true)
#3 /Users/mejievski/Desktop/Projects/Formely/backend/vendor/laravel/framework/src/Illuminate/Database/Connection.php(360): Illuminate\\Database\\Connection->selectOne('select exists (...', Array, true)
#4 /Users/mejievski/Desktop/Projects/Formely/backend/vendor/laravel/framework/src/Illuminate/Database/Schema/Builder.php(174): Illuminate\\Database\\Connection->scalar('select exists (...')
#5 /Users/mejievski/Desktop/Projects/Formely/backend/vendor/laravel/framework/src/Illuminate/Database/Migrations/DatabaseMigrationRepository.php(185): Illuminate\\Database\\Schema\\Builder->hasTable('migrations')
#6 /Users/mejievski/Desktop/Projects/Formely/backend/vendor/laravel/framework/src/Illuminate/Database/Migrations/Migrator.php(753): Illuminate\\Database\\Migrations\\DatabaseMigrationRepository->repositoryExists()
#7 /Users/mejievski/Desktop/Projects/Formely/backend/vendor/laravel/framework/src/Illuminate/Database/Console/Migrations/MigrateCommand.php(164): Illuminate\\Database\\Migrations\\Migrator->repositoryExists()
#8 /Users/mejievski/Desktop/Projects/Formely/backend/vendor/laravel/framework/src/Illuminate/Support/helpers.php(329): Illuminate\\Database\\Console\\Migrations\\MigrateCommand->{closure:Illuminate\\Database\\Console\\Migrations\\MigrateCommand::repositoryExists():164}(1)
#9 /Users/mejievski/Desktop/Projects/Formely/backend/vendor/laravel/framework/src/Illuminate/Database/Console/Migrations/MigrateCommand.php(164): retry(1, Object(Closure), 0, Object(Closure))
#10 /Users/mejievski/Desktop/Projects/Formely/backend/vendor/laravel/framework/src/Illuminate/Database/Console/Migrations/MigrateCommand.php(140): Illuminate\\Database\\Console\\Migrations\\MigrateCommand->repositoryExists()
#11 /Users/mejievski/Desktop/Projects/Formely/backend/vendor/laravel/framework/src/Illuminate/Database/Console/Migrations/MigrateCommand.php(110): Illuminate\\Database\\Console\\Migrations\\MigrateCommand->prepareDatabase()
#12 /Users/mejievski/Desktop/Projects/Formely/backend/vendor/laravel/framework/src/Illuminate/Database/Migrations/Migrator.php(666): Illuminate\\Database\\Console\\Migrations\\MigrateCommand->{closure:Illuminate\\Database\\Console\\Migrations\\MigrateCommand::runMigrations():109}()
#13 /Users/mejievski/Desktop/Projects/Formely/backend/vendor/laravel/framework/src/Illuminate/Database/Console/Migrations/MigrateCommand.php(109): Illuminate\\Database\\Migrations\\Migrator->usingConnection(NULL, Object(Closure))
#14 /Users/mejievski/Desktop/Projects/Formely/backend/vendor/laravel/framework/src/Illuminate/Database/Console/Migrations/MigrateCommand.php(88): Illuminate\\Database\\Console\\Migrations\\MigrateCommand->runMigrations()
#15 /Users/mejievski/Desktop/Projects/Formely/backend/vendor/laravel/framework/src/Illuminate/Container/BoundMethod.php(36): Illuminate\\Database\\Console\\Migrations\\MigrateCommand->handle()
#16 /Users/mejievski/Desktop/Projects/Formely/backend/vendor/laravel/framework/src/Illuminate/Container/Util.php(43): Illuminate\\Container\\BoundMethod::{closure:Illuminate\\Container\\BoundMethod::call():35}()
#17 /Users/mejievski/Desktop/Projects/Formely/backend/vendor/laravel/framework/src/Illuminate/Container/BoundMethod.php(96): Illuminate\\Container\\Util::unwrapIfClosure(Object(Closure))
#18 /Users/mejievski/Desktop/Projects/Formely/backend/vendor/laravel/framework/src/Illuminate/Container/BoundMethod.php(35): Illuminate\\Container\\BoundMethod::callBoundMethod(Object(Illuminate\\Foundation\\Application), Array, Object(Closure))
#19 /Users/mejievski/Desktop/Projects/Formely/backend/vendor/laravel/framework/src/Illuminate/Container/Container.php(836): Illuminate\\Container\\BoundMethod::call(Object(Illuminate\\Foundation\\Application), Array, Array, NULL)
#20 /Users/mejievski/Desktop/Projects/Formely/backend/vendor/laravel/framework/src/Illuminate/Console/Command.php(211): Illuminate\\Container\\Container->call(Array)
#21 /Users/mejievski/Desktop/Projects/Formely/backend/vendor/symfony/console/Command/Command.php(318): Illuminate\\Console\\Command->execute(Object(Symfony\\Component\\Console\\Input\\ArgvInput), Object(Illuminate\\Console\\OutputStyle))
#22 /Users/mejievski/Desktop/Projects/Formely/backend/vendor/laravel/framework/src/Illuminate/Console/Command.php(180): Symfony\\Component\\Console\\Command\\Command->run(Object(Symfony\\Component\\Console\\Input\\ArgvInput), Object(Illuminate\\Console\\OutputStyle))
#23 /Users/mejievski/Desktop/Projects/Formely/backend/vendor/symfony/console/Application.php(1073): Illuminate\\Console\\Command->run(Object(Symfony\\Component\\Console\\Input\\ArgvInput), Object(Symfony\\Component\\Console\\Output\\ConsoleOutput))
#24 /Users/mejievski/Desktop/Projects/Formely/backend/vendor/symfony/console/Application.php(356): Symfony\\Component\\Console\\Application->doRunCommand(Object(Illuminate\\Database\\Console\\Migrations\\MigrateCommand), Object(Symfony\\Component\\Console\\Input\\ArgvInput), Object(Symfony\\Component\\Console\\Output\\ConsoleOutput))
#25 /Users/mejievski/Desktop/Projects/Formely/backend/vendor/symfony/console/Application.php(195): Symfony\\Component\\Console\\Application->doRun(Object(Symfony\\Component\\Console\\Input\\ArgvInput), Object(Symfony\\Component\\Console\\Output\\ConsoleOutput))
#26 /Users/mejievski/Desktop/Projects/Formely/backend/vendor/laravel/framework/src/Illuminate/Foundation/Console/Kernel.php(197): Symfony\\Component\\Console\\Application->run(Object(Symfony\\Component\\Console\\Input\\ArgvInput), Object(Symfony\\Component\\Console\\Output\\ConsoleOutput))
#27 /Users/mejievski/Desktop/Projects/Formely/backend/vendor/laravel/framework/src/Illuminate/Foundation/Application.php(1235): Illuminate\\Foundation\\Console\\Kernel->handle(Object(Symfony\\Component\\Console\\Input\\ArgvInput), Object(Symfony\\Component\\Console\\Output\\ConsoleOutput))
#28 /Users/mejievski/Desktop/Projects/Formely/backend/artisan(16): Illuminate\\Foundation\\Application->handleCommand(Object(Symfony\\Component\\Console\\Input\\ArgvInput))
#29 {main}

[previous exception] [object] (PDOException(code: 7): SQLSTATE[08006] [7] connection to server at \"127.0.0.1\", port 5432 failed: FATAL:  role \"formely_user\" does not exist at /Users/mejievski/Desktop/Projects/Formely/backend/vendor/laravel/framework/src/Illuminate/Database/Connectors/Connector.php:67)
[stacktrace]
#0 /Users/mejievski/Desktop/Projects/Formely/backend/vendor/laravel/framework/src/Illuminate/Database/Connectors/Connector.php(67): PDO::connect('pgsql:host=127....', 'formely_user', Object(SensitiveParameterValue), Array)
#1 /Users/mejievski/Desktop/Projects/Formely/backend/vendor/laravel/framework/src/Illuminate/Database/Connectors/Connector.php(44): Illuminate\\Database\\Connectors\\Connector->createPdoConnection('pgsql:host=127....', 'formely_user', Object(SensitiveParameterValue), Array)
#2 /Users/mejievski/Desktop/Projects/Formely/backend/vendor/laravel/framework/src/Illuminate/Database/Connectors/PostgresConnector.php(35): Illuminate\\Database\\Connectors\\Connector->createConnection('pgsql:host=127....', Array, Array)
#3 /Users/mejievski/Desktop/Projects/Formely/backend/vendor/laravel/framework/src/Illuminate/Database/Connectors/ConnectionFactory.php(184): Illuminate\\Database\\Connectors\\PostgresConnector->connect(Array)
#4 [internal function]: Illuminate\\Database\\Connectors\\ConnectionFactory->{closure:Illuminate\\Database\\Connectors\\ConnectionFactory::createPdoResolverWithHosts():179}()
#5 /Users/mejievski/Desktop/Projects/Formely/backend/vendor/laravel/framework/src/Illuminate/Database/Connection.php(1234): call_user_func(Object(Closure))
#6 /Users/mejievski/Desktop/Projects/Formely/backend/vendor/laravel/framework/src/Illuminate/Database/Connection.php(1270): Illuminate\\Database\\Connection->getPdo()
#7 /Users/mejievski/Desktop/Projects/Formely/backend/vendor/laravel/framework/src/Illuminate/Database/Connection.php(511): Illuminate\\Database\\Connection->getReadPdo()
#8 /Users/mejievski/Desktop/Projects/Formely/backend/vendor/laravel/framework/src/Illuminate/Database/Connection.php(406): Illuminate\\Database\\Connection->getPdoForSelect(true)
#9 /Users/mejievski/Desktop/Projects/Formely/backend/vendor/laravel/framework/src/Illuminate/Database/Connection.php(811): Illuminate\\Database\\Connection->{closure:Illuminate\\Database\\Connection::select():397}('select exists (...', Array)
#10 /Users/mejievski/Desktop/Projects/Formely/backend/vendor/laravel/framework/src/Illuminate/Database/Connection.php(778): Illuminate\\Database\\Connection->runQueryCallback('select exists (...', Array, Object(Closure))
#11 /Users/mejievski/Desktop/Projects/Formely/backend/vendor/laravel/framework/src/Illuminate/Database/Connection.php(397): Illuminate\\Database\\Connection->run('select exists (...', Array, Object(Closure))
#12 /Users/mejievski/Desktop/Projects/Formely/backend/vendor/laravel/framework/src/Illuminate/Database/Connection.php(343): Illuminate\\Database\\Connection->select('select exists (...', Array, true)
#13 /Users/mejievski/Desktop/Projects/Formely/backend/vendor/laravel/framework/src/Illuminate/Database/Connection.php(360): Illuminate\\Database\\Connection->selectOne('select exists (...', Array, true)
#14 /Users/mejievski/Desktop/Projects/Formely/backend/vendor/laravel/framework/src/Illuminate/Database/Schema/Builder.php(174): Illuminate\\Database\\Connection->scalar('select exists (...')
#15 /Users/mejievski/Desktop/Projects/Formely/backend/vendor/laravel/framework/src/Illuminate/Database/Migrations/DatabaseMigrationRepository.php(185): Illuminate\\Database\\Schema\\Builder->hasTable('migrations')
#16 /Users/mejievski/Desktop/Projects/Formely/backend/vendor/laravel/framework/src/Illuminate/Database/Migrations/Migrator.php(753): Illuminate\\Database\\Migrations\\DatabaseMigrationRepository->repositoryExists()
#17 /Users/mejievski/Desktop/Projects/Formely/backend/vendor/laravel/framework/src/Illuminate/Database/Console/Migrations/MigrateCommand.php(164): Illuminate\\Database\\Migrations\\Migrator->repositoryExists()
#18 /Users/mejievski/Desktop/Projects/Formely/backend/vendor/laravel/framework/src/Illuminate/Support/helpers.php(329): Illuminate\\Database\\Console\\Migrations\\MigrateCommand->{closure:Illuminate\\Database\\Console\\Migrations\\MigrateCommand::repositoryExists():164}(1)
#19 /Users/mejievski/Desktop/Projects/Formely/backend/vendor/laravel/framework/src/Illuminate/Database/Console/Migrations/MigrateCommand.php(164): retry(1, Object(Closure), 0, Object(Closure))
#20 /Users/mejievski/Desktop/Projects/Formely/backend/vendor/laravel/framework/src/Illuminate/Database/Console/Migrations/MigrateCommand.php(140): Illuminate\\Database\\Console\\Migrations\\MigrateCommand->repositoryExists()
#21 /Users/mejievski/Desktop/Projects/Formely/backend/vendor/laravel/framework/src/Illuminate/Database/Console/Migrations/MigrateCommand.php(110): Illuminate\\Database\\Console\\Migrations\\MigrateCommand->prepareDatabase()
#22 /Users/mejievski/Desktop/Projects/Formely/backend/vendor/laravel/framework/src/Illuminate/Database/Migrations/Migrator.php(666): Illuminate\\Database\\Console\\Migrations\\MigrateCommand->{closure:Illuminate\\Database\\Console\\Migrations\\MigrateCommand::runMigrations():109}()
#23 /Users/mejievski/Desktop/Projects/Formely/backend/vendor/laravel/framework/src/Illuminate/Database/Console/Migrations/MigrateCommand.php(109): Illuminate\\Database\\Migrations\\Migrator->usingConnection(NULL, Object(Closure))
#24 /Users/mejievski/Desktop/Projects/Formely/backend/vendor/laravel/framework/src/Illuminate/Database/Console/Migrations/MigrateCommand.php(88): Illuminate\\Database\\Console\\Migrations\\MigrateCommand->runMigrations()
#25 /Users/mejievski/Desktop/Projects/Formely/backend/vendor/laravel/framework/src/Illuminate/Container/BoundMethod.php(36): Illuminate\\Database\\Console\\Migrations\\MigrateCommand->handle()
#26 /Users/mejievski/Desktop/Projects/Formely/backend/vendor/laravel/framework/src/Illuminate/Container/Util.php(43): Illuminate\\Container\\BoundMethod::{closure:Illuminate\\Container\\BoundMethod::call():35}()
#27 /Users/mejievski/Desktop/Projects/Formely/backend/vendor/laravel/framework/src/Illuminate/Container/BoundMethod.php(96): Illuminate\\Container\\Util::unwrapIfClosure(Object(Closure))
#28 /Users/mejievski/Desktop/Projects/Formely/backend/vendor/laravel/framework/src/Illuminate/Container/BoundMethod.php(35): Illuminate\\Container\\BoundMethod::callBoundMethod(Object(Illuminate\\Foundation\\Application), Array, Object(Closure))
#29 /Users/mejievski/Desktop/Projects/Formely/backend/vendor/laravel/framework/src/Illuminate/Container/Container.php(836): Illuminate\\Container\\BoundMethod::call(Object(Illuminate\\Foundation\\Application), Array, Array, NULL)
#30 /Users/mejievski/Desktop/Projects/Formely/backend/vendor/laravel/framework/src/Illuminate/Console/Command.php(211): Illuminate\\Container\\Container->call(Array)
#31 /Users/mejievski/Desktop/Projects/Formely/backend/vendor/symfony/console/Command/Command.php(318): Illuminate\\Console\\Command->execute(Object(Symfony\\Component\\Console\\Input\\ArgvInput), Object(Illuminate\\Console\\OutputStyle))
#32 /Users/mejievski/Desktop/Projects/Formely/backend/vendor/laravel/framework/src/Illuminate/Console/Command.php(180): Symfony\\Component\\Console\\Command\\Command->run(Object(Symfony\\Component\\Console\\Input\\ArgvInput), Object(Illuminate\\Console\\OutputStyle))
#33 /Users/mejievski/Desktop/Projects/Formely/backend/vendor/symfony/console/Application.php(1073): Illuminate\\Console\\Command->run(Object(Symfony\\Component\\Console\\Input\\ArgvInput), Object(Symfony\\Component\\Console\\Output\\ConsoleOutput))
#34 /Users/mejievski/Desktop/Projects/Formely/backend/vendor/symfony/console/Application.php(356): Symfony\\Component\\Console\\Application->doRunCommand(Object(Illuminate\\Database\\Console\\Migrations\\MigrateCommand), Object(Symfony\\Component\\Console\\Input\\ArgvInput), Object(Symfony\\Component\\Console\\Output\\ConsoleOutput))
#35 /Users/mejievski/Desktop/Projects/Formely/backend/vendor/symfony/console/Application.php(195): Symfony\\Component\\Console\\Application->doRun(Object(Symfony\\Component\\Console\\Input\\ArgvInput), Object(Symfony\\Component\\Console\\Output\\ConsoleOutput))
#36 /Users/mejievski/Desktop/Projects/Formely/backend/vendor/laravel/framework/src/Illuminate/Foundation/Console/Kernel.php(197): Symfony\\Component\\Console\\Application->run(Object(Symfony\\Component\\Console\\Input\\ArgvInput), Object(Symfony\\Component\\Console\\Output\\ConsoleOutput))
#37 /Users/mejievski/Desktop/Projects/Formely/backend/vendor/laravel/framework/src/Illuminate/Foundation/Application.php(1235): Illuminate\\Foundation\\Console\\Kernel->handle(Object(Symfony\\Component\\Console\\Input\\ArgvInput), Object(Symfony\\Component\\Console\\Output\\ConsoleOutput))
#38 /Users/mejievski/Desktop/Projects/Formely/backend/artisan(16): Illuminate\\Foundation\\Application->handleCommand(Object(Symfony\\Component\\Console\\Input\\ArgvInput))
#39 {main}
"} 
[2026-05-27 10:00:15] local.ERROR: SQLSTATE[08006] [7] connection to server at "127.0.0.1", port 5432 failed: FATAL:  database "formely" does not exist (Connection: pgsql, SQL: select exists (select 1 from pg_class c, pg_namespace n where n.nspname = current_schema() and c.relname = 'migrations' and c.relkind in ('r', 'p') and n.oid = c.relnamespace)) {"exception":"[object] (Illuminate\\Database\\QueryException(code: 7): SQLSTATE[08006] [7] connection to server at \"127.0.0.1\", port 5432 failed: FATAL:  database \"formely\" does not exist (Connection: pgsql, SQL: select exists (select 1 from pg_class c, pg_namespace n where n.nspname = current_schema() and c.relname = 'migrations' and c.relkind in ('r', 'p') and n.oid = c.relnamespace)) at /Users/mejievski/Desktop/Projects/Formely/backend/vendor/laravel/framework/src/Illuminate/Database/Connection.php:824)
[stacktrace]
#0 /Users/mejievski/Desktop/Projects/Formely/backend/vendor/laravel/framework/src/Illuminate/Database/Connection.php(778): Illuminate\\Database\\Connection->runQueryCallback('select exists (...', Array, Object(Closure))
#1 /Users/mejievski/Desktop/Projects/Formely/backend/vendor/laravel/framework/src/Illuminate/Database/Connection.php(397): Illuminate\\Database\\Connection->run('select exists (...', Array, Object(Closure))
#2 /Users/mejievski/Desktop/Projects/Formely/backend/vendor/laravel/framework/src/Illuminate/Database/Connection.php(343): Illuminate\\Database\\Connection->select('select exists (...', Array, true)
#3 /Users/mejievski/Desktop/Projects/Formely/backend/vendor/laravel/framework/src/Illuminate/Database/Connection.php(360): Illuminate\\Database\\Connection->selectOne('select exists (...', Array, true)
#4 /Users/mejievski/Desktop/Projects/Formely/backend/vendor/laravel/framework/src/Illuminate/Database/Schema/Builder.php(174): Illuminate\\Database\\Connection->scalar('select exists (...')
#5 /Users/mejievski/Desktop/Projects/Formely/backend/vendor/laravel/framework/src/Illuminate/Database/Migrations/DatabaseMigrationRepository.php(185): Illuminate\\Database\\Schema\\Builder->hasTable('migrations')
#6 /Users/mejievski/Desktop/Projects/Formely/backend/vendor/laravel/framework/src/Illuminate/Database/Migrations/Migrator.php(753): Illuminate\\Database\\Migrations\\DatabaseMigrationRepository->repositoryExists()
#7 /Users/mejievski/Desktop/Projects/Formely/backend/vendor/laravel/framework/src/Illuminate/Database/Console/Migrations/MigrateCommand.php(164): Illuminate\\Database\\Migrations\\Migrator->repositoryExists()
#8 /Users/mejievski/Desktop/Projects/Formely/backend/vendor/laravel/framework/src/Illuminate/Support/helpers.php(329): Illuminate\\Database\\Console\\Migrations\\MigrateCommand->{closure:Illuminate\\Database\\Console\\Migrations\\MigrateCommand::repositoryExists():164}(1)
#9 /Users/mejievski/Desktop/Projects/Formely/backend/vendor/laravel/framework/src/Illuminate/Database/Console/Migrations/MigrateCommand.php(164): retry(1, Object(Closure), 0, Object(Closure))
#10 /Users/mejievski/Desktop/Projects/Formely/backend/vendor/laravel/framework/src/Illuminate/Database/Console/Migrations/MigrateCommand.php(140): Illuminate\\Database\\Console\\Migrations\\MigrateCommand->repositoryExists()
#11 /Users/mejievski/Desktop/Projects/Formely/backend/vendor/laravel/framework/src/Illuminate/Database/Console/Migrations/MigrateCommand.php(110): Illuminate\\Database\\Console\\Migrations\\MigrateCommand->prepareDatabase()
#12 /Users/mejievski/Desktop/Projects/Formely/backend/vendor/laravel/framework/src/Illuminate/Database/Migrations/Migrator.php(666): Illuminate\\Database\\Console\\Migrations\\MigrateCommand->{closure:Illuminate\\Database\\Console\\Migrations\\MigrateCommand::runMigrations():109}()
#13 /Users/mejievski/Desktop/Projects/Formely/backend/vendor/laravel/framework/src/Illuminate/Database/Console/Migrations/MigrateCommand.php(109): Illuminate\\Database\\Migrations\\Migrator->usingConnection(NULL, Object(Closure))
#14 /Users/mejievski/Desktop/Projects/Formely/backend/vendor/laravel/framework/src/Illuminate/Database/Console/Migrations/MigrateCommand.php(88): Illuminate\\Database\\Console\\Migrations\\MigrateCommand->runMigrations()
#15 /Users/mejievski/Desktop/Projects/Formely/backend/vendor/laravel/framework/src/Illuminate/Container/BoundMethod.php(36): Illuminate\\Database\\Console\\Migrations\\MigrateCommand->handle()
#16 /Users/mejievski/Desktop/Projects/Formely/backend/vendor/laravel/framework/src/Illuminate/Container/Util.php(43): Illuminate\\Container\\BoundMethod::{closure:Illuminate\\Container\\BoundMethod::call():35}()
#17 /Users/mejievski/Desktop/Projects/Formely/backend/vendor/laravel/framework/src/Illuminate/Container/BoundMethod.php(96): Illuminate\\Container\\Util::unwrapIfClosure(Object(Closure))
#18 /Users/mejievski/Desktop/Projects/Formely/backend/vendor/laravel/framework/src/Illuminate/Container/BoundMethod.php(35): Illuminate\\Container\\BoundMethod::callBoundMethod(Object(Illuminate\\Foundation\\Application), Array, Object(Closure))
#19 /Users/mejievski/Desktop/Projects/Formely/backend/vendor/laravel/framework/src/Illuminate/Container/Container.php(836): Illuminate\\Container\\BoundMethod::call(Object(Illuminate\\Foundation\\Application), Array, Array, NULL)
#20 /Users/mejievski/Desktop/Projects/Formely/backend/vendor/laravel/framework/src/Illuminate/Console/Command.php(211): Illuminate\\Container\\Container->call(Array)
#21 /Users/mejievski/Desktop/Projects/Formely/backend/vendor/symfony/console/Command/Command.php(318): Illuminate\\Console\\Command->execute(Object(Symfony\\Component\\Console\\Input\\ArgvInput), Object(Illuminate\\Console\\OutputStyle))
#22 /Users/mejievski/Desktop/Projects/Formely/backend/vendor/laravel/framework/src/Illuminate/Console/Command.php(180): Symfony\\Component\\Console\\Command\\Command->run(Object(Symfony\\Component\\Console\\Input\\ArgvInput), Object(Illuminate\\Console\\OutputStyle))
#23 /Users/mejievski/Desktop/Projects/Formely/backend/vendor/symfony/console/Application.php(1073): Illuminate\\Console\\Command->run(Object(Symfony\\Component\\Console\\Input\\ArgvInput), Object(Symfony\\Component\\Console\\Output\\ConsoleOutput))
#24 /Users/mejievski/Desktop/Projects/Formely/backend/vendor/symfony/console/Application.php(356): Symfony\\Component\\Console\\Application->doRunCommand(Object(Illuminate\\Database\\Console\\Migrations\\MigrateCommand), Object(Symfony\\Component\\Console\\Input\\ArgvInput), Object(Symfony\\Component\\Console\\Output\\ConsoleOutput))
#25 /Users/mejievski/Desktop/Projects/Formely/backend/vendor/symfony/console/Application.php(195): Symfony\\Component\\Console\\Application->doRun(Object(Symfony\\Component\\Console\\Input\\ArgvInput), Object(Symfony\\Component\\Console\\Output\\ConsoleOutput))
#26 /Users/mejievski/Desktop/Projects/Formely/backend/vendor/laravel/framework/src/Illuminate/Foundation/Console/Kernel.php(197): Symfony\\Component\\Console\\Application->run(Object(Symfony\\Component\\Console\\Input\\ArgvInput), Object(Symfony\\Component\\Console\\Output\\ConsoleOutput))
#27 /Users/mejievski/Desktop/Projects/Formely/backend/vendor/laravel/framework/src/Illuminate/Foundation/Application.php(1235): Illuminate\\Foundation\\Console\\Kernel->handle(Object(Symfony\\Component\\Console\\Input\\ArgvInput), Object(Symfony\\Component\\Console\\Output\\ConsoleOutput))
#28 /Users/mejievski/Desktop/Projects/Formely/backend/artisan(16): Illuminate\\Foundation\\Application->handleCommand(Object(Symfony\\Component\\Console\\Input\\ArgvInput))
#29 {main}

[previous exception] [object] (PDOException(code: 7): SQLSTATE[08006] [7] connection to server at \"127.0.0.1\", port 5432 failed: FATAL:  database \"formely\" does not exist at /Users/mejievski/Desktop/Projects/Formely/backend/vendor/laravel/framework/src/Illuminate/Database/Connectors/Connector.php:67)
[stacktrace]
#0 /Users/mejievski/Desktop/Projects/Formely/backend/vendor/laravel/framework/src/Illuminate/Database/Connectors/Connector.php(67): PDO::connect('pgsql:host=127....', 'formely_user', Object(SensitiveParameterValue), Array)
#1 /Users/mejievski/Desktop/Projects/Formely/backend/vendor/laravel/framework/src/Illuminate/Database/Connectors/Connector.php(44): Illuminate\\Database\\Connectors\\Connector->createPdoConnection('pgsql:host=127....', 'formely_user', Object(SensitiveParameterValue), Array)
#2 /Users/mejievski/Desktop/Projects/Formely/backend/vendor/laravel/framework/src/Illuminate/Database/Connectors/PostgresConnector.php(35): Illuminate\\Database\\Connectors\\Connector->createConnection('pgsql:host=127....', Array, Array)
#3 /Users/mejievski/Desktop/Projects/Formely/backend/vendor/laravel/framework/src/Illuminate/Database/Connectors/ConnectionFactory.php(184): Illuminate\\Database\\Connectors\\PostgresConnector->connect(Array)
#4 [internal function]: Illuminate\\Database\\Connectors\\ConnectionFactory->{closure:Illuminate\\Database\\Connectors\\ConnectionFactory::createPdoResolverWithHosts():179}()
#5 /Users/mejievski/Desktop/Projects/Formely/backend/vendor/laravel/framework/src/Illuminate/Database/Connection.php(1234): call_user_func(Object(Closure))
#6 /Users/mejievski/Desktop/Projects/Formely/backend/vendor/laravel/framework/src/Illuminate/Database/Connection.php(1270): Illuminate\\Database\\Connection->getPdo()
#7 /Users/mejievski/Desktop/Projects/Formely/backend/vendor/laravel/framework/src/Illuminate/Database/Connection.php(511): Illuminate\\Database\\Connection->getReadPdo()
#8 /Users/mejievski/Desktop/Projects/Formely/backend/vendor/laravel/framework/src/Illuminate/Database/Connection.php(406): Illuminate\\Database\\Connection->getPdoForSelect(true)
#9 /Users/mejievski/Desktop/Projects/Formely/backend/vendor/laravel/framework/src/Illuminate/Database/Connection.php(811): Illuminate\\Database\\Connection->{closure:Illuminate\\Database\\Connection::select():397}('select exists (...', Array)
#10 /Users/mejievski/Desktop/Projects/Formely/backend/vendor/laravel/framework/src/Illuminate/Database/Connection.php(778): Illuminate\\Database\\Connection->runQueryCallback('select exists (...', Array, Object(Closure))
#11 /Users/mejievski/Desktop/Projects/Formely/backend/vendor/laravel/framework/src/Illuminate/Database/Connection.php(397): Illuminate\\Database\\Connection->run('select exists (...', Array, Object(Closure))
#12 /Users/mejievski/Desktop/Projects/Formely/backend/vendor/laravel/framework/src/Illuminate/Database/Connection.php(343): Illuminate\\Database\\Connection->select('select exists (...', Array, true)
#13 /Users/mejievski/Desktop/Projects/Formely/backend/vendor/laravel/framework/src/Illuminate/Database/Connection.php(360): Illuminate\\Database\\Connection->selectOne('select exists (...', Array, true)
#14 /Users/mejievski/Desktop/Projects/Formely/backend/vendor/laravel/framework/src/Illuminate/Database/Schema/Builder.php(174): Illuminate\\Database\\Connection->scalar('select exists (...')
#15 /Users/mejievski/Desktop/Projects/Formely/backend/vendor/laravel/framework/src/Illuminate/Database/Migrations/DatabaseMigrationRepository.php(185): Illuminate\\Database\\Schema\\Builder->hasTable('migrations')
#16 /Users/mejievski/Desktop/Projects/Formely/backend/vendor/laravel/framework/src/Illuminate/Database/Migrations/Migrator.php(753): Illuminate\\Database\\Migrations\\DatabaseMigrationRepository->repositoryExists()
#17 /Users/mejievski/Desktop/Projects/Formely/backend/vendor/laravel/framework/src/Illuminate/Database/Console/Migrations/MigrateCommand.php(164): Illuminate\\Database\\Migrations\\Migrator->repositoryExists()
#18 /Users/mejievski/Desktop/Projects/Formely/backend/vendor/laravel/framework/src/Illuminate/Support/helpers.php(329): Illuminate\\Database\\Console\\Migrations\\MigrateCommand->{closure:Illuminate\\Database\\Console\\Migrations\\MigrateCommand::repositoryExists():164}(1)
#19 /Users/mejievski/Desktop/Projects/Formely/backend/vendor/laravel/framework/src/Illuminate/Database/Console/Migrations/MigrateCommand.php(164): retry(1, Object(Closure), 0, Object(Closure))
#20 /Users/mejievski/Desktop/Projects/Formely/backend/vendor/laravel/framework/src/Illuminate/Database/Console/Migrations/MigrateCommand.php(140): Illuminate\\Database\\Console\\Migrations\\MigrateCommand->repositoryExists()
#21 /Users/mejievski/Desktop/Projects/Formely/backend/vendor/laravel/framework/src/Illuminate/Database/Console/Migrations/MigrateCommand.php(110): Illuminate\\Database\\Console\\Migrations\\MigrateCommand->prepareDatabase()
#22 /Users/mejievski/Desktop/Projects/Formely/backend/vendor/laravel/framework/src/Illuminate/Database/Migrations/Migrator.php(666): Illuminate\\Database\\Console\\Migrations\\MigrateCommand->{closure:Illuminate\\Database\\Console\\Migrations\\MigrateCommand::runMigrations():109}()
#23 /Users/mejievski/Desktop/Projects/Formely/backend/vendor/laravel/framework/src/Illuminate/Database/Console/Migrations/MigrateCommand.php(109): Illuminate\\Database\\Migrations\\Migrator->usingConnection(NULL, Object(Closure))
#24 /Users/mejievski/Desktop/Projects/Formely/backend/vendor/laravel/framework/src/Illuminate/Database/Console/Migrations/MigrateCommand.php(88): Illuminate\\Database\\Console\\Migrations\\MigrateCommand->runMigrations()
#25 /Users/mejievski/Desktop/Projects/Formely/backend/vendor/laravel/framework/src/Illuminate/Container/BoundMethod.php(36): Illuminate\\Database\\Console\\Migrations\\MigrateCommand->handle()
#26 /Users/mejievski/Desktop/Projects/Formely/backend/vendor/laravel/framework/src/Illuminate/Container/Util.php(43): Illuminate\\Container\\BoundMethod::{closure:Illuminate\\Container\\BoundMethod::call():35}()
#27 /Users/mejievski/Desktop/Projects/Formely/backend/vendor/laravel/framework/src/Illuminate/Container/BoundMethod.php(96): Illuminate\\Container\\Util::unwrapIfClosure(Object(Closure))
#28 /Users/mejievski/Desktop/Projects/Formely/backend/vendor/laravel/framework/src/Illuminate/Container/BoundMethod.php(35): Illuminate\\Container\\BoundMethod::callBoundMethod(Object(Illuminate\\Foundation\\Application), Array, Object(Closure))
#29 /Users/mejievski/Desktop/Projects/Formely/backend/vendor/laravel/framework/src/Illuminate/Container/Container.php(836): Illuminate\\Container\\BoundMethod::call(Object(Illuminate\\Foundation\\Application), Array, Array, NULL)
#30 /Users/mejievski/Desktop/Projects/Formely/backend/vendor/laravel/framework/src/Illuminate/Console/Command.php(211): Illuminate\\Container\\Container->call(Array)
#31 /Users/mejievski/Desktop/Projects/Formely/backend/vendor/symfony/console/Command/Command.php(318): Illuminate\\Console\\Command->execute(Object(Symfony\\Component\\Console\\Input\\ArgvInput), Object(Illuminate\\Console\\OutputStyle))
#32 /Users/mejievski/Desktop/Projects/Formely/backend/vendor/laravel/framework/src/Illuminate/Console/Command.php(180): Symfony\\Component\\Console\\Command\\Command->run(Object(Symfony\\Component\\Console\\Input\\ArgvInput), Object(Illuminate\\Console\\OutputStyle))
#33 /Users/mejievski/Desktop/Projects/Formely/backend/vendor/symfony/console/Application.php(1073): Illuminate\\Console\\Command->run(Object(Symfony\\Component\\Console\\Input\\ArgvInput), Object(Symfony\\Component\\Console\\Output\\ConsoleOutput))
#34 /Users/mejievski/Desktop/Projects/Formely/backend/vendor/symfony/console/Application.php(356): Symfony\\Component\\Console\\Application->doRunCommand(Object(Illuminate\\Database\\Console\\Migrations\\MigrateCommand), Object(Symfony\\Component\\Console\\Input\\ArgvInput), Object(Symfony\\Component\\Console\\Output\\ConsoleOutput))
#35 /Users/mejievski/Desktop/Projects/Formely/backend/vendor/symfony/console/Application.php(195): Symfony\\Component\\Console\\Application->doRun(Object(Symfony\\Component\\Console\\Input\\ArgvInput), Object(Symfony\\Component\\Console\\Output\\ConsoleOutput))
#36 /Users/mejievski/Desktop/Projects/Formely/backend/vendor/laravel/framework/src/Illuminate/Foundation/Console/Kernel.php(197): Symfony\\Component\\Console\\Application->run(Object(Symfony\\Component\\Console\\Input\\ArgvInput), Object(Symfony\\Component\\Console\\Output\\ConsoleOutput))
#37 /Users/mejievski/Desktop/Projects/Formely/backend/vendor/laravel/framework/src/Illuminate/Foundation/Application.php(1235): Illuminate\\Foundation\\Console\\Kernel->handle(Object(Symfony\\Component\\Console\\Input\\ArgvInput), Object(Symfony\\Component\\Console\\Output\\ConsoleOutput))
#38 /Users/mejievski/Desktop/Projects/Formely/backend/artisan(16): Illuminate\\Foundation\\Application->handleCommand(Object(Symfony\\Component\\Console\\Input\\ArgvInput))
#39 {main}
"} 
[2026-05-27 10:47:36] local.INFO: User logged in {"user_id":1,"email":"admin@formely.local","ip":"127.0.0.1","user_agent":"Mozilla/5.0 (Macintosh; Intel Mac OS X 10_15_7) AppleWebKit/537.36 (KHTML, like Gecko) Chrome/148.0.0.0 Safari/537.36","session_id":"BTfqqL8fLlJ8i55kuM2KrHss61Tclu5IyybEOhYO","session_name":"formely-session"} 
[2026-05-27 10:47:36] local.INFO: Login response headers {"set_cookie_header":null} 
[2026-05-27 10:47:41] local.INFO: User logged in {"user_id":1,"email":"admin@formely.local","ip":"127.0.0.1","user_agent":"Mozilla/5.0 (Macintosh; Intel Mac OS X 10_15_7) AppleWebKit/537.36 (KHTML, like Gecko) Chrome/148.0.0.0 Safari/537.36","session_id":"wE3H80R3Di7zDRarXCfWv1saDLc8jV4R7w1jscN7","session_name":"formely-session"} 
[2026-05-27 10:47:41] local.INFO: Login response headers {"set_cookie_header":null} 
[2026-05-27 10:48:59] local.INFO: User logged in {"user_id":1,"email":"admin@formely.local","ip":"127.0.0.1","user_agent":"curl/8.7.1","session_id":"5RAhQGo7GafJzkPvhgtT16R7sr1lOYwcHDYoSvGz","session_name":"formely-session"} 
[2026-05-27 10:48:59] local.INFO: Login response headers {"set_cookie_header":null} 
[2026-05-27 10:50:08] local.INFO: User logged in {"user_id":1,"email":"admin@formely.local","ip":"127.0.0.1","user_agent":"Mozilla/5.0 (Macintosh; Intel Mac OS X 10_15_7) AppleWebKit/537.36 (KHTML, like Gecko) Chrome/148.0.0.0 Safari/537.36","session_id":"OaJ4hUPy1FM6Agc8m5FMFU25OAVyKlzEqzskBMMi","session_name":"formely-session"} 
[2026-05-27 10:50:08] local.INFO: Login response headers {"set_cookie_header":null} 
[2026-05-27 10:50:08] local.INFO: Dashboard Users Count {"all_users":1,"admin_users":1,"student_users":0,"instructor_users":0,"total_users":0} 
[2026-05-27 10:50:08] local.INFO: Dashboard Users Count {"all_users":1,"admin_users":1,"student_users":0,"instructor_users":0,"total_users":0} 
[2026-05-27 10:51:01] local.INFO: Dashboard Users Count {"all_users":1,"admin_users":1,"student_users":0,"instructor_users":0,"total_users":0} 
[2026-05-27 10:51:01] local.INFO: Dashboard Users Count {"all_users":1,"admin_users":1,"student_users":0,"instructor_users":0,"total_users":0} 
[2026-05-27 10:51:22] local.INFO: Dashboard Users Count {"all_users":1,"admin_users":1,"student_users":0,"instructor_users":0,"total_users":0} 
[2026-05-27 10:51:22] local.INFO: Dashboard Users Count {"all_users":1,"admin_users":1,"student_users":0,"instructor_users":0,"total_users":0} 
[2026-05-27 10:51:34] local.INFO: Dashboard Users Count {"all_users":1,"admin_users":1,"student_users":0,"instructor_users":0,"total_users":0} 
[2026-05-27 10:51:34] local.INFO: Dashboard Users Count {"all_users":1,"admin_users":1,"student_users":0,"instructor_users":0,"total_users":0} 
[2026-05-27 10:51:42] local.INFO: Dashboard Users Count {"all_users":1,"admin_users":1,"student_users":0,"instructor_users":0,"total_users":0} 
[2026-05-27 10:51:42] local.INFO: Dashboard Users Count {"all_users":1,"admin_users":1,"student_users":0,"instructor_users":0,"total_users":0} 
[2026-05-27 10:52:19] local.INFO: Dashboard Users Count {"all_users":12,"admin_users":1,"student_users":10,"instructor_users":1,"total_users":10} 
[2026-05-27 10:52:34] local.ERROR: Class "App\Models\Category" not found {"exception":"[object] (Error(code: 0): Class \"App\\Models\\Category\" not found at /Users/mejievski/Desktop/Projects/Formely/backend/database/seeders/DatabaseSeeder.php:65)
[stacktrace]
#0 /Users/mejievski/Desktop/Projects/Formely/backend/vendor/laravel/framework/src/Illuminate/Container/BoundMethod.php(36): Database\\Seeders\\DatabaseSeeder->run()
#1 /Users/mejievski/Desktop/Projects/Formely/backend/vendor/laravel/framework/src/Illuminate/Container/Util.php(43): Illuminate\\Container\\BoundMethod::{closure:Illuminate\\Container\\BoundMethod::call():35}()
#2 /Users/mejievski/Desktop/Projects/Formely/backend/vendor/laravel/framework/src/Illuminate/Container/BoundMethod.php(96): Illuminate\\Container\\Util::unwrapIfClosure(Object(Closure))
#3 /Users/mejievski/Desktop/Projects/Formely/backend/vendor/laravel/framework/src/Illuminate/Container/BoundMethod.php(35): Illuminate\\Container\\BoundMethod::callBoundMethod(Object(Illuminate\\Foundation\\Application), Array, Object(Closure))
#4 /Users/mejievski/Desktop/Projects/Formely/backend/vendor/laravel/framework/src/Illuminate/Container/Container.php(836): Illuminate\\Container\\BoundMethod::call(Object(Illuminate\\Foundation\\Application), Array, Array, NULL)
#5 /Users/mejievski/Desktop/Projects/Formely/backend/vendor/laravel/framework/src/Illuminate/Database/Seeder.php(184): Illuminate\\Container\\Container->call(Array, Array)
#6 /Users/mejievski/Desktop/Projects/Formely/backend/vendor/laravel/framework/src/Illuminate/Database/Seeder.php(193): Illuminate\\Database\\Seeder->{closure:Illuminate\\Database\\Seeder::__invoke():183}()
#7 /Users/mejievski/Desktop/Projects/Formely/backend/vendor/laravel/framework/src/Illuminate/Database/Console/Seeds/SeedCommand.php(71): Illuminate\\Database\\Seeder->__invoke()
#8 /Users/mejievski/Desktop/Projects/Formely/backend/vendor/laravel/framework/src/Illuminate/Database/Eloquent/Concerns/GuardsAttributes.php(157): Illuminate\\Database\\Console\\Seeds\\SeedCommand->{closure:Illuminate\\Database\\Console\\Seeds\\SeedCommand::handle():70}()
#9 /Users/mejievski/Desktop/Projects/Formely/backend/vendor/laravel/framework/src/Illuminate/Database/Console/Seeds/SeedCommand.php(70): Illuminate\\Database\\Eloquent\\Model::unguarded(Object(Closure))
#10 /Users/mejievski/Desktop/Projects/Formely/backend/vendor/laravel/framework/src/Illuminate/Container/BoundMethod.php(36): Illuminate\\Database\\Console\\Seeds\\SeedCommand->handle()
#11 /Users/mejievski/Desktop/Projects/Formely/backend/vendor/laravel/framework/src/Illuminate/Container/Util.php(43): Illuminate\\Container\\BoundMethod::{closure:Illuminate\\Container\\BoundMethod::call():35}()
#12 /Users/mejievski/Desktop/Projects/Formely/backend/vendor/laravel/framework/src/Illuminate/Container/BoundMethod.php(96): Illuminate\\Container\\Util::unwrapIfClosure(Object(Closure))
#13 /Users/mejievski/Desktop/Projects/Formely/backend/vendor/laravel/framework/src/Illuminate/Container/BoundMethod.php(35): Illuminate\\Container\\BoundMethod::callBoundMethod(Object(Illuminate\\Foundation\\Application), Array, Object(Closure))
#14 /Users/mejievski/Desktop/Projects/Formely/backend/vendor/laravel/framework/src/Illuminate/Container/Container.php(836): Illuminate\\Container\\BoundMethod::call(Object(Illuminate\\Foundation\\Application), Array, Array, NULL)
#15 /Users/mejievski/Desktop/Projects/Formely/backend/vendor/laravel/framework/src/Illuminate/Console/Command.php(211): Illuminate\\Container\\Container->call(Array)
#16 /Users/mejievski/Desktop/Projects/Formely/backend/vendor/symfony/console/Command/Command.php(318): Illuminate\\Console\\Command->execute(Object(Symfony\\Component\\Console\\Input\\ArgvInput), Object(Illuminate\\Console\\OutputStyle))
#17 /Users/mejievski/Desktop/Projects/Formely/backend/vendor/laravel/framework/src/Illuminate/Console/Command.php(180): Symfony\\Component\\Console\\Command\\Command->run(Object(Symfony\\Component\\Console\\Input\\ArgvInput), Object(Illuminate\\Console\\OutputStyle))
#18 /Users/mejievski/Desktop/Projects/Formely/backend/vendor/symfony/console/Application.php(1073): Illuminate\\Console\\Command->run(Object(Symfony\\Component\\Console\\Input\\ArgvInput), Object(Symfony\\Component\\Console\\Output\\ConsoleOutput))
#19 /Users/mejievski/Desktop/Projects/Formely/backend/vendor/symfony/console/Application.php(356): Symfony\\Component\\Console\\Application->doRunCommand(Object(Illuminate\\Database\\Console\\Seeds\\SeedCommand), Object(Symfony\\Component\\Console\\Input\\ArgvInput), Object(Symfony\\Component\\Console\\Output\\ConsoleOutput))
#20 /Users/mejievski/Desktop/Projects/Formely/backend/vendor/symfony/console/Application.php(195): Symfony\\Component\\Console\\Application->doRun(Object(Symfony\\Component\\Console\\Input\\ArgvInput), Object(Symfony\\Component\\Console\\Output\\ConsoleOutput))
#21 /Users/mejievski/Desktop/Projects/Formely/backend/vendor/laravel/framework/src/Illuminate/Foundation/Console/Kernel.php(197): Symfony\\Component\\Console\\Application->run(Object(Symfony\\Component\\Console\\Input\\ArgvInput), Object(Symfony\\Component\\Console\\Output\\ConsoleOutput))
#22 /Users/mejievski/Desktop/Projects/Formely/backend/vendor/laravel/framework/src/Illuminate/Foundation/Application.php(1235): Illuminate\\Foundation\\Console\\Kernel->handle(Object(Symfony\\Component\\Console\\Input\\ArgvInput), Object(Symfony\\Component\\Console\\Output\\ConsoleOutput))
#23 /Users/mejievski/Desktop/Projects/Formely/backend/artisan(16): Illuminate\\Foundation\\Application->handleCommand(Object(Symfony\\Component\\Console\\Input\\ArgvInput))
#24 {main}
"} 
[2026-05-27 10:52:51] local.INFO: User logged in {"user_id":1,"email":"admin@formely.local","ip":"127.0.0.1","user_agent":"Mozilla/5.0 (Macintosh; Intel Mac OS X 10_15_7) AppleWebKit/537.36 (KHTML, like Gecko) Chrome/148.0.0.0 Safari/537.36","session_id":"0A5DeDXyQTbFQ9NRBWtyhEe9PWIxfPdiPfEA00YE","session_name":"formely-session"} 
[2026-05-27 10:52:51] local.INFO: Login response headers {"set_cookie_header":null} 
[2026-05-27 10:52:51] local.INFO: Dashboard Users Count {"all_users":12,"admin_users":1,"student_users":10,"instructor_users":1,"total_users":10} 
[2026-05-27 10:52:52] local.INFO: Dashboard Users Count {"all_users":12,"admin_users":1,"student_users":10,"instructor_users":1,"total_users":10} 
[2026-05-27 10:53:29] local.INFO: Dashboard Users Count {"all_users":12,"admin_users":1,"student_users":10,"instructor_users":1,"total_users":10} 
[2026-05-27 10:53:29] local.INFO: Dashboard Users Count {"all_users":12,"admin_users":1,"student_users":10,"instructor_users":1,"total_users":10} 
[2026-05-27 10:53:40] local.INFO: Dashboard Users Count {"all_users":12,"admin_users":1,"student_users":10,"instructor_users":1,"total_users":10} 
[2026-05-27 10:53:41] local.INFO: Dashboard Users Count {"all_users":12,"admin_users":1,"student_users":10,"instructor_users":1,"total_users":10} 
[2026-05-27 10:53:46] local.INFO: Dashboard Users Count {"all_users":12,"admin_users":1,"student_users":10,"instructor_users":1,"total_users":10} 
[2026-05-27 10:57:09] local.INFO: Dashboard Users Count {"all_users":12,"admin_users":1,"student_users":10,"instructor_users":1,"total_users":10} 
[2026-05-27 10:57:09] local.INFO: Dashboard Users Count {"all_users":12,"admin_users":1,"student_users":10,"instructor_users":1,"total_users":10} 
[2026-05-27 11:11:48] local.INFO: User logged in {"user_id":1,"email":"admin@formely.local","ip":"127.0.0.1","user_agent":"Mozilla/5.0 (Macintosh; Intel Mac OS X 10_15_7) AppleWebKit/537.36 (KHTML, like Gecko) Chrome/148.0.0.0 Safari/537.36","session_id":"KPI4QSnUkOjLMiqGyetI0pbe2Zvut3nh1JYPwYkW","session_name":"formely-session"} 
[2026-05-27 11:11:48] local.INFO: Login response headers {"set_cookie_header":null} 
[2026-05-27 11:11:48] local.INFO: Dashboard Users Count {"all_users":12,"admin_users":1,"student_users":10,"instructor_users":1,"total_users":10} 
[2026-05-27 11:11:48] local.INFO: Dashboard Users Count {"all_users":12,"admin_users":1,"student_users":10,"instructor_users":1,"total_users":10} 
[2026-05-27 11:11:53] local.INFO: Dashboard Users Count {"all_users":12,"admin_users":1,"student_users":10,"instructor_users":1,"total_users":10} 
[2026-05-27 11:11:54] local.INFO: Dashboard Users Count {"all_users":12,"admin_users":1,"student_users":10,"instructor_users":1,"total_users":10} 
[2026-05-27 11:15:26] local.INFO: User logged in {"user_id":1,"email":"admin@formely.local","ip":"127.0.0.1","user_agent":"Mozilla/5.0 (Macintosh; Intel Mac OS X 10_15_7) AppleWebKit/537.36 (KHTML, like Gecko) Chrome/148.0.0.0 Safari/537.36","session_id":"DxrMIk4sf0emL667xrBDPx1eYn3jWl8DPuiZeQE4","session_name":"formely-session"} 
[2026-05-27 11:15:26] local.INFO: Login response headers {"set_cookie_header":null} 
[2026-05-27 11:15:26] local.INFO: Dashboard Users Count {"all_users":12,"admin_users":1,"student_users":10,"instructor_users":1,"total_users":10} 
[2026-05-27 11:15:27] local.INFO: Dashboard Users Count {"all_users":12,"admin_users":1,"student_users":10,"instructor_users":1,"total_users":10} 
[2026-05-27 11:15:38] local.INFO: Dashboard Users Count {"all_users":12,"admin_users":1,"student_users":10,"instructor_users":1,"total_users":10} 
[2026-05-27 11:15:47] local.INFO: Dashboard Users Count {"all_users":12,"admin_users":1,"student_users":10,"instructor_users":1,"total_users":10} 
[2026-05-27 11:15:47] local.INFO: Dashboard Users Count {"all_users":12,"admin_users":1,"student_users":10,"instructor_users":1,"total_users":10} 
[2026-05-27 11:17:11] local.INFO: User logged in {"user_id":1,"email":"admin@formely.local","ip":"127.0.0.1","user_agent":"Mozilla/5.0 (Macintosh; Intel Mac OS X 10_15_7) AppleWebKit/537.36 (KHTML, like Gecko) Chrome/148.0.0.0 Safari/537.36","session_id":"23ftC4mzAuDTAHZHioDazhgJmIgY6uICBw5S7mZC","session_name":"formely-session"} 
[2026-05-27 11:17:11] local.INFO: Login response headers {"set_cookie_header":null} 
[2026-05-27 11:17:14] local.INFO: Dashboard Users Count {"all_users":12,"admin_users":1,"student_users":10,"instructor_users":1,"total_users":10} 
[2026-05-27 11:17:14] local.INFO: Dashboard Users Count {"all_users":12,"admin_users":1,"student_users":10,"instructor_users":1,"total_users":10} 
[2026-05-27 11:17:20] local.INFO: Dashboard Users Count {"all_users":12,"admin_users":1,"student_users":10,"instructor_users":1,"total_users":10} 
[2026-05-27 11:17:20] local.INFO: Dashboard Users Count {"all_users":12,"admin_users":1,"student_users":10,"instructor_users":1,"total_users":10} 
[2026-05-27 11:19:47] local.INFO: Dashboard Users Count {"all_users":12,"admin_users":1,"student_users":10,"instructor_users":1,"total_users":10} 
[2026-05-27 11:19:47] local.INFO: Dashboard Users Count {"all_users":12,"admin_users":1,"student_users":10,"instructor_users":1,"total_users":10} 
[2026-05-27 11:20:07] local.INFO: Dashboard Users Count {"all_users":12,"admin_users":1,"student_users":10,"instructor_users":1,"total_users":10} 
[2026-05-27 11:20:07] local.INFO: Dashboard Users Count {"all_users":12,"admin_users":1,"student_users":10,"instructor_users":1,"total_users":10} 
[2026-05-27 11:20:13] local.INFO: Dashboard Users Count {"all_users":12,"admin_users":1,"student_users":10,"instructor_users":1,"total_users":10} 
[2026-05-27 11:26:23] local.INFO: User logged in {"user_id":1,"email":"admin@formely.local","ip":"127.0.0.1","user_agent":"Mozilla/5.0 (Macintosh; Intel Mac OS X 10_15_7) AppleWebKit/537.36 (KHTML, like Gecko) Chrome/148.0.0.0 Safari/537.36","session_id":"lpDOBUHWcoLgxyDoXumAt9EudVifr51St8ZLC1bP","session_name":"formely-session"} 
[2026-05-27 11:26:23] local.INFO: Login response headers {"set_cookie_header":null} 
[2026-05-27 11:30:26] local.INFO: User logged in {"user_id":1,"email":"admin@formely.local","ip":"127.0.0.1","user_agent":"Mozilla/5.0 (Macintosh; Intel Mac OS X 10_15_7) AppleWebKit/537.36 (KHTML, like Gecko) Chrome/148.0.0.0 Safari/537.36","session_id":"fwGKYn3isQCAQ2OCYm3AenoZoxQsSwEf5kmC3gCu","session_name":"formely-session"} 
[2026-05-27 11:30:26] local.INFO: Login response headers {"set_cookie_header":null} 
[2026-05-27 11:30:29] local.INFO: Dashboard Users Count {"all_users":12,"admin_users":1,"student_users":10,"instructor_users":1,"total_users":10} 
[2026-05-27 11:30:29] local.INFO: Dashboard Users Count {"all_users":12,"admin_users":1,"student_users":10,"instructor_users":1,"total_users":10} 
[2026-05-27 11:30:50] local.INFO: Dashboard Users Count {"all_users":12,"admin_users":1,"student_users":10,"instructor_users":1,"total_users":10} 
[2026-05-27 11:30:50] local.INFO: Dashboard Users Count {"all_users":12,"admin_users":1,"student_users":10,"instructor_users":1,"total_users":10} 
[2026-05-27 11:32:20] local.INFO: Dashboard Users Count {"all_users":12,"admin_users":1,"student_users":10,"instructor_users":1,"total_users":10} 
[2026-05-27 11:32:20] local.INFO: Dashboard Users Count {"all_users":12,"admin_users":1,"student_users":10,"instructor_users":1,"total_users":10} 
[2026-05-27 11:42:43] local.INFO: User logged in {"user_id":1,"email":"admin@formely.local","ip":"127.0.0.1","user_agent":"Mozilla/5.0 (Macintosh; Intel Mac OS X 10_15_7) AppleWebKit/537.36 (KHTML, like Gecko) Chrome/148.0.0.0 Safari/537.36","session_id":"W65V3hHtsJkwO9GqHWXerHHYFqAK5WQ6tT8f5iFS","session_name":"formely-session"} 
[2026-05-27 11:42:43] local.INFO: Login response headers {"set_cookie_header":null} 
[2026-05-27 11:42:44] local.INFO: Dashboard Users Count {"all_users":12,"admin_users":1,"student_users":10,"instructor_users":1,"total_users":10} 
[2026-05-27 11:42:44] local.INFO: Dashboard Users Count {"all_users":12,"admin_users":1,"student_users":10,"instructor_users":1,"total_users":10} 
[2026-05-27 11:44:10] local.INFO: Dashboard Users Count {"all_users":12,"admin_users":1,"student_users":10,"instructor_users":1,"total_users":10} 
[2026-05-27 11:44:10] local.INFO: Dashboard Users Count {"all_users":12,"admin_users":1,"student_users":10,"instructor_users":1,"total_users":10} 
[2026-05-27 11:44:19] local.INFO: Dashboard Users Count {"all_users":12,"admin_users":1,"student_users":10,"instructor_users":1,"total_users":10} 
[2026-05-27 11:44:29] local.INFO: Dashboard Users Count {"all_users":12,"admin_users":1,"student_users":10,"instructor_users":1,"total_users":10} 
[2026-05-27 11:44:29] local.INFO: Dashboard Users Count {"all_users":12,"admin_users":1,"student_users":10,"instructor_users":1,"total_users":10} 
[2026-05-27 11:44:43] local.INFO: Dashboard Users Count {"all_users":12,"admin_users":1,"student_users":10,"instructor_users":1,"total_users":10} 
[2026-05-27 11:44:43] local.INFO: Dashboard Users Count {"all_users":12,"admin_users":1,"student_users":10,"instructor_users":1,"total_users":10} 
[2026-05-27 11:45:07] local.INFO: User logged in {"user_id":1,"email":"admin@formely.local","ip":"127.0.0.1","user_agent":"Mozilla/5.0 (Macintosh; Intel Mac OS X 10_15_7) AppleWebKit/537.36 (KHTML, like Gecko) Cursor/3.5.33 Chrome/142.0.7444.265 Electron/39.8.1 Safari/537.36","session_id":"1z3LCLzF88P3QPWJHMcndAoUGnwynk8ra4Fuccoj","session_name":"formely-session"} 
[2026-05-27 11:45:07] local.INFO: Login response headers {"set_cookie_header":null} 
[2026-05-27 11:45:07] local.INFO: Dashboard Users Count {"all_users":12,"admin_users":1,"student_users":10,"instructor_users":1,"total_users":10} 
[2026-05-27 11:45:07] local.INFO: Dashboard Users Count {"all_users":12,"admin_users":1,"student_users":10,"instructor_users":1,"total_users":10} 
[2026-05-27 11:46:33] local.INFO: Dashboard Users Count {"all_users":12,"admin_users":1,"student_users":10,"instructor_users":1,"total_users":10} 
[2026-05-27 11:46:33] local.INFO: Dashboard Users Count {"all_users":12,"admin_users":1,"student_users":10,"instructor_users":1,"total_users":10} 
[2026-05-27 11:47:37] local.INFO: Dashboard Users Count {"all_users":12,"admin_users":1,"student_users":10,"instructor_users":1,"total_users":10} 
[2026-05-27 11:47:37] local.INFO: Dashboard Users Count {"all_users":12,"admin_users":1,"student_users":10,"instructor_users":1,"total_users":10} 
[2026-05-27 11:48:21] local.INFO: User logged in {"user_id":1,"email":"admin@formely.local","ip":"127.0.0.1","user_agent":"Mozilla/5.0 (Macintosh; Intel Mac OS X 10_15_7) AppleWebKit/537.36 (KHTML, like Gecko) Chrome/148.0.0.0 Safari/537.36","session_id":"UOQJIIRlUu4slXl1p1aUFNm9SXw8AXSWqgWWQPBu","session_name":"formely-session"} 
[2026-05-27 11:48:21] local.INFO: Login response headers {"set_cookie_header":null} 
[2026-05-27 11:48:21] local.INFO: Dashboard Users Count {"all_users":12,"admin_users":1,"student_users":10,"instructor_users":1,"total_users":10} 
[2026-05-27 11:48:22] local.INFO: Dashboard Users Count {"all_users":12,"admin_users":1,"student_users":10,"instructor_users":1,"total_users":10} 
[2026-05-27 11:48:26] local.INFO: Dashboard Users Count {"all_users":12,"admin_users":1,"student_users":10,"instructor_users":1,"total_users":10} 
[2026-05-27 11:48:26] local.INFO: Dashboard Users Count {"all_users":12,"admin_users":1,"student_users":10,"instructor_users":1,"total_users":10} 
[2026-05-27 11:48:35] local.INFO: Dashboard Users Count {"all_users":12,"admin_users":1,"student_users":10,"instructor_users":1,"total_users":10} 
[2026-05-27 11:48:35] local.INFO: Dashboard Users Count {"all_users":12,"admin_users":1,"student_users":10,"instructor_users":1,"total_users":10} 
[2026-05-27 11:48:49] local.INFO: Dashboard Users Count {"all_users":12,"admin_users":1,"student_users":10,"instructor_users":1,"total_users":10} 
[2026-05-27 11:48:49] local.INFO: Dashboard Users Count {"all_users":12,"admin_users":1,"student_users":10,"instructor_users":1,"total_users":10} 
[2026-05-27 11:48:58] local.INFO: Dashboard Users Count {"all_users":12,"admin_users":1,"student_users":10,"instructor_users":1,"total_users":10} 
[2026-05-27 11:48:58] local.INFO: Dashboard Users Count {"all_users":12,"admin_users":1,"student_users":10,"instructor_users":1,"total_users":10} 
[2026-05-27 11:50:03] local.INFO: Dashboard Users Count {"all_users":12,"admin_users":1,"student_users":10,"instructor_users":1,"total_users":10} 
[2026-05-27 11:50:03] local.INFO: Dashboard Users Count {"all_users":12,"admin_users":1,"student_users":10,"instructor_users":1,"total_users":10} 
[2026-05-27 11:51:46] local.INFO: Dashboard Users Count {"all_users":12,"admin_users":1,"student_users":10,"instructor_users":1,"total_users":10} 
[2026-05-27 11:51:46] local.INFO: Dashboard Users Count {"all_users":12,"admin_users":1,"student_users":10,"instructor_users":1,"total_users":10} 
[2026-05-27 11:51:58] local.INFO: Dashboard Users Count {"all_users":12,"admin_users":1,"student_users":10,"instructor_users":1,"total_users":10} 
[2026-05-27 11:51:59] local.INFO: Dashboard Users Count {"all_users":12,"admin_users":1,"student_users":10,"instructor_users":1,"total_users":10} 
[2026-05-27 11:52:07] local.INFO: Dashboard Users Count {"all_users":12,"admin_users":1,"student_users":10,"instructor_users":1,"total_users":10} 
[2026-05-27 11:52:10] local.INFO: Dashboard Users Count {"all_users":12,"admin_users":1,"student_users":10,"instructor_users":1,"total_users":10} 
[2026-05-27 11:52:16] local.INFO: Dashboard Users Count {"all_users":12,"admin_users":1,"student_users":10,"instructor_users":1,"total_users":10} 
[2026-05-27 11:52:17] local.INFO: Dashboard Users Count {"all_users":12,"admin_users":1,"student_users":10,"instructor_users":1,"total_users":10} 
[2026-05-27 11:52:17] local.INFO: Dashboard Users Count {"all_users":12,"admin_users":1,"student_users":10,"instructor_users":1,"total_users":10} 
[2026-05-27 12:18:59] local.DEBUG: From: Formely <noreply@localhost>
To: student01@formely.local
Subject: Curs nou disponibil
MIME-Version: 1.0
Date: Wed, 27 May 2026 12:18:59 +0300
Message-ID: <420ecb27397fdae7ecfa028998180a5e@localhost>
Content-Type: text/html; charset=utf-8
Content-Transfer-Encoding: quoted-printable

<!DOCTYPE html>
<html lang="ro">
<head>
    <meta charset="utf-8">
    <meta name="viewport" content="width=device-width, initial-scale=1">
    <title>Curs nou disponibil</title>
</head>
<body style="font-family: system-ui, -apple-system, Segoe UI, Roboto, sans-serif; line-height: 1.5; color: #1e293b; background: #f8fafc; margin: 0; padding: 24px;">
    <div style="max-width: 560px; margin: 0 auto; background: #ffffff; border-radius: 12px; padding: 28px; border: 1px solid #e2e8f0;">
        <p style="margin: 0 0 8px; font-size: 13px; color: #64748b; text-transform: uppercase; letter-spacing: 0.04em;">Formely</p>
        <h1 style="margin: 0 0 16px; font-size: 22px; color: #0f172a;">Curs nou disponibil</h1>
        <p style="margin: 0 0 20px; font-size: 16px;">Cursul &quot;Test&quot; este acum disponibil.</p>
                    <p style="margin: 24px 0 0;">
                <a href="http://localhost:5173/courses/1" style="display: inline-block; background: #5b72ff; color: #ffffff; text-decoration: none; padding: 12px 20px; border-radius: 8px; font-weight: 600; font-size: 15px;">
                    Vezi cursul
                </a>
            </p>
                <p style="margin: 28px 0 0; font-size: 12px; color: #94a3b8;">
            Primești acest email pentru că ai cont în Formely. Poți dezactiva notificările email din setările platformei (admin).
        </p>
    </div>
</body>
</html>
  
[2026-05-27 12:18:59] local.DEBUG: From: Formely <noreply@localhost>
To: student02@formely.local
Subject: Curs nou disponibil
MIME-Version: 1.0
Date: Wed, 27 May 2026 12:18:59 +0300
Message-ID: <ec482a3444bec67e9923ba169dd836ec@localhost>
Content-Type: text/html; charset=utf-8
Content-Transfer-Encoding: quoted-printable

<!DOCTYPE html>
<html lang="ro">
<head>
    <meta charset="utf-8">
    <meta name="viewport" content="width=device-width, initial-scale=1">
    <title>Curs nou disponibil</title>
</head>
<body style="font-family: system-ui, -apple-system, Segoe UI, Roboto, sans-serif; line-height: 1.5; color: #1e293b; background: #f8fafc; margin: 0; padding: 24px;">
    <div style="max-width: 560px; margin: 0 auto; background: #ffffff; border-radius: 12px; padding: 28px; border: 1px solid #e2e8f0;">
        <p style="margin: 0 0 8px; font-size: 13px; color: #64748b; text-transform: uppercase; letter-spacing: 0.04em;">Formely</p>
        <h1 style="margin: 0 0 16px; font-size: 22px; color: #0f172a;">Curs nou disponibil</h1>
        <p style="margin: 0 0 20px; font-size: 16px;">Cursul &quot;Test&quot; este acum disponibil.</p>
                    <p style="margin: 24px 0 0;">
                <a href="http://localhost:5173/courses/1" style="display: inline-block; background: #5b72ff; color: #ffffff; text-decoration: none; padding: 12px 20px; border-radius: 8px; font-weight: 600; font-size: 15px;">
                    Vezi cursul
                </a>
            </p>
                <p style="margin: 28px 0 0; font-size: 12px; color: #94a3b8;">
            Primești acest email pentru că ai cont în Formely. Poți dezactiva notificările email din setările platformei (admin).
        </p>
    </div>
</body>
</html>
  
[2026-05-27 12:18:59] local.DEBUG: From: Formely <noreply@localhost>
To: student03@formely.local
Subject: Curs nou disponibil
MIME-Version: 1.0
Date: Wed, 27 May 2026 12:18:59 +0300
Message-ID: <d3792fbdea199b5fc6c6b54efc79e5ce@localhost>
Content-Type: text/html; charset=utf-8
Content-Transfer-Encoding: quoted-printable

<!DOCTYPE html>
<html lang="ro">
<head>
    <meta charset="utf-8">
    <meta name="viewport" content="width=device-width, initial-scale=1">
    <title>Curs nou disponibil</title>
</head>
<body style="font-family: system-ui, -apple-system, Segoe UI, Roboto, sans-serif; line-height: 1.5; color: #1e293b; background: #f8fafc; margin: 0; padding: 24px;">
    <div style="max-width: 560px; margin: 0 auto; background: #ffffff; border-radius: 12px; padding: 28px; border: 1px solid #e2e8f0;">
        <p style="margin: 0 0 8px; font-size: 13px; color: #64748b; text-transform: uppercase; letter-spacing: 0.04em;">Formely</p>
        <h1 style="margin: 0 0 16px; font-size: 22px; color: #0f172a;">Curs nou disponibil</h1>
        <p style="margin: 0 0 20px; font-size: 16px;">Cursul &quot;Test&quot; este acum disponibil.</p>
                    <p style="margin: 24px 0 0;">
                <a href="http://localhost:5173/courses/1" style="display: inline-block; background: #5b72ff; color: #ffffff; text-decoration: none; padding: 12px 20px; border-radius: 8px; font-weight: 600; font-size: 15px;">
                    Vezi cursul
                </a>
            </p>
                <p style="margin: 28px 0 0; font-size: 12px; color: #94a3b8;">
            Primești acest email pentru că ai cont în Formely. Poți dezactiva notificările email din setările platformei (admin).
        </p>
    </div>
</body>
</html>
  
[2026-05-27 12:18:59] local.DEBUG: From: Formely <noreply@localhost>
To: student04@formely.local
Subject: Curs nou disponibil
MIME-Version: 1.0
Date: Wed, 27 May 2026 12:18:59 +0300
Message-ID: <d2564fdbc5107d08ba50c7b9202d9fe2@localhost>
Content-Type: text/html; charset=utf-8
Content-Transfer-Encoding: quoted-printable

<!DOCTYPE html>
<html lang="ro">
<head>
    <meta charset="utf-8">
    <meta name="viewport" content="width=device-width, initial-scale=1">
    <title>Curs nou disponibil</title>
</head>
<body style="font-family: system-ui, -apple-system, Segoe UI, Roboto, sans-serif; line-height: 1.5; color: #1e293b; background: #f8fafc; margin: 0; padding: 24px;">
    <div style="max-width: 560px; margin: 0 auto; background: #ffffff; border-radius: 12px; padding: 28px; border: 1px solid #e2e8f0;">
        <p style="margin: 0 0 8px; font-size: 13px; color: #64748b; text-transform: uppercase; letter-spacing: 0.04em;">Formely</p>
        <h1 style="margin: 0 0 16px; font-size: 22px; color: #0f172a;">Curs nou disponibil</h1>
        <p style="margin: 0 0 20px; font-size: 16px;">Cursul &quot;Test&quot; este acum disponibil.</p>
                    <p style="margin: 24px 0 0;">
                <a href="http://localhost:5173/courses/1" style="display: inline-block; background: #5b72ff; color: #ffffff; text-decoration: none; padding: 12px 20px; border-radius: 8px; font-weight: 600; font-size: 15px;">
                    Vezi cursul
                </a>
            </p>
                <p style="margin: 28px 0 0; font-size: 12px; color: #94a3b8;">
            Primești acest email pentru că ai cont în Formely. Poți dezactiva notificările email din setările platformei (admin).
        </p>
    </div>
</body>
</html>
  
[2026-05-27 12:18:59] local.DEBUG: From: Formely <noreply@localhost>
To: student05@formely.local
Subject: Curs nou disponibil
MIME-Version: 1.0
Date: Wed, 27 May 2026 12:18:59 +0300
Message-ID: <62b0bffcf52175a369bc9956938c373a@localhost>
Content-Type: text/html; charset=utf-8
Content-Transfer-Encoding: quoted-printable

<!DOCTYPE html>
<html lang="ro">
<head>
    <meta charset="utf-8">
    <meta name="viewport" content="width=device-width, initial-scale=1">
    <title>Curs nou disponibil</title>
</head>
<body style="font-family: system-ui, -apple-system, Segoe UI, Roboto, sans-serif; line-height: 1.5; color: #1e293b; background: #f8fafc; margin: 0; padding: 24px;">
    <div style="max-width: 560px; margin: 0 auto; background: #ffffff; border-radius: 12px; padding: 28px; border: 1px solid #e2e8f0;">
        <p style="margin: 0 0 8px; font-size: 13px; color: #64748b; text-transform: uppercase; letter-spacing: 0.04em;">Formely</p>
        <h1 style="margin: 0 0 16px; font-size: 22px; color: #0f172a;">Curs nou disponibil</h1>
        <p style="margin: 0 0 20px; font-size: 16px;">Cursul &quot;Test&quot; este acum disponibil.</p>
                    <p style="margin: 24px 0 0;">
                <a href="http://localhost:5173/courses/1" style="display: inline-block; background: #5b72ff; color: #ffffff; text-decoration: none; padding: 12px 20px; border-radius: 8px; font-weight: 600; font-size: 15px;">
                    Vezi cursul
                </a>
            </p>
                <p style="margin: 28px 0 0; font-size: 12px; color: #94a3b8;">
            Primești acest email pentru că ai cont în Formely. Poți dezactiva notificările email din setările platformei (admin).
        </p>
    </div>
</body>
</html>
  
[2026-05-27 12:18:59] local.DEBUG: From: Formely <noreply@localhost>
To: student06@formely.local
Subject: Curs nou disponibil
MIME-Version: 1.0
Date: Wed, 27 May 2026 12:18:59 +0300
Message-ID: <e0f60a6c3e4b6fa791f39da73fade172@localhost>
Content-Type: text/html; charset=utf-8
Content-Transfer-Encoding: quoted-printable

<!DOCTYPE html>
<html lang="ro">
<head>
    <meta charset="utf-8">
    <meta name="viewport" content="width=device-width, initial-scale=1">
    <title>Curs nou disponibil</title>
</head>
<body style="font-family: system-ui, -apple-system, Segoe UI, Roboto, sans-serif; line-height: 1.5; color: #1e293b; background: #f8fafc; margin: 0; padding: 24px;">
    <div style="max-width: 560px; margin: 0 auto; background: #ffffff; border-radius: 12px; padding: 28px; border: 1px solid #e2e8f0;">
        <p style="margin: 0 0 8px; font-size: 13px; color: #64748b; text-transform: uppercase; letter-spacing: 0.04em;">Formely</p>
        <h1 style="margin: 0 0 16px; font-size: 22px; color: #0f172a;">Curs nou disponibil</h1>
        <p style="margin: 0 0 20px; font-size: 16px;">Cursul &quot;Test&quot; este acum disponibil.</p>
                    <p style="margin: 24px 0 0;">
                <a href="http://localhost:5173/courses/1" style="display: inline-block; background: #5b72ff; color: #ffffff; text-decoration: none; padding: 12px 20px; border-radius: 8px; font-weight: 600; font-size: 15px;">
                    Vezi cursul
                </a>
            </p>
                <p style="margin: 28px 0 0; font-size: 12px; color: #94a3b8;">
            Primești acest email pentru că ai cont în Formely. Poți dezactiva notificările email din setările platformei (admin).
        </p>
    </div>
</body>
</html>
  
[2026-05-27 12:18:59] local.DEBUG: From: Formely <noreply@localhost>
To: student07@formely.local
Subject: Curs nou disponibil
MIME-Version: 1.0
Date: Wed, 27 May 2026 12:18:59 +0300
Message-ID: <435f6e7c08573d0bbd4b88487b33f61d@localhost>
Content-Type: text/html; charset=utf-8
Content-Transfer-Encoding: quoted-printable

<!DOCTYPE html>
<html lang="ro">
<head>
    <meta charset="utf-8">
    <meta name="viewport" content="width=device-width, initial-scale=1">
    <title>Curs nou disponibil</title>
</head>
<body style="font-family: system-ui, -apple-system, Segoe UI, Roboto, sans-serif; line-height: 1.5; color: #1e293b; background: #f8fafc; margin: 0; padding: 24px;">
    <div style="max-width: 560px; margin: 0 auto; background: #ffffff; border-radius: 12px; padding: 28px; border: 1px solid #e2e8f0;">
        <p style="margin: 0 0 8px; font-size: 13px; color: #64748b; text-transform: uppercase; letter-spacing: 0.04em;">Formely</p>
        <h1 style="margin: 0 0 16px; font-size: 22px; color: #0f172a;">Curs nou disponibil</h1>
        <p style="margin: 0 0 20px; font-size: 16px;">Cursul &quot;Test&quot; este acum disponibil.</p>
                    <p style="margin: 24px 0 0;">
                <a href="http://localhost:5173/courses/1" style="display: inline-block; background: #5b72ff; color: #ffffff; text-decoration: none; padding: 12px 20px; border-radius: 8px; font-weight: 600; font-size: 15px;">
                    Vezi cursul
                </a>
            </p>
                <p style="margin: 28px 0 0; font-size: 12px; color: #94a3b8;">
            Primești acest email pentru că ai cont în Formely. Poți dezactiva notificările email din setările platformei (admin).
        </p>
    </div>
</body>
</html>
  
[2026-05-27 12:18:59] local.DEBUG: From: Formely <noreply@localhost>
To: student08@formely.local
Subject: Curs nou disponibil
MIME-Version: 1.0
Date: Wed, 27 May 2026 12:18:59 +0300
Message-ID: <1ef45358dab04669e037c3d0d61e3f9a@localhost>
Content-Type: text/html; charset=utf-8
Content-Transfer-Encoding: quoted-printable

<!DOCTYPE html>
<html lang="ro">
<head>
    <meta charset="utf-8">
    <meta name="viewport" content="width=device-width, initial-scale=1">
    <title>Curs nou disponibil</title>
</head>
<body style="font-family: system-ui, -apple-system, Segoe UI, Roboto, sans-serif; line-height: 1.5; color: #1e293b; background: #f8fafc; margin: 0; padding: 24px;">
    <div style="max-width: 560px; margin: 0 auto; background: #ffffff; border-radius: 12px; padding: 28px; border: 1px solid #e2e8f0;">
        <p style="margin: 0 0 8px; font-size: 13px; color: #64748b; text-transform: uppercase; letter-spacing: 0.04em;">Formely</p>
        <h1 style="margin: 0 0 16px; font-size: 22px; color: #0f172a;">Curs nou disponibil</h1>
        <p style="margin: 0 0 20px; font-size: 16px;">Cursul &quot;Test&quot; este acum disponibil.</p>
                    <p style="margin: 24px 0 0;">
                <a href="http://localhost:5173/courses/1" style="display: inline-block; background: #5b72ff; color: #ffffff; text-decoration: none; padding: 12px 20px; border-radius: 8px; font-weight: 600; font-size: 15px;">
                    Vezi cursul
                </a>
            </p>
                <p style="margin: 28px 0 0; font-size: 12px; color: #94a3b8;">
            Primești acest email pentru că ai cont în Formely. Poți dezactiva notificările email din setările platformei (admin).
        </p>
    </div>
</body>
</html>
  
[2026-05-27 12:18:59] local.DEBUG: From: Formely <noreply@localhost>
To: student09@formely.local
Subject: Curs nou disponibil
MIME-Version: 1.0
Date: Wed, 27 May 2026 12:18:59 +0300
Message-ID: <f3be923b40025f170443dc5c311ac46b@localhost>
Content-Type: text/html; charset=utf-8
Content-Transfer-Encoding: quoted-printable

<!DOCTYPE html>
<html lang="ro">
<head>
    <meta charset="utf-8">
    <meta name="viewport" content="width=device-width, initial-scale=1">
    <title>Curs nou disponibil</title>
</head>
<body style="font-family: system-ui, -apple-system, Segoe UI, Roboto, sans-serif; line-height: 1.5; color: #1e293b; background: #f8fafc; margin: 0; padding: 24px;">
    <div style="max-width: 560px; margin: 0 auto; background: #ffffff; border-radius: 12px; padding: 28px; border: 1px solid #e2e8f0;">
        <p style="margin: 0 0 8px; font-size: 13px; color: #64748b; text-transform: uppercase; letter-spacing: 0.04em;">Formely</p>
        <h1 style="margin: 0 0 16px; font-size: 22px; color: #0f172a;">Curs nou disponibil</h1>
        <p style="margin: 0 0 20px; font-size: 16px;">Cursul &quot;Test&quot; este acum disponibil.</p>
                    <p style="margin: 24px 0 0;">
                <a href="http://localhost:5173/courses/1" style="display: inline-block; background: #5b72ff; color: #ffffff; text-decoration: none; padding: 12px 20px; border-radius: 8px; font-weight: 600; font-size: 15px;">
                    Vezi cursul
                </a>
            </p>
                <p style="margin: 28px 0 0; font-size: 12px; color: #94a3b8;">
            Primești acest email pentru că ai cont în Formely. Poți dezactiva notificările email din setările platformei (admin).
        </p>
    </div>
</body>
</html>
  
[2026-05-27 12:18:59] local.DEBUG: From: Formely <noreply@localhost>
To: student10@formely.local
Subject: Curs nou disponibil
MIME-Version: 1.0
Date: Wed, 27 May 2026 12:18:59 +0300
Message-ID: <b0e79a0510abf5c8a5940d82aa966707@localhost>
Content-Type: text/html; charset=utf-8
Content-Transfer-Encoding: quoted-printable

<!DOCTYPE html>
<html lang="ro">
<head>
    <meta charset="utf-8">
    <meta name="viewport" content="width=device-width, initial-scale=1">
    <title>Curs nou disponibil</title>
</head>
<body style="font-family: system-ui, -apple-system, Segoe UI, Roboto, sans-serif; line-height: 1.5; color: #1e293b; background: #f8fafc; margin: 0; padding: 24px;">
    <div style="max-width: 560px; margin: 0 auto; background: #ffffff; border-radius: 12px; padding: 28px; border: 1px solid #e2e8f0;">
        <p style="margin: 0 0 8px; font-size: 13px; color: #64748b; text-transform: uppercase; letter-spacing: 0.04em;">Formely</p>
        <h1 style="margin: 0 0 16px; font-size: 22px; color: #0f172a;">Curs nou disponibil</h1>
        <p style="margin: 0 0 20px; font-size: 16px;">Cursul &quot;Test&quot; este acum disponibil.</p>
                    <p style="margin: 24px 0 0;">
                <a href="http://localhost:5173/courses/1" style="display: inline-block; background: #5b72ff; color: #ffffff; text-decoration: none; padding: 12px 20px; border-radius: 8px; font-weight: 600; font-size: 15px;">
                    Vezi cursul
                </a>
            </p>
                <p style="margin: 28px 0 0; font-size: 12px; color: #94a3b8;">
            Primești acest email pentru că ai cont în Formely. Poți dezactiva notificările email din setările platformei (admin).
        </p>
    </div>
</body>
</html>
  
[2026-05-27 12:19:02] local.INFO: Dashboard Users Count {"all_users":12,"admin_users":1,"student_users":10,"instructor_users":1,"total_users":10} 
[2026-05-27 12:19:02] local.INFO: Dashboard Users Count {"all_users":12,"admin_users":1,"student_users":10,"instructor_users":1,"total_users":10} 
[2026-05-27 12:19:12] local.INFO: Dashboard Users Count {"all_users":12,"admin_users":1,"student_users":10,"instructor_users":1,"total_users":10} 
[2026-05-27 12:19:12] local.INFO: Dashboard Users Count {"all_users":12,"admin_users":1,"student_users":10,"instructor_users":1,"total_users":10} 
[2026-05-27 12:23:42] local.INFO: Dashboard Users Count {"all_users":12,"admin_users":1,"student_users":10,"instructor_users":1,"total_users":10} 
[2026-05-27 12:23:42] local.INFO: Dashboard Users Count {"all_users":12,"admin_users":1,"student_users":10,"instructor_users":1,"total_users":10} 
[2026-05-27 12:24:30] local.WARNING: Failed login attempt {"email":"student01@formely.local","ip":"127.0.0.1","user_agent":"Mozilla/5.0 (Macintosh; Intel Mac OS X 10_15_7) AppleWebKit/537.36 (KHTML, like Gecko) Chrome/148.0.0.0 Safari/537.36"} 
[2026-05-27 12:24:32] local.WARNING: Failed login attempt {"email":"student01@formely.local","ip":"127.0.0.1","user_agent":"Mozilla/5.0 (Macintosh; Intel Mac OS X 10_15_7) AppleWebKit/537.36 (KHTML, like Gecko) Chrome/148.0.0.0 Safari/537.36"} 
[2026-05-27 12:24:51] local.INFO: User logged in {"user_id":3,"email":"student01@formely.local","ip":"127.0.0.1","user_agent":"Mozilla/5.0 (Macintosh; Intel Mac OS X 10_15_7) AppleWebKit/537.36 (KHTML, like Gecko) Chrome/148.0.0.0 Safari/537.36","session_id":"0FxTnII5dwookogglj8DBVmwd6QMo5EcJGpAfPLR","session_name":"formely-session"} 
[2026-05-27 12:24:51] local.INFO: Login response headers {"set_cookie_header":null} 
[2026-05-27 12:24:57] local.DEBUG: From: Formely <noreply@localhost>
To: student01@formely.local
Subject: =?utf-8?Q?=C3=8Enscriere_confirmat=C4=83?=
MIME-Version: 1.0
Date: Wed, 27 May 2026 12:24:57 +0300
Message-ID: <3eecf19c5f1096383303ecee7721338e@localhost>
Content-Type: text/html; charset=utf-8
Content-Transfer-Encoding: quoted-printable

<!DOCTYPE html>
<html lang="ro">
<head>
    <meta charset="utf-8">
    <meta name="viewport" content="width=device-width, initial-scale=1">
    <title>Înscriere confirmată</title>
</head>
<body style="font-family: system-ui, -apple-system, Segoe UI, Roboto, sans-serif; line-height: 1.5; color: #1e293b; background: #f8fafc; margin: 0; padding: 24px;">
    <div style="max-width: 560px; margin: 0 auto; background: #ffffff; border-radius: 12px; padding: 28px; border: 1px solid #e2e8f0;">
        <p style="margin: 0 0 8px; font-size: 13px; color: #64748b; text-transform: uppercase; letter-spacing: 0.04em;">Formely</p>
        <h1 style="margin: 0 0 16px; font-size: 22px; color: #0f172a;">Înscriere confirmată</h1>
        <p style="margin: 0 0 20px; font-size: 16px;">Te-ai înscris la cursul &quot;Test&quot;.</p>
                    <p style="margin: 24px 0 0;">
                <a href="http://localhost:5173/courses/1" style="display: inline-block; background: #5b72ff; color: #ffffff; text-decoration: none; padding: 12px 20px; border-radius: 8px; font-weight: 600; font-size: 15px;">
                    Continuă cursul
                </a>
            </p>
                <p style="margin: 28px 0 0; font-size: 12px; color: #94a3b8;">
            Primești acest email pentru că ai cont în Formely. Poți dezactiva notificările email din setările platformei (admin).
        </p>
    </div>
</body>
</html>
  
[2026-05-27 12:35:42] local.INFO: Dashboard Users Count {"all_users":12,"admin_users":1,"student_users":10,"instructor_users":1,"total_users":10} 
[2026-05-27 12:35:42] local.INFO: Dashboard Users Count {"all_users":12,"admin_users":1,"student_users":10,"instructor_users":1,"total_users":10} 
[2026-05-27 12:38:25] local.ERROR: SQLSTATE[42703]: Undefined column: 7 ERROR:  column "attempt_number" does not exist
LINE 1: ...lts" where ("exam_id" = $1 and "user_id" = $2 and "attempt_n...
                                                             ^ (Connection: pgsql, SQL: select * from "exam_results" where ("exam_id" = 1 and "user_id" = 3 and "attempt_number" = 1) limit 1) {"exception":"[object] (Illuminate\\Database\\QueryException(code: 42703): SQLSTATE[42703]: Undefined column: 7 ERROR:  column \"attempt_number\" does not exist
LINE 1: ...lts\" where (\"exam_id\" = $1 and \"user_id\" = $2 and \"attempt_n...
                                                             ^ (Connection: pgsql, SQL: select * from \"exam_results\" where (\"exam_id\" = 1 and \"user_id\" = 3 and \"attempt_number\" = 1) limit 1) at /Users/mejievski/Desktop/Projects/Formely/backend/vendor/laravel/framework/src/Illuminate/Database/Connection.php:824)
[stacktrace]
#0 /Users/mejievski/Desktop/Projects/Formely/backend/vendor/laravel/framework/src/Illuminate/Database/Connection.php(778): Illuminate\\Database\\Connection->runQueryCallback('select * from \"...', Array, Object(Closure))
#1 /Users/mejievski/Desktop/Projects/Formely/backend/vendor/laravel/framework/src/Illuminate/Database/Connection.php(397): Illuminate\\Database\\Connection->run('select * from \"...', Array, Object(Closure))
#2 /Users/mejievski/Desktop/Projects/Formely/backend/vendor/laravel/framework/src/Illuminate/Database/Query/Builder.php(3188): Illuminate\\Database\\Connection->select('select * from \"...', Array, true)
#3 /Users/mejievski/Desktop/Projects/Formely/backend/vendor/laravel/framework/src/Illuminate/Database/Query/Builder.php(3173): Illuminate\\Database\\Query\\Builder->runSelect()
#4 /Users/mejievski/Desktop/Projects/Formely/backend/vendor/laravel/framework/src/Illuminate/Database/Query/Builder.php(3763): Illuminate\\Database\\Query\\Builder->{closure:Illuminate\\Database\\Query\\Builder::get():3172}()
#5 /Users/mejievski/Desktop/Projects/Formely/backend/vendor/laravel/framework/src/Illuminate/Database/Query/Builder.php(3172): Illuminate\\Database\\Query\\Builder->onceWithColumns(Array, Object(Closure))
#6 /Users/mejievski/Desktop/Projects/Formely/backend/vendor/laravel/framework/src/Illuminate/Database/Eloquent/Builder.php(902): Illuminate\\Database\\Query\\Builder->get(Array)
#7 /Users/mejievski/Desktop/Projects/Formely/backend/vendor/laravel/framework/src/Illuminate/Database/Eloquent/Builder.php(884): Illuminate\\Database\\Eloquent\\Builder->getModels(Array)
#8 /Users/mejievski/Desktop/Projects/Formely/backend/vendor/laravel/framework/src/Illuminate/Database/Concerns/BuildsQueries.php(366): Illuminate\\Database\\Eloquent\\Builder->get(Array)
#9 /Users/mejievski/Desktop/Projects/Formely/backend/vendor/laravel/framework/src/Illuminate/Database/Eloquent/Builder.php(708): Illuminate\\Database\\Eloquent\\Builder->first()
#10 /Users/mejievski/Desktop/Projects/Formely/backend/vendor/laravel/framework/src/Illuminate/Database/Eloquent/Builder.php(740): Illuminate\\Database\\Eloquent\\Builder->firstOrCreate(Array, Array)
#11 /Users/mejievski/Desktop/Projects/Formely/backend/vendor/laravel/framework/src/Illuminate/Support/Traits/ForwardsCalls.php(23): Illuminate\\Database\\Eloquent\\Builder->updateOrCreate(Array, Array)
#12 /Users/mejievski/Desktop/Projects/Formely/backend/vendor/laravel/framework/src/Illuminate/Database/Eloquent/Model.php(2540): Illuminate\\Database\\Eloquent\\Model->forwardCallTo(Object(Illuminate\\Database\\Eloquent\\Builder), 'updateOrCreate', Array)
#13 /Users/mejievski/Desktop/Projects/Formely/backend/vendor/laravel/framework/src/Illuminate/Database/Eloquent/Model.php(2556): Illuminate\\Database\\Eloquent\\Model->__call('updateOrCreate', Array)
#14 /Users/mejievski/Desktop/Projects/Formely/backend/app/Console/Commands/SeedDemoTrainingCommand.php(356): Illuminate\\Database\\Eloquent\\Model::__callStatic('updateOrCreate', Array)
#15 /Users/mejievski/Desktop/Projects/Formely/backend/app/Console/Commands/SeedDemoTrainingCommand.php(184): App\\Console\\Commands\\SeedDemoTrainingCommand->enrollStudentsAndCompleteProgress(Object(App\\Models\\Course), Array, Array, Object(App\\Models\\Exam), Array)
#16 /Users/mejievski/Desktop/Projects/Formely/backend/vendor/laravel/framework/src/Illuminate/Container/BoundMethod.php(36): App\\Console\\Commands\\SeedDemoTrainingCommand->handle(Object(App\\Services\\CourseBuilderService), Object(App\\Services\\TestBuilderService))
#17 /Users/mejievski/Desktop/Projects/Formely/backend/vendor/laravel/framework/src/Illuminate/Container/Util.php(43): Illuminate\\Container\\BoundMethod::{closure:Illuminate\\Container\\BoundMethod::call():35}()
#18 /Users/mejievski/Desktop/Projects/Formely/backend/vendor/laravel/framework/src/Illuminate/Container/BoundMethod.php(96): Illuminate\\Container\\Util::unwrapIfClosure(Object(Closure))
#19 /Users/mejievski/Desktop/Projects/Formely/backend/vendor/laravel/framework/src/Illuminate/Container/BoundMethod.php(35): Illuminate\\Container\\BoundMethod::callBoundMethod(Object(Illuminate\\Foundation\\Application), Array, Object(Closure))
#20 /Users/mejievski/Desktop/Projects/Formely/backend/vendor/laravel/framework/src/Illuminate/Container/Container.php(836): Illuminate\\Container\\BoundMethod::call(Object(Illuminate\\Foundation\\Application), Array, Array, NULL)
#21 /Users/mejievski/Desktop/Projects/Formely/backend/vendor/laravel/framework/src/Illuminate/Console/Command.php(211): Illuminate\\Container\\Container->call(Array)
#22 /Users/mejievski/Desktop/Projects/Formely/backend/vendor/symfony/console/Command/Command.php(318): Illuminate\\Console\\Command->execute(Object(Symfony\\Component\\Console\\Input\\ArgvInput), Object(Illuminate\\Console\\OutputStyle))
#23 /Users/mejievski/Desktop/Projects/Formely/backend/vendor/laravel/framework/src/Illuminate/Console/Command.php(180): Symfony\\Component\\Console\\Command\\Command->run(Object(Symfony\\Component\\Console\\Input\\ArgvInput), Object(Illuminate\\Console\\OutputStyle))
#24 /Users/mejievski/Desktop/Projects/Formely/backend/vendor/symfony/console/Application.php(1073): Illuminate\\Console\\Command->run(Object(Symfony\\Component\\Console\\Input\\ArgvInput), Object(Symfony\\Component\\Console\\Output\\ConsoleOutput))
#25 /Users/mejievski/Desktop/Projects/Formely/backend/vendor/symfony/console/Application.php(356): Symfony\\Component\\Console\\Application->doRunCommand(Object(App\\Console\\Commands\\SeedDemoTrainingCommand), Object(Symfony\\Component\\Console\\Input\\ArgvInput), Object(Symfony\\Component\\Console\\Output\\ConsoleOutput))
#26 /Users/mejievski/Desktop/Projects/Formely/backend/vendor/symfony/console/Application.php(195): Symfony\\Component\\Console\\Application->doRun(Object(Symfony\\Component\\Console\\Input\\ArgvInput), Object(Symfony\\Component\\Console\\Output\\ConsoleOutput))
#27 /Users/mejievski/Desktop/Projects/Formely/backend/vendor/laravel/framework/src/Illuminate/Foundation/Console/Kernel.php(197): Symfony\\Component\\Console\\Application->run(Object(Symfony\\Component\\Console\\Input\\ArgvInput), Object(Symfony\\Component\\Console\\Output\\ConsoleOutput))
#28 /Users/mejievski/Desktop/Projects/Formely/backend/vendor/laravel/framework/src/Illuminate/Foundation/Application.php(1235): Illuminate\\Foundation\\Console\\Kernel->handle(Object(Symfony\\Component\\Console\\Input\\ArgvInput), Object(Symfony\\Component\\Console\\Output\\ConsoleOutput))
#29 /Users/mejievski/Desktop/Projects/Formely/backend/artisan(16): Illuminate\\Foundation\\Application->handleCommand(Object(Symfony\\Component\\Console\\Input\\ArgvInput))
#30 {main}

[previous exception] [object] (PDOException(code: 42703): SQLSTATE[42703]: Undefined column: 7 ERROR:  column \"attempt_number\" does not exist
LINE 1: ...lts\" where (\"exam_id\" = $1 and \"user_id\" = $2 and \"attempt_n...
                                                             ^ at /Users/mejievski/Desktop/Projects/Formely/backend/vendor/laravel/framework/src/Illuminate/Database/Connection.php:411)
[stacktrace]
#0 /Users/mejievski/Desktop/Projects/Formely/backend/vendor/laravel/framework/src/Illuminate/Database/Connection.php(411): PDOStatement->execute()
#1 /Users/mejievski/Desktop/Projects/Formely/backend/vendor/laravel/framework/src/Illuminate/Database/Connection.php(811): Illuminate\\Database\\Connection->{closure:Illuminate\\Database\\Connection::select():397}('select * from \"...', Array)
#2 /Users/mejievski/Desktop/Projects/Formely/backend/vendor/laravel/framework/src/Illuminate/Database/Connection.php(778): Illuminate\\Database\\Connection->runQueryCallback('select * from \"...', Array, Object(Closure))
#3 /Users/mejievski/Desktop/Projects/Formely/backend/vendor/laravel/framework/src/Illuminate/Database/Connection.php(397): Illuminate\\Database\\Connection->run('select * from \"...', Array, Object(Closure))
#4 /Users/mejievski/Desktop/Projects/Formely/backend/vendor/laravel/framework/src/Illuminate/Database/Query/Builder.php(3188): Illuminate\\Database\\Connection->select('select * from \"...', Array, true)
#5 /Users/mejievski/Desktop/Projects/Formely/backend/vendor/laravel/framework/src/Illuminate/Database/Query/Builder.php(3173): Illuminate\\Database\\Query\\Builder->runSelect()
#6 /Users/mejievski/Desktop/Projects/Formely/backend/vendor/laravel/framework/src/Illuminate/Database/Query/Builder.php(3763): Illuminate\\Database\\Query\\Builder->{closure:Illuminate\\Database\\Query\\Builder::get():3172}()
#7 /Users/mejievski/Desktop/Projects/Formely/backend/vendor/laravel/framework/src/Illuminate/Database/Query/Builder.php(3172): Illuminate\\Database\\Query\\Builder->onceWithColumns(Array, Object(Closure))
#8 /Users/mejievski/Desktop/Projects/Formely/backend/vendor/laravel/framework/src/Illuminate/Database/Eloquent/Builder.php(902): Illuminate\\Database\\Query\\Builder->get(Array)
#9 /Users/mejievski/Desktop/Projects/Formely/backend/vendor/laravel/framework/src/Illuminate/Database/Eloquent/Builder.php(884): Illuminate\\Database\\Eloquent\\Builder->getModels(Array)
#10 /Users/mejievski/Desktop/Projects/Formely/backend/vendor/laravel/framework/src/Illuminate/Database/Concerns/BuildsQueries.php(366): Illuminate\\Database\\Eloquent\\Builder->get(Array)
#11 /Users/mejievski/Desktop/Projects/Formely/backend/vendor/laravel/framework/src/Illuminate/Database/Eloquent/Builder.php(708): Illuminate\\Database\\Eloquent\\Builder->first()
#12 /Users/mejievski/Desktop/Projects/Formely/backend/vendor/laravel/framework/src/Illuminate/Database/Eloquent/Builder.php(740): Illuminate\\Database\\Eloquent\\Builder->firstOrCreate(Array, Array)
#13 /Users/mejievski/Desktop/Projects/Formely/backend/vendor/laravel/framework/src/Illuminate/Support/Traits/ForwardsCalls.php(23): Illuminate\\Database\\Eloquent\\Builder->updateOrCreate(Array, Array)
#14 /Users/mejievski/Desktop/Projects/Formely/backend/vendor/laravel/framework/src/Illuminate/Database/Eloquent/Model.php(2540): Illuminate\\Database\\Eloquent\\Model->forwardCallTo(Object(Illuminate\\Database\\Eloquent\\Builder), 'updateOrCreate', Array)
#15 /Users/mejievski/Desktop/Projects/Formely/backend/vendor/laravel/framework/src/Illuminate/Database/Eloquent/Model.php(2556): Illuminate\\Database\\Eloquent\\Model->__call('updateOrCreate', Array)
#16 /Users/mejievski/Desktop/Projects/Formely/backend/app/Console/Commands/SeedDemoTrainingCommand.php(356): Illuminate\\Database\\Eloquent\\Model::__callStatic('updateOrCreate', Array)
#17 /Users/mejievski/Desktop/Projects/Formely/backend/app/Console/Commands/SeedDemoTrainingCommand.php(184): App\\Console\\Commands\\SeedDemoTrainingCommand->enrollStudentsAndCompleteProgress(Object(App\\Models\\Course), Array, Array, Object(App\\Models\\Exam), Array)
#18 /Users/mejievski/Desktop/Projects/Formely/backend/vendor/laravel/framework/src/Illuminate/Container/BoundMethod.php(36): App\\Console\\Commands\\SeedDemoTrainingCommand->handle(Object(App\\Services\\CourseBuilderService), Object(App\\Services\\TestBuilderService))
#19 /Users/mejievski/Desktop/Projects/Formely/backend/vendor/laravel/framework/src/Illuminate/Container/Util.php(43): Illuminate\\Container\\BoundMethod::{closure:Illuminate\\Container\\BoundMethod::call():35}()
#20 /Users/mejievski/Desktop/Projects/Formely/backend/vendor/laravel/framework/src/Illuminate/Container/BoundMethod.php(96): Illuminate\\Container\\Util::unwrapIfClosure(Object(Closure))
#21 /Users/mejievski/Desktop/Projects/Formely/backend/vendor/laravel/framework/src/Illuminate/Container/BoundMethod.php(35): Illuminate\\Container\\BoundMethod::callBoundMethod(Object(Illuminate\\Foundation\\Application), Array, Object(Closure))
#22 /Users/mejievski/Desktop/Projects/Formely/backend/vendor/laravel/framework/src/Illuminate/Container/Container.php(836): Illuminate\\Container\\BoundMethod::call(Object(Illuminate\\Foundation\\Application), Array, Array, NULL)
#23 /Users/mejievski/Desktop/Projects/Formely/backend/vendor/laravel/framework/src/Illuminate/Console/Command.php(211): Illuminate\\Container\\Container->call(Array)
#24 /Users/mejievski/Desktop/Projects/Formely/backend/vendor/symfony/console/Command/Command.php(318): Illuminate\\Console\\Command->execute(Object(Symfony\\Component\\Console\\Input\\ArgvInput), Object(Illuminate\\Console\\OutputStyle))
#25 /Users/mejievski/Desktop/Projects/Formely/backend/vendor/laravel/framework/src/Illuminate/Console/Command.php(180): Symfony\\Component\\Console\\Command\\Command->run(Object(Symfony\\Component\\Console\\Input\\ArgvInput), Object(Illuminate\\Console\\OutputStyle))
#26 /Users/mejievski/Desktop/Projects/Formely/backend/vendor/symfony/console/Application.php(1073): Illuminate\\Console\\Command->run(Object(Symfony\\Component\\Console\\Input\\ArgvInput), Object(Symfony\\Component\\Console\\Output\\ConsoleOutput))
#27 /Users/mejievski/Desktop/Projects/Formely/backend/vendor/symfony/console/Application.php(356): Symfony\\Component\\Console\\Application->doRunCommand(Object(App\\Console\\Commands\\SeedDemoTrainingCommand), Object(Symfony\\Component\\Console\\Input\\ArgvInput), Object(Symfony\\Component\\Console\\Output\\ConsoleOutput))
#28 /Users/mejievski/Desktop/Projects/Formely/backend/vendor/symfony/console/Application.php(195): Symfony\\Component\\Console\\Application->doRun(Object(Symfony\\Component\\Console\\Input\\ArgvInput), Object(Symfony\\Component\\Console\\Output\\ConsoleOutput))
#29 /Users/mejievski/Desktop/Projects/Formely/backend/vendor/laravel/framework/src/Illuminate/Foundation/Console/Kernel.php(197): Symfony\\Component\\Console\\Application->run(Object(Symfony\\Component\\Console\\Input\\ArgvInput), Object(Symfony\\Component\\Console\\Output\\ConsoleOutput))
#30 /Users/mejievski/Desktop/Projects/Formely/backend/vendor/laravel/framework/src/Illuminate/Foundation/Application.php(1235): Illuminate\\Foundation\\Console\\Kernel->handle(Object(Symfony\\Component\\Console\\Input\\ArgvInput), Object(Symfony\\Component\\Console\\Output\\ConsoleOutput))
#31 /Users/mejievski/Desktop/Projects/Formely/backend/artisan(16): Illuminate\\Foundation\\Application->handleCommand(Object(Symfony\\Component\\Console\\Input\\ArgvInput))
#32 {main}
"} 
[2026-05-27 12:40:33] local.INFO: Dashboard Users Count {"all_users":12,"admin_users":1,"student_users":10,"instructor_users":1,"total_users":10} 
[2026-05-27 12:40:33] local.INFO: Dashboard Users Count {"all_users":12,"admin_users":1,"student_users":10,"instructor_users":1,"total_users":10} 
[2026-05-27 12:43:13] local.WARNING: Failed login attempt {"email":"student01@formely.local","ip":"127.0.0.1","user_agent":"Mozilla/5.0 (Macintosh; Intel Mac OS X 10_15_7) AppleWebKit/537.36 (KHTML, like Gecko) Chrome/148.0.0.0 Safari/537.36"} 
[2026-05-27 12:43:32] local.INFO: User logged in {"user_id":3,"email":"student01@formely.local","ip":"127.0.0.1","user_agent":"Mozilla/5.0 (Macintosh; Intel Mac OS X 10_15_7) AppleWebKit/537.36 (KHTML, like Gecko) Chrome/148.0.0.0 Safari/537.36","session_id":"ZbTWyG11qo8foUWIc7O4gRtSW4HyaFiQwgG4gwp7","session_name":"formely-session"} 
[2026-05-27 12:43:32] local.INFO: Login response headers {"set_cookie_header":null} 
[2026-05-27 12:45:55] local.ERROR: Writing to /Users/mejievski/.config/psysh/psysh_history is not allowed. {"exception":"[object] (ErrorException(code: 0): Writing to /Users/mejievski/.config/psysh/psysh_history is not allowed. at /Users/mejievski/Desktop/Projects/Formely/backend/vendor/psy/psysh/src/ConfigPaths.php:419)
[stacktrace]
#0 /Users/mejievski/Desktop/Projects/Formely/backend/vendor/laravel/framework/src/Illuminate/Foundation/Bootstrap/HandleExceptions.php(258): Illuminate\\Foundation\\Bootstrap\\HandleExceptions->handleError(1024, 'Writing to /Use...', '/Users/mejievsk...', 419)
#1 [internal function]: Illuminate\\Foundation\\Bootstrap\\HandleExceptions->{closure:Illuminate\\Foundation\\Bootstrap\\HandleExceptions::forwardsTo():257}(1024, 'Writing to /Use...', '/Users/mejievsk...', 419)
#2 /Users/mejievski/Desktop/Projects/Formely/backend/vendor/psy/psysh/src/ConfigPaths.php(419): trigger_error('Writing to /Use...', 1024)
#3 /Users/mejievski/Desktop/Projects/Formely/backend/vendor/psy/psysh/src/Configuration.php(682): Psy\\ConfigPaths::touchFileWithMkdir('/Users/mejievsk...')
#4 /Users/mejievski/Desktop/Projects/Formely/backend/vendor/psy/psysh/src/Configuration.php(706): Psy\\Configuration->setHistoryFile('/Users/mejievsk...')
#5 /Users/mejievski/Desktop/Projects/Formely/backend/vendor/psy/psysh/src/Configuration.php(851): Psy\\Configuration->getHistoryFile()
#6 /Users/mejievski/Desktop/Projects/Formely/backend/vendor/psy/psysh/src/Shell.php(96): Psy\\Configuration->getReadline()
#7 /Users/mejievski/Desktop/Projects/Formely/backend/vendor/laravel/tinker/src/Console/TinkerCommand.php(59): Psy\\Shell->__construct(Object(Psy\\Configuration))
#8 /Users/mejievski/Desktop/Projects/Formely/backend/vendor/laravel/framework/src/Illuminate/Container/BoundMethod.php(36): Laravel\\Tinker\\Console\\TinkerCommand->handle()
#9 /Users/mejievski/Desktop/Projects/Formely/backend/vendor/laravel/framework/src/Illuminate/Container/Util.php(43): Illuminate\\Container\\BoundMethod::{closure:Illuminate\\Container\\BoundMethod::call():35}()
#10 /Users/mejievski/Desktop/Projects/Formely/backend/vendor/laravel/framework/src/Illuminate/Container/BoundMethod.php(96): Illuminate\\Container\\Util::unwrapIfClosure(Object(Closure))
#11 /Users/mejievski/Desktop/Projects/Formely/backend/vendor/laravel/framework/src/Illuminate/Container/BoundMethod.php(35): Illuminate\\Container\\BoundMethod::callBoundMethod(Object(Illuminate\\Foundation\\Application), Array, Object(Closure))
#12 /Users/mejievski/Desktop/Projects/Formely/backend/vendor/laravel/framework/src/Illuminate/Container/Container.php(836): Illuminate\\Container\\BoundMethod::call(Object(Illuminate\\Foundation\\Application), Array, Array, NULL)
#13 /Users/mejievski/Desktop/Projects/Formely/backend/vendor/laravel/framework/src/Illuminate/Console/Command.php(211): Illuminate\\Container\\Container->call(Array)
#14 /Users/mejievski/Desktop/Projects/Formely/backend/vendor/symfony/console/Command/Command.php(318): Illuminate\\Console\\Command->execute(Object(Symfony\\Component\\Console\\Input\\ArgvInput), Object(Illuminate\\Console\\OutputStyle))
#15 /Users/mejievski/Desktop/Projects/Formely/backend/vendor/laravel/framework/src/Illuminate/Console/Command.php(180): Symfony\\Component\\Console\\Command\\Command->run(Object(Symfony\\Component\\Console\\Input\\ArgvInput), Object(Illuminate\\Console\\OutputStyle))
#16 /Users/mejievski/Desktop/Projects/Formely/backend/vendor/symfony/console/Application.php(1073): Illuminate\\Console\\Command->run(Object(Symfony\\Component\\Console\\Input\\ArgvInput), Object(Symfony\\Component\\Console\\Output\\ConsoleOutput))
#17 /Users/mejievski/Desktop/Projects/Formely/backend/vendor/symfony/console/Application.php(356): Symfony\\Component\\Console\\Application->doRunCommand(Object(Laravel\\Tinker\\Console\\TinkerCommand), Object(Symfony\\Component\\Console\\Input\\ArgvInput), Object(Symfony\\Component\\Console\\Output\\ConsoleOutput))
#18 /Users/mejievski/Desktop/Projects/Formely/backend/vendor/symfony/console/Application.php(195): Symfony\\Component\\Console\\Application->doRun(Object(Symfony\\Component\\Console\\Input\\ArgvInput), Object(Symfony\\Component\\Console\\Output\\ConsoleOutput))
#19 /Users/mejievski/Desktop/Projects/Formely/backend/vendor/laravel/framework/src/Illuminate/Foundation/Console/Kernel.php(197): Symfony\\Component\\Console\\Application->run(Object(Symfony\\Component\\Console\\Input\\ArgvInput), Object(Symfony\\Component\\Console\\Output\\ConsoleOutput))
#20 /Users/mejievski/Desktop/Projects/Formely/backend/vendor/laravel/framework/src/Illuminate/Foundation/Application.php(1235): Illuminate\\Foundation\\Console\\Kernel->handle(Object(Symfony\\Component\\Console\\Input\\ArgvInput), Object(Symfony\\Component\\Console\\Output\\ConsoleOutput))
#21 /Users/mejievski/Desktop/Projects/Formely/backend/artisan(16): Illuminate\\Foundation\\Application->handleCommand(Object(Symfony\\Component\\Console\\Input\\ArgvInput))
#22 {main}
"} 
[2026-05-27 12:46:32] local.INFO: Dashboard Users Count {"all_users":12,"admin_users":1,"student_users":10,"instructor_users":1,"total_users":10} 
[2026-05-27 12:46:32] local.INFO: Dashboard Users Count {"all_users":12,"admin_users":1,"student_users":10,"instructor_users":1,"total_users":10} 
[2026-05-27 12:52:44] local.INFO: User logged in {"user_id":3,"email":"student01@formely.local","ip":"127.0.0.1","user_agent":"Mozilla/5.0 (Macintosh; Intel Mac OS X 10_15_7) AppleWebKit/537.36 (KHTML, like Gecko) Chrome/148.0.0.0 Safari/537.36","session_id":"TmxbKcd6qHtGL1HbhjrGzXOGP4znYZyyXu04qeRW","session_name":"formely-session"} 
[2026-05-27 12:52:44] local.INFO: Login response headers {"set_cookie_header":null} 
[2026-05-27 12:59:30] testing.ERROR: SQLSTATE[HY000]: General error: 1 no such table: courses (Connection: sqlite, SQL: select * from "courses" where "courses"."id" = 1 limit 1) {"exception":"[object] (Illuminate\\Database\\QueryException(code: HY000): SQLSTATE[HY000]: General error: 1 no such table: courses (Connection: sqlite, SQL: select * from \"courses\" where \"courses\".\"id\" = 1 limit 1) at /Users/mejievski/Desktop/Projects/Formely/backend/vendor/laravel/framework/src/Illuminate/Database/Connection.php:824)
[stacktrace]
#0 /Users/mejievski/Desktop/Projects/Formely/backend/vendor/laravel/framework/src/Illuminate/Database/Connection.php(778): Illuminate\\Database\\Connection->runQueryCallback('select * from \"...', Array, Object(Closure))
#1 /Users/mejievski/Desktop/Projects/Formely/backend/vendor/laravel/framework/src/Illuminate/Database/Connection.php(397): Illuminate\\Database\\Connection->run('select * from \"...', Array, Object(Closure))
#2 /Users/mejievski/Desktop/Projects/Formely/backend/vendor/laravel/framework/src/Illuminate/Database/Query/Builder.php(3188): Illuminate\\Database\\Connection->select('select * from \"...', Array, true)
#3 /Users/mejievski/Desktop/Projects/Formely/backend/vendor/laravel/framework/src/Illuminate/Database/Query/Builder.php(3173): Illuminate\\Database\\Query\\Builder->runSelect()
#4 /Users/mejievski/Desktop/Projects/Formely/backend/vendor/laravel/framework/src/Illuminate/Database/Query/Builder.php(3763): Illuminate\\Database\\Query\\Builder->{closure:Illuminate\\Database\\Query\\Builder::get():3172}()
#5 /Users/mejievski/Desktop/Projects/Formely/backend/vendor/laravel/framework/src/Illuminate/Database/Query/Builder.php(3172): Illuminate\\Database\\Query\\Builder->onceWithColumns(Array, Object(Closure))
#6 /Users/mejievski/Desktop/Projects/Formely/backend/vendor/laravel/framework/src/Illuminate/Database/Eloquent/Builder.php(902): Illuminate\\Database\\Query\\Builder->get(Array)
#7 /Users/mejievski/Desktop/Projects/Formely/backend/vendor/laravel/framework/src/Illuminate/Database/Eloquent/Builder.php(884): Illuminate\\Database\\Eloquent\\Builder->getModels(Array)
#8 /Users/mejievski/Desktop/Projects/Formely/backend/vendor/laravel/framework/src/Illuminate/Database/Concerns/BuildsQueries.php(366): Illuminate\\Database\\Eloquent\\Builder->get(Array)
#9 /Users/mejievski/Desktop/Projects/Formely/backend/vendor/laravel/framework/src/Illuminate/Database/Eloquent/Builder.php(568): Illuminate\\Database\\Eloquent\\Builder->first(Array)
#10 /Users/mejievski/Desktop/Projects/Formely/backend/app/Jobs/SyncAiKnowledgeJob.php(49): Illuminate\\Database\\Eloquent\\Builder->find(1)
#11 /Users/mejievski/Desktop/Projects/Formely/backend/vendor/laravel/framework/src/Illuminate/Container/BoundMethod.php(36): App\\Jobs\\SyncAiKnowledgeJob->handle(Object(App\\Services\\AIKnowledgeService))
#12 /Users/mejievski/Desktop/Projects/Formely/backend/vendor/laravel/framework/src/Illuminate/Container/Util.php(43): Illuminate\\Container\\BoundMethod::{closure:Illuminate\\Container\\BoundMethod::call():35}()
#13 /Users/mejievski/Desktop/Projects/Formely/backend/vendor/laravel/framework/src/Illuminate/Container/BoundMethod.php(96): Illuminate\\Container\\Util::unwrapIfClosure(Object(Closure))
#14 /Users/mejievski/Desktop/Projects/Formely/backend/vendor/laravel/framework/src/Illuminate/Container/BoundMethod.php(35): Illuminate\\Container\\BoundMethod::callBoundMethod(Object(Illuminate\\Foundation\\Application), Array, Object(Closure))
#15 /Users/mejievski/Desktop/Projects/Formely/backend/vendor/laravel/framework/src/Illuminate/Container/Container.php(836): Illuminate\\Container\\BoundMethod::call(Object(Illuminate\\Foundation\\Application), Array, Array, NULL)
#16 /Users/mejievski/Desktop/Projects/Formely/backend/vendor/laravel/framework/src/Illuminate/Bus/Dispatcher.php(129): Illuminate\\Container\\Container->call(Array)
#17 /Users/mejievski/Desktop/Projects/Formely/backend/vendor/laravel/framework/src/Illuminate/Pipeline/Pipeline.php(180): Illuminate\\Bus\\Dispatcher->{closure:Illuminate\\Bus\\Dispatcher::dispatchNow():126}(Object(App\\Jobs\\SyncAiKnowledgeJob))
#18 /Users/mejievski/Desktop/Projects/Formely/backend/vendor/laravel/framework/src/Illuminate/Pipeline/Pipeline.php(137): Illuminate\\Pipeline\\Pipeline->{closure:Illuminate\\Pipeline\\Pipeline::prepareDestination():178}(Object(App\\Jobs\\SyncAiKnowledgeJob))
#19 /Users/mejievski/Desktop/Projects/Formely/backend/vendor/laravel/framework/src/Illuminate/Bus/Dispatcher.php(133): Illuminate\\Pipeline\\Pipeline->then(Object(Closure))
#20 /Users/mejievski/Desktop/Projects/Formely/backend/vendor/laravel/framework/src/Illuminate/Queue/CallQueuedHandler.php(134): Illuminate\\Bus\\Dispatcher->dispatchNow(Object(App\\Jobs\\SyncAiKnowledgeJob), false)
#21 /Users/mejievski/Desktop/Projects/Formely/backend/vendor/laravel/framework/src/Illuminate/Pipeline/Pipeline.php(180): Illuminate\\Queue\\CallQueuedHandler->{closure:Illuminate\\Queue\\CallQueuedHandler::dispatchThroughMiddleware():127}(Object(App\\Jobs\\SyncAiKnowledgeJob))
#22 /Users/mejievski/Desktop/Projects/Formely/backend/vendor/laravel/framework/src/Illuminate/Pipeline/Pipeline.php(137): Illuminate\\Pipeline\\Pipeline->{closure:Illuminate\\Pipeline\\Pipeline::prepareDestination():178}(Object(App\\Jobs\\SyncAiKnowledgeJob))
#23 /Users/mejievski/Desktop/Projects/Formely/backend/vendor/laravel/framework/src/Illuminate/Queue/CallQueuedHandler.php(127): Illuminate\\Pipeline\\Pipeline->then(Object(Closure))
#24 /Users/mejievski/Desktop/Projects/Formely/backend/vendor/laravel/framework/src/Illuminate/Queue/CallQueuedHandler.php(68): Illuminate\\Queue\\CallQueuedHandler->dispatchThroughMiddleware(Object(Illuminate\\Queue\\Jobs\\SyncJob), Object(App\\Jobs\\SyncAiKnowledgeJob))
#25 /Users/mejievski/Desktop/Projects/Formely/backend/vendor/laravel/framework/src/Illuminate/Queue/Jobs/Job.php(102): Illuminate\\Queue\\CallQueuedHandler->call(Object(Illuminate\\Queue\\Jobs\\SyncJob), Array)
#26 /Users/mejievski/Desktop/Projects/Formely/backend/vendor/laravel/framework/src/Illuminate/Queue/SyncQueue.php(130): Illuminate\\Queue\\Jobs\\Job->fire()
#27 /Users/mejievski/Desktop/Projects/Formely/backend/vendor/laravel/framework/src/Illuminate/Queue/SyncQueue.php(110): Illuminate\\Queue\\SyncQueue->executeJob(Object(App\\Jobs\\SyncAiKnowledgeJob), '', NULL)
#28 laravel-serializable-closure://fn () => \\Illuminate\\Support\\Facades\\Queue::connection('sync')->push($job, $data, $queue)
        (2): Illuminate\\Queue\\SyncQueue->push(Object(App\\Jobs\\SyncAiKnowledgeJob), '', NULL)
#29 [internal function]: Illuminate\\Queue\\BackgroundQueue::{closure:laravel-serializable-closure://fn () => \\Illuminate\\Support\\Facades\\Queue::connection('sync')->push($job, $data, $queue)
        :2}()
#30 /Users/mejievski/Desktop/Projects/Formely/backend/vendor/laravel/serializable-closure/src/Serializers/Signed.php(43): call_user_func_array(Object(Closure), Array)
#31 [internal function]: Laravel\\SerializableClosure\\Serializers\\Signed->__invoke()
#32 /Users/mejievski/Desktop/Projects/Formely/backend/vendor/laravel/serializable-closure/src/SerializableClosure.php(39): call_user_func_array(Object(Laravel\\SerializableClosure\\Serializers\\Signed), Array)
#33 /Users/mejievski/Desktop/Projects/Formely/backend/vendor/laravel/framework/src/Illuminate/Container/BoundMethod.php(36): Laravel\\SerializableClosure\\SerializableClosure->__invoke()
#34 /Users/mejievski/Desktop/Projects/Formely/backend/vendor/laravel/framework/src/Illuminate/Container/Util.php(43): Illuminate\\Container\\BoundMethod::{closure:Illuminate\\Container\\BoundMethod::call():35}()
#35 /Users/mejievski/Desktop/Projects/Formely/backend/vendor/laravel/framework/src/Illuminate/Container/BoundMethod.php(84): Illuminate\\Container\\Util::unwrapIfClosure(Object(Closure))
#36 /Users/mejievski/Desktop/Projects/Formely/backend/vendor/laravel/framework/src/Illuminate/Container/BoundMethod.php(35): Illuminate\\Container\\BoundMethod::callBoundMethod(Object(Illuminate\\Foundation\\Application), Object(Laravel\\SerializableClosure\\SerializableClosure), Object(Closure))
#37 /Users/mejievski/Desktop/Projects/Formely/backend/vendor/laravel/framework/src/Illuminate/Container/Container.php(836): Illuminate\\Container\\BoundMethod::call(Object(Illuminate\\Foundation\\Application), Object(Laravel\\SerializableClosure\\SerializableClosure), Array, NULL)
#38 /Users/mejievski/Desktop/Projects/Formely/backend/vendor/laravel/framework/src/Illuminate/Concurrency/Console/InvokeSerializedClosureCommand.php(46): Illuminate\\Container\\Container->call(Object(Laravel\\SerializableClosure\\SerializableClosure))
#39 /Users/mejievski/Desktop/Projects/Formely/backend/vendor/laravel/framework/src/Illuminate/Container/BoundMethod.php(36): Illuminate\\Concurrency\\Console\\InvokeSerializedClosureCommand->handle()
#40 /Users/mejievski/Desktop/Projects/Formely/backend/vendor/laravel/framework/src/Illuminate/Container/Util.php(43): Illuminate\\Container\\BoundMethod::{closure:Illuminate\\Container\\BoundMethod::call():35}()
#41 /Users/mejievski/Desktop/Projects/Formely/backend/vendor/laravel/framework/src/Illuminate/Container/BoundMethod.php(96): Illuminate\\Container\\Util::unwrapIfClosure(Object(Closure))
#42 /Users/mejievski/Desktop/Projects/Formely/backend/vendor/laravel/framework/src/Illuminate/Container/BoundMethod.php(35): Illuminate\\Container\\BoundMethod::callBoundMethod(Object(Illuminate\\Foundation\\Application), Array, Object(Closure))
#43 /Users/mejievski/Desktop/Projects/Formely/backend/vendor/laravel/framework/src/Illuminate/Container/Container.php(836): Illuminate\\Container\\BoundMethod::call(Object(Illuminate\\Foundation\\Application), Array, Array, NULL)
#44 /Users/mejievski/Desktop/Projects/Formely/backend/vendor/laravel/framework/src/Illuminate/Console/Command.php(211): Illuminate\\Container\\Container->call(Array)
#45 /Users/mejievski/Desktop/Projects/Formely/backend/vendor/symfony/console/Command/Command.php(318): Illuminate\\Console\\Command->execute(Object(Symfony\\Component\\Console\\Input\\ArgvInput), Object(Illuminate\\Console\\OutputStyle))
#46 /Users/mejievski/Desktop/Projects/Formely/backend/vendor/laravel/framework/src/Illuminate/Console/Command.php(180): Symfony\\Component\\Console\\Command\\Command->run(Object(Symfony\\Component\\Console\\Input\\ArgvInput), Object(Illuminate\\Console\\OutputStyle))
#47 /Users/mejievski/Desktop/Projects/Formely/backend/vendor/symfony/console/Application.php(1055): Illuminate\\Console\\Command->run(Object(Symfony\\Component\\Console\\Input\\ArgvInput), Object(Symfony\\Component\\Console\\Output\\ConsoleOutput))
#48 /Users/mejievski/Desktop/Projects/Formely/backend/vendor/symfony/console/Application.php(356): Symfony\\Component\\Console\\Application->doRunCommand(Object(Illuminate\\Concurrency\\Console\\InvokeSerializedClosureCommand), Object(Symfony\\Component\\Console\\Input\\ArgvInput), Object(Symfony\\Component\\Console\\Output\\ConsoleOutput))
#49 /Users/mejievski/Desktop/Projects/Formely/backend/vendor/symfony/console/Application.php(195): Symfony\\Component\\Console\\Application->doRun(Object(Symfony\\Component\\Console\\Input\\ArgvInput), Object(Symfony\\Component\\Console\\Output\\ConsoleOutput))
#50 /Users/mejievski/Desktop/Projects/Formely/backend/vendor/laravel/framework/src/Illuminate/Foundation/Console/Kernel.php(197): Symfony\\Component\\Console\\Application->run(Object(Symfony\\Component\\Console\\Input\\ArgvInput), Object(Symfony\\Component\\Console\\Output\\ConsoleOutput))
#51 /Users/mejievski/Desktop/Projects/Formely/backend/vendor/laravel/framework/src/Illuminate/Foundation/Application.php(1235): Illuminate\\Foundation\\Console\\Kernel->handle(Object(Symfony\\Component\\Console\\Input\\ArgvInput), Object(Symfony\\Component\\Console\\Output\\ConsoleOutput))
#52 /Users/mejievski/Desktop/Projects/Formely/backend/artisan(16): Illuminate\\Foundation\\Application->handleCommand(Object(Symfony\\Component\\Console\\Input\\ArgvInput))
#53 {main}

[previous exception] [object] (PDOException(code: HY000): SQLSTATE[HY000]: General error: 1 no such table: courses at /Users/mejievski/Desktop/Projects/Formely/backend/vendor/laravel/framework/src/Illuminate/Database/Connection.php:406)
[stacktrace]
#0 /Users/mejievski/Desktop/Projects/Formely/backend/vendor/laravel/framework/src/Illuminate/Database/Connection.php(406): PDO->prepare('select * from \"...')
#1 /Users/mejievski/Desktop/Projects/Formely/backend/vendor/laravel/framework/src/Illuminate/Database/Connection.php(811): Illuminate\\Database\\Connection->{closure:Illuminate\\Database\\Connection::select():397}('select * from \"...', Array)
#2 /Users/mejievski/Desktop/Projects/Formely/backend/vendor/laravel/framework/src/Illuminate/Database/Connection.php(778): Illuminate\\Database\\Connection->runQueryCallback('select * from \"...', Array, Object(Closure))
#3 /Users/mejievski/Desktop/Projects/Formely/backend/vendor/laravel/framework/src/Illuminate/Database/Connection.php(397): Illuminate\\Database\\Connection->run('select * from \"...', Array, Object(Closure))
#4 /Users/mejievski/Desktop/Projects/Formely/backend/vendor/laravel/framework/src/Illuminate/Database/Query/Builder.php(3188): Illuminate\\Database\\Connection->select('select * from \"...', Array, true)
#5 /Users/mejievski/Desktop/Projects/Formely/backend/vendor/laravel/framework/src/Illuminate/Database/Query/Builder.php(3173): Illuminate\\Database\\Query\\Builder->runSelect()
#6 /Users/mejievski/Desktop/Projects/Formely/backend/vendor/laravel/framework/src/Illuminate/Database/Query/Builder.php(3763): Illuminate\\Database\\Query\\Builder->{closure:Illuminate\\Database\\Query\\Builder::get():3172}()
#7 /Users/mejievski/Desktop/Projects/Formely/backend/vendor/laravel/framework/src/Illuminate/Database/Query/Builder.php(3172): Illuminate\\Database\\Query\\Builder->onceWithColumns(Array, Object(Closure))
#8 /Users/mejievski/Desktop/Projects/Formely/backend/vendor/laravel/framework/src/Illuminate/Database/Eloquent/Builder.php(902): Illuminate\\Database\\Query\\Builder->get(Array)
#9 /Users/mejievski/Desktop/Projects/Formely/backend/vendor/laravel/framework/src/Illuminate/Database/Eloquent/Builder.php(884): Illuminate\\Database\\Eloquent\\Builder->getModels(Array)
#10 /Users/mejievski/Desktop/Projects/Formely/backend/vendor/laravel/framework/src/Illuminate/Database/Concerns/BuildsQueries.php(366): Illuminate\\Database\\Eloquent\\Builder->get(Array)
#11 /Users/mejievski/Desktop/Projects/Formely/backend/vendor/laravel/framework/src/Illuminate/Database/Eloquent/Builder.php(568): Illuminate\\Database\\Eloquent\\Builder->first(Array)
#12 /Users/mejievski/Desktop/Projects/Formely/backend/app/Jobs/SyncAiKnowledgeJob.php(49): Illuminate\\Database\\Eloquent\\Builder->find(1)
#13 /Users/mejievski/Desktop/Projects/Formely/backend/vendor/laravel/framework/src/Illuminate/Container/BoundMethod.php(36): App\\Jobs\\SyncAiKnowledgeJob->handle(Object(App\\Services\\AIKnowledgeService))
#14 /Users/mejievski/Desktop/Projects/Formely/backend/vendor/laravel/framework/src/Illuminate/Container/Util.php(43): Illuminate\\Container\\BoundMethod::{closure:Illuminate\\Container\\BoundMethod::call():35}()
#15 /Users/mejievski/Desktop/Projects/Formely/backend/vendor/laravel/framework/src/Illuminate/Container/BoundMethod.php(96): Illuminate\\Container\\Util::unwrapIfClosure(Object(Closure))
#16 /Users/mejievski/Desktop/Projects/Formely/backend/vendor/laravel/framework/src/Illuminate/Container/BoundMethod.php(35): Illuminate\\Container\\BoundMethod::callBoundMethod(Object(Illuminate\\Foundation\\Application), Array, Object(Closure))
#17 /Users/mejievski/Desktop/Projects/Formely/backend/vendor/laravel/framework/src/Illuminate/Container/Container.php(836): Illuminate\\Container\\BoundMethod::call(Object(Illuminate\\Foundation\\Application), Array, Array, NULL)
#18 /Users/mejievski/Desktop/Projects/Formely/backend/vendor/laravel/framework/src/Illuminate/Bus/Dispatcher.php(129): Illuminate\\Container\\Container->call(Array)
#19 /Users/mejievski/Desktop/Projects/Formely/backend/vendor/laravel/framework/src/Illuminate/Pipeline/Pipeline.php(180): Illuminate\\Bus\\Dispatcher->{closure:Illuminate\\Bus\\Dispatcher::dispatchNow():126}(Object(App\\Jobs\\SyncAiKnowledgeJob))
#20 /Users/mejievski/Desktop/Projects/Formely/backend/vendor/laravel/framework/src/Illuminate/Pipeline/Pipeline.php(137): Illuminate\\Pipeline\\Pipeline->{closure:Illuminate\\Pipeline\\Pipeline::prepareDestination():178}(Object(App\\Jobs\\SyncAiKnowledgeJob))
#21 /Users/mejievski/Desktop/Projects/Formely/backend/vendor/laravel/framework/src/Illuminate/Bus/Dispatcher.php(133): Illuminate\\Pipeline\\Pipeline->then(Object(Closure))
#22 /Users/mejievski/Desktop/Projects/Formely/backend/vendor/laravel/framework/src/Illuminate/Queue/CallQueuedHandler.php(134): Illuminate\\Bus\\Dispatcher->dispatchNow(Object(App\\Jobs\\SyncAiKnowledgeJob), false)
#23 /Users/mejievski/Desktop/Projects/Formely/backend/vendor/laravel/framework/src/Illuminate/Pipeline/Pipeline.php(180): Illuminate\\Queue\\CallQueuedHandler->{closure:Illuminate\\Queue\\CallQueuedHandler::dispatchThroughMiddleware():127}(Object(App\\Jobs\\SyncAiKnowledgeJob))
#24 /Users/mejievski/Desktop/Projects/Formely/backend/vendor/laravel/framework/src/Illuminate/Pipeline/Pipeline.php(137): Illuminate\\Pipeline\\Pipeline->{closure:Illuminate\\Pipeline\\Pipeline::prepareDestination():178}(Object(App\\Jobs\\SyncAiKnowledgeJob))
#25 /Users/mejievski/Desktop/Projects/Formely/backend/vendor/laravel/framework/src/Illuminate/Queue/CallQueuedHandler.php(127): Illuminate\\Pipeline\\Pipeline->then(Object(Closure))
#26 /Users/mejievski/Desktop/Projects/Formely/backend/vendor/laravel/framework/src/Illuminate/Queue/CallQueuedHandler.php(68): Illuminate\\Queue\\CallQueuedHandler->dispatchThroughMiddleware(Object(Illuminate\\Queue\\Jobs\\SyncJob), Object(App\\Jobs\\SyncAiKnowledgeJob))
#27 /Users/mejievski/Desktop/Projects/Formely/backend/vendor/laravel/framework/src/Illuminate/Queue/Jobs/Job.php(102): Illuminate\\Queue\\CallQueuedHandler->call(Object(Illuminate\\Queue\\Jobs\\SyncJob), Array)
#28 /Users/mejievski/Desktop/Projects/Formely/backend/vendor/laravel/framework/src/Illuminate/Queue/SyncQueue.php(130): Illuminate\\Queue\\Jobs\\Job->fire()
#29 /Users/mejievski/Desktop/Projects/Formely/backend/vendor/laravel/framework/src/Illuminate/Queue/SyncQueue.php(110): Illuminate\\Queue\\SyncQueue->executeJob(Object(App\\Jobs\\SyncAiKnowledgeJob), '', NULL)
#30 laravel-serializable-closure://fn () => \\Illuminate\\Support\\Facades\\Queue::connection('sync')->push($job, $data, $queue)
        (2): Illuminate\\Queue\\SyncQueue->push(Object(App\\Jobs\\SyncAiKnowledgeJob), '', NULL)
#31 [internal function]: Illuminate\\Queue\\BackgroundQueue::{closure:laravel-serializable-closure://fn () => \\Illuminate\\Support\\Facades\\Queue::connection('sync')->push($job, $data, $queue)
        :2}()
#32 /Users/mejievski/Desktop/Projects/Formely/backend/vendor/laravel/serializable-closure/src/Serializers/Signed.php(43): call_user_func_array(Object(Closure), Array)
#33 [internal function]: Laravel\\SerializableClosure\\Serializers\\Signed->__invoke()
#34 /Users/mejievski/Desktop/Projects/Formely/backend/vendor/laravel/serializable-closure/src/SerializableClosure.php(39): call_user_func_array(Object(Laravel\\SerializableClosure\\Serializers\\Signed), Array)
#35 /Users/mejievski/Desktop/Projects/Formely/backend/vendor/laravel/framework/src/Illuminate/Container/BoundMethod.php(36): Laravel\\SerializableClosure\\SerializableClosure->__invoke()
#36 /Users/mejievski/Desktop/Projects/Formely/backend/vendor/laravel/framework/src/Illuminate/Container/Util.php(43): Illuminate\\Container\\BoundMethod::{closure:Illuminate\\Container\\BoundMethod::call():35}()
#37 /Users/mejievski/Desktop/Projects/Formely/backend/vendor/laravel/framework/src/Illuminate/Container/BoundMethod.php(84): Illuminate\\Container\\Util::unwrapIfClosure(Object(Closure))
#38 /Users/mejievski/Desktop/Projects/Formely/backend/vendor/laravel/framework/src/Illuminate/Container/BoundMethod.php(35): Illuminate\\Container\\BoundMethod::callBoundMethod(Object(Illuminate\\Foundation\\Application), Object(Laravel\\SerializableClosure\\SerializableClosure), Object(Closure))
#39 /Users/mejievski/Desktop/Projects/Formely/backend/vendor/laravel/framework/src/Illuminate/Container/Container.php(836): Illuminate\\Container\\BoundMethod::call(Object(Illuminate\\Foundation\\Application), Object(Laravel\\SerializableClosure\\SerializableClosure), Array, NULL)
#40 /Users/mejievski/Desktop/Projects/Formely/backend/vendor/laravel/framework/src/Illuminate/Concurrency/Console/InvokeSerializedClosureCommand.php(46): Illuminate\\Container\\Container->call(Object(Laravel\\SerializableClosure\\SerializableClosure))
#41 /Users/mejievski/Desktop/Projects/Formely/backend/vendor/laravel/framework/src/Illuminate/Container/BoundMethod.php(36): Illuminate\\Concurrency\\Console\\InvokeSerializedClosureCommand->handle()
#42 /Users/mejievski/Desktop/Projects/Formely/backend/vendor/laravel/framework/src/Illuminate/Container/Util.php(43): Illuminate\\Container\\BoundMethod::{closure:Illuminate\\Container\\BoundMethod::call():35}()
#43 /Users/mejievski/Desktop/Projects/Formely/backend/vendor/laravel/framework/src/Illuminate/Container/BoundMethod.php(96): Illuminate\\Container\\Util::unwrapIfClosure(Object(Closure))
#44 /Users/mejievski/Desktop/Projects/Formely/backend/vendor/laravel/framework/src/Illuminate/Container/BoundMethod.php(35): Illuminate\\Container\\BoundMethod::callBoundMethod(Object(Illuminate\\Foundation\\Application), Array, Object(Closure))
#45 /Users/mejievski/Desktop/Projects/Formely/backend/vendor/laravel/framework/src/Illuminate/Container/Container.php(836): Illuminate\\Container\\BoundMethod::call(Object(Illuminate\\Foundation\\Application), Array, Array, NULL)
#46 /Users/mejievski/Desktop/Projects/Formely/backend/vendor/laravel/framework/src/Illuminate/Console/Command.php(211): Illuminate\\Container\\Container->call(Array)
#47 /Users/mejievski/Desktop/Projects/Formely/backend/vendor/symfony/console/Command/Command.php(318): Illuminate\\Console\\Command->execute(Object(Symfony\\Component\\Console\\Input\\ArgvInput), Object(Illuminate\\Console\\OutputStyle))
#48 /Users/mejievski/Desktop/Projects/Formely/backend/vendor/laravel/framework/src/Illuminate/Console/Command.php(180): Symfony\\Component\\Console\\Command\\Command->run(Object(Symfony\\Component\\Console\\Input\\ArgvInput), Object(Illuminate\\Console\\OutputStyle))
#49 /Users/mejievski/Desktop/Projects/Formely/backend/vendor/symfony/console/Application.php(1055): Illuminate\\Console\\Command->run(Object(Symfony\\Component\\Console\\Input\\ArgvInput), Object(Symfony\\Component\\Console\\Output\\ConsoleOutput))
#50 /Users/mejievski/Desktop/Projects/Formely/backend/vendor/symfony/console/Application.php(356): Symfony\\Component\\Console\\Application->doRunCommand(Object(Illuminate\\Concurrency\\Console\\InvokeSerializedClosureCommand), Object(Symfony\\Component\\Console\\Input\\ArgvInput), Object(Symfony\\Component\\Console\\Output\\ConsoleOutput))
#51 /Users/mejievski/Desktop/Projects/Formely/backend/vendor/symfony/console/Application.php(195): Symfony\\Component\\Console\\Application->doRun(Object(Symfony\\Component\\Console\\Input\\ArgvInput), Object(Symfony\\Component\\Console\\Output\\ConsoleOutput))
#52 /Users/mejievski/Desktop/Projects/Formely/backend/vendor/laravel/framework/src/Illuminate/Foundation/Console/Kernel.php(197): Symfony\\Component\\Console\\Application->run(Object(Symfony\\Component\\Console\\Input\\ArgvInput), Object(Symfony\\Component\\Console\\Output\\ConsoleOutput))
#53 /Users/mejievski/Desktop/Projects/Formely/backend/vendor/laravel/framework/src/Illuminate/Foundation/Application.php(1235): Illuminate\\Foundation\\Console\\Kernel->handle(Object(Symfony\\Component\\Console\\Input\\ArgvInput), Object(Symfony\\Component\\Console\\Output\\ConsoleOutput))
#54 /Users/mejievski/Desktop/Projects/Formely/backend/artisan(16): Illuminate\\Foundation\\Application->handleCommand(Object(Symfony\\Component\\Console\\Input\\ArgvInput))
#55 {main}
"} 
[2026-05-27 12:59:35] testing.ERROR: SQLSTATE[HY000]: General error: 1 no such table: courses (Connection: sqlite, SQL: select * from "courses" where "courses"."id" = 1 limit 1) {"exception":"[object] (Illuminate\\Database\\QueryException(code: HY000): SQLSTATE[HY000]: General error: 1 no such table: courses (Connection: sqlite, SQL: select * from \"courses\" where \"courses\".\"id\" = 1 limit 1) at /Users/mejievski/Desktop/Projects/Formely/backend/vendor/laravel/framework/src/Illuminate/Database/Connection.php:824)
[stacktrace]
#0 /Users/mejievski/Desktop/Projects/Formely/backend/vendor/laravel/framework/src/Illuminate/Database/Connection.php(778): Illuminate\\Database\\Connection->runQueryCallback('select * from \"...', Array, Object(Closure))
#1 /Users/mejievski/Desktop/Projects/Formely/backend/vendor/laravel/framework/src/Illuminate/Database/Connection.php(397): Illuminate\\Database\\Connection->run('select * from \"...', Array, Object(Closure))
#2 /Users/mejievski/Desktop/Projects/Formely/backend/vendor/laravel/framework/src/Illuminate/Database/Query/Builder.php(3188): Illuminate\\Database\\Connection->select('select * from \"...', Array, true)
#3 /Users/mejievski/Desktop/Projects/Formely/backend/vendor/laravel/framework/src/Illuminate/Database/Query/Builder.php(3173): Illuminate\\Database\\Query\\Builder->runSelect()
#4 /Users/mejievski/Desktop/Projects/Formely/backend/vendor/laravel/framework/src/Illuminate/Database/Query/Builder.php(3763): Illuminate\\Database\\Query\\Builder->{closure:Illuminate\\Database\\Query\\Builder::get():3172}()
#5 /Users/mejievski/Desktop/Projects/Formely/backend/vendor/laravel/framework/src/Illuminate/Database/Query/Builder.php(3172): Illuminate\\Database\\Query\\Builder->onceWithColumns(Array, Object(Closure))
#6 /Users/mejievski/Desktop/Projects/Formely/backend/vendor/laravel/framework/src/Illuminate/Database/Eloquent/Builder.php(902): Illuminate\\Database\\Query\\Builder->get(Array)
#7 /Users/mejievski/Desktop/Projects/Formely/backend/vendor/laravel/framework/src/Illuminate/Database/Eloquent/Builder.php(884): Illuminate\\Database\\Eloquent\\Builder->getModels(Array)
#8 /Users/mejievski/Desktop/Projects/Formely/backend/vendor/laravel/framework/src/Illuminate/Database/Concerns/BuildsQueries.php(366): Illuminate\\Database\\Eloquent\\Builder->get(Array)
#9 /Users/mejievski/Desktop/Projects/Formely/backend/vendor/laravel/framework/src/Illuminate/Database/Eloquent/Builder.php(568): Illuminate\\Database\\Eloquent\\Builder->first(Array)
#10 /Users/mejievski/Desktop/Projects/Formely/backend/app/Jobs/SyncAiKnowledgeJob.php(49): Illuminate\\Database\\Eloquent\\Builder->find(1)
#11 /Users/mejievski/Desktop/Projects/Formely/backend/vendor/laravel/framework/src/Illuminate/Container/BoundMethod.php(36): App\\Jobs\\SyncAiKnowledgeJob->handle(Object(App\\Services\\AIKnowledgeService))
#12 /Users/mejievski/Desktop/Projects/Formely/backend/vendor/laravel/framework/src/Illuminate/Container/Util.php(43): Illuminate\\Container\\BoundMethod::{closure:Illuminate\\Container\\BoundMethod::call():35}()
#13 /Users/mejievski/Desktop/Projects/Formely/backend/vendor/laravel/framework/src/Illuminate/Container/BoundMethod.php(96): Illuminate\\Container\\Util::unwrapIfClosure(Object(Closure))
#14 /Users/mejievski/Desktop/Projects/Formely/backend/vendor/laravel/framework/src/Illuminate/Container/BoundMethod.php(35): Illuminate\\Container\\BoundMethod::callBoundMethod(Object(Illuminate\\Foundation\\Application), Array, Object(Closure))
#15 /Users/mejievski/Desktop/Projects/Formely/backend/vendor/laravel/framework/src/Illuminate/Container/Container.php(836): Illuminate\\Container\\BoundMethod::call(Object(Illuminate\\Foundation\\Application), Array, Array, NULL)
#16 /Users/mejievski/Desktop/Projects/Formely/backend/vendor/laravel/framework/src/Illuminate/Bus/Dispatcher.php(129): Illuminate\\Container\\Container->call(Array)
#17 /Users/mejievski/Desktop/Projects/Formely/backend/vendor/laravel/framework/src/Illuminate/Pipeline/Pipeline.php(180): Illuminate\\Bus\\Dispatcher->{closure:Illuminate\\Bus\\Dispatcher::dispatchNow():126}(Object(App\\Jobs\\SyncAiKnowledgeJob))
#18 /Users/mejievski/Desktop/Projects/Formely/backend/vendor/laravel/framework/src/Illuminate/Pipeline/Pipeline.php(137): Illuminate\\Pipeline\\Pipeline->{closure:Illuminate\\Pipeline\\Pipeline::prepareDestination():178}(Object(App\\Jobs\\SyncAiKnowledgeJob))
#19 /Users/mejievski/Desktop/Projects/Formely/backend/vendor/laravel/framework/src/Illuminate/Bus/Dispatcher.php(133): Illuminate\\Pipeline\\Pipeline->then(Object(Closure))
#20 /Users/mejievski/Desktop/Projects/Formely/backend/vendor/laravel/framework/src/Illuminate/Queue/CallQueuedHandler.php(134): Illuminate\\Bus\\Dispatcher->dispatchNow(Object(App\\Jobs\\SyncAiKnowledgeJob), false)
#21 /Users/mejievski/Desktop/Projects/Formely/backend/vendor/laravel/framework/src/Illuminate/Pipeline/Pipeline.php(180): Illuminate\\Queue\\CallQueuedHandler->{closure:Illuminate\\Queue\\CallQueuedHandler::dispatchThroughMiddleware():127}(Object(App\\Jobs\\SyncAiKnowledgeJob))
#22 /Users/mejievski/Desktop/Projects/Formely/backend/vendor/laravel/framework/src/Illuminate/Pipeline/Pipeline.php(137): Illuminate\\Pipeline\\Pipeline->{closure:Illuminate\\Pipeline\\Pipeline::prepareDestination():178}(Object(App\\Jobs\\SyncAiKnowledgeJob))
#23 /Users/mejievski/Desktop/Projects/Formely/backend/vendor/laravel/framework/src/Illuminate/Queue/CallQueuedHandler.php(127): Illuminate\\Pipeline\\Pipeline->then(Object(Closure))
#24 /Users/mejievski/Desktop/Projects/Formely/backend/vendor/laravel/framework/src/Illuminate/Queue/CallQueuedHandler.php(68): Illuminate\\Queue\\CallQueuedHandler->dispatchThroughMiddleware(Object(Illuminate\\Queue\\Jobs\\SyncJob), Object(App\\Jobs\\SyncAiKnowledgeJob))
#25 /Users/mejievski/Desktop/Projects/Formely/backend/vendor/laravel/framework/src/Illuminate/Queue/Jobs/Job.php(102): Illuminate\\Queue\\CallQueuedHandler->call(Object(Illuminate\\Queue\\Jobs\\SyncJob), Array)
#26 /Users/mejievski/Desktop/Projects/Formely/backend/vendor/laravel/framework/src/Illuminate/Queue/SyncQueue.php(130): Illuminate\\Queue\\Jobs\\Job->fire()
#27 /Users/mejievski/Desktop/Projects/Formely/backend/vendor/laravel/framework/src/Illuminate/Queue/SyncQueue.php(110): Illuminate\\Queue\\SyncQueue->executeJob(Object(App\\Jobs\\SyncAiKnowledgeJob), '', NULL)
#28 laravel-serializable-closure://fn () => \\Illuminate\\Support\\Facades\\Queue::connection('sync')->push($job, $data, $queue)
        (2): Illuminate\\Queue\\SyncQueue->push(Object(App\\Jobs\\SyncAiKnowledgeJob), '', NULL)
#29 [internal function]: Illuminate\\Queue\\BackgroundQueue::{closure:laravel-serializable-closure://fn () => \\Illuminate\\Support\\Facades\\Queue::connection('sync')->push($job, $data, $queue)
        :2}()
#30 /Users/mejievski/Desktop/Projects/Formely/backend/vendor/laravel/serializable-closure/src/Serializers/Signed.php(43): call_user_func_array(Object(Closure), Array)
#31 [internal function]: Laravel\\SerializableClosure\\Serializers\\Signed->__invoke()
#32 /Users/mejievski/Desktop/Projects/Formely/backend/vendor/laravel/serializable-closure/src/SerializableClosure.php(39): call_user_func_array(Object(Laravel\\SerializableClosure\\Serializers\\Signed), Array)
#33 /Users/mejievski/Desktop/Projects/Formely/backend/vendor/laravel/framework/src/Illuminate/Container/BoundMethod.php(36): Laravel\\SerializableClosure\\SerializableClosure->__invoke()
#34 /Users/mejievski/Desktop/Projects/Formely/backend/vendor/laravel/framework/src/Illuminate/Container/Util.php(43): Illuminate\\Container\\BoundMethod::{closure:Illuminate\\Container\\BoundMethod::call():35}()
#35 /Users/mejievski/Desktop/Projects/Formely/backend/vendor/laravel/framework/src/Illuminate/Container/BoundMethod.php(84): Illuminate\\Container\\Util::unwrapIfClosure(Object(Closure))
#36 /Users/mejievski/Desktop/Projects/Formely/backend/vendor/laravel/framework/src/Illuminate/Container/BoundMethod.php(35): Illuminate\\Container\\BoundMethod::callBoundMethod(Object(Illuminate\\Foundation\\Application), Object(Laravel\\SerializableClosure\\SerializableClosure), Object(Closure))
#37 /Users/mejievski/Desktop/Projects/Formely/backend/vendor/laravel/framework/src/Illuminate/Container/Container.php(836): Illuminate\\Container\\BoundMethod::call(Object(Illuminate\\Foundation\\Application), Object(Laravel\\SerializableClosure\\SerializableClosure), Array, NULL)
#38 /Users/mejievski/Desktop/Projects/Formely/backend/vendor/laravel/framework/src/Illuminate/Concurrency/Console/InvokeSerializedClosureCommand.php(46): Illuminate\\Container\\Container->call(Object(Laravel\\SerializableClosure\\SerializableClosure))
#39 /Users/mejievski/Desktop/Projects/Formely/backend/vendor/laravel/framework/src/Illuminate/Container/BoundMethod.php(36): Illuminate\\Concurrency\\Console\\InvokeSerializedClosureCommand->handle()
#40 /Users/mejievski/Desktop/Projects/Formely/backend/vendor/laravel/framework/src/Illuminate/Container/Util.php(43): Illuminate\\Container\\BoundMethod::{closure:Illuminate\\Container\\BoundMethod::call():35}()
#41 /Users/mejievski/Desktop/Projects/Formely/backend/vendor/laravel/framework/src/Illuminate/Container/BoundMethod.php(96): Illuminate\\Container\\Util::unwrapIfClosure(Object(Closure))
#42 /Users/mejievski/Desktop/Projects/Formely/backend/vendor/laravel/framework/src/Illuminate/Container/BoundMethod.php(35): Illuminate\\Container\\BoundMethod::callBoundMethod(Object(Illuminate\\Foundation\\Application), Array, Object(Closure))
#43 /Users/mejievski/Desktop/Projects/Formely/backend/vendor/laravel/framework/src/Illuminate/Container/Container.php(836): Illuminate\\Container\\BoundMethod::call(Object(Illuminate\\Foundation\\Application), Array, Array, NULL)
#44 /Users/mejievski/Desktop/Projects/Formely/backend/vendor/laravel/framework/src/Illuminate/Console/Command.php(211): Illuminate\\Container\\Container->call(Array)
#45 /Users/mejievski/Desktop/Projects/Formely/backend/vendor/symfony/console/Command/Command.php(318): Illuminate\\Console\\Command->execute(Object(Symfony\\Component\\Console\\Input\\ArgvInput), Object(Illuminate\\Console\\OutputStyle))
#46 /Users/mejievski/Desktop/Projects/Formely/backend/vendor/laravel/framework/src/Illuminate/Console/Command.php(180): Symfony\\Component\\Console\\Command\\Command->run(Object(Symfony\\Component\\Console\\Input\\ArgvInput), Object(Illuminate\\Console\\OutputStyle))
#47 /Users/mejievski/Desktop/Projects/Formely/backend/vendor/symfony/console/Application.php(1055): Illuminate\\Console\\Command->run(Object(Symfony\\Component\\Console\\Input\\ArgvInput), Object(Symfony\\Component\\Console\\Output\\ConsoleOutput))
#48 /Users/mejievski/Desktop/Projects/Formely/backend/vendor/symfony/console/Application.php(356): Symfony\\Component\\Console\\Application->doRunCommand(Object(Illuminate\\Concurrency\\Console\\InvokeSerializedClosureCommand), Object(Symfony\\Component\\Console\\Input\\ArgvInput), Object(Symfony\\Component\\Console\\Output\\ConsoleOutput))
#49 /Users/mejievski/Desktop/Projects/Formely/backend/vendor/symfony/console/Application.php(195): Symfony\\Component\\Console\\Application->doRun(Object(Symfony\\Component\\Console\\Input\\ArgvInput), Object(Symfony\\Component\\Console\\Output\\ConsoleOutput))
#50 /Users/mejievski/Desktop/Projects/Formely/backend/vendor/laravel/framework/src/Illuminate/Foundation/Console/Kernel.php(197): Symfony\\Component\\Console\\Application->run(Object(Symfony\\Component\\Console\\Input\\ArgvInput), Object(Symfony\\Component\\Console\\Output\\ConsoleOutput))
#51 /Users/mejievski/Desktop/Projects/Formely/backend/vendor/laravel/framework/src/Illuminate/Foundation/Application.php(1235): Illuminate\\Foundation\\Console\\Kernel->handle(Object(Symfony\\Component\\Console\\Input\\ArgvInput), Object(Symfony\\Component\\Console\\Output\\ConsoleOutput))
#52 /Users/mejievski/Desktop/Projects/Formely/backend/artisan(16): Illuminate\\Foundation\\Application->handleCommand(Object(Symfony\\Component\\Console\\Input\\ArgvInput))
#53 {main}

[previous exception] [object] (PDOException(code: HY000): SQLSTATE[HY000]: General error: 1 no such table: courses at /Users/mejievski/Desktop/Projects/Formely/backend/vendor/laravel/framework/src/Illuminate/Database/Connection.php:406)
[stacktrace]
#0 /Users/mejievski/Desktop/Projects/Formely/backend/vendor/laravel/framework/src/Illuminate/Database/Connection.php(406): PDO->prepare('select * from \"...')
#1 /Users/mejievski/Desktop/Projects/Formely/backend/vendor/laravel/framework/src/Illuminate/Database/Connection.php(811): Illuminate\\Database\\Connection->{closure:Illuminate\\Database\\Connection::select():397}('select * from \"...', Array)
#2 /Users/mejievski/Desktop/Projects/Formely/backend/vendor/laravel/framework/src/Illuminate/Database/Connection.php(778): Illuminate\\Database\\Connection->runQueryCallback('select * from \"...', Array, Object(Closure))
#3 /Users/mejievski/Desktop/Projects/Formely/backend/vendor/laravel/framework/src/Illuminate/Database/Connection.php(397): Illuminate\\Database\\Connection->run('select * from \"...', Array, Object(Closure))
#4 /Users/mejievski/Desktop/Projects/Formely/backend/vendor/laravel/framework/src/Illuminate/Database/Query/Builder.php(3188): Illuminate\\Database\\Connection->select('select * from \"...', Array, true)
#5 /Users/mejievski/Desktop/Projects/Formely/backend/vendor/laravel/framework/src/Illuminate/Database/Query/Builder.php(3173): Illuminate\\Database\\Query\\Builder->runSelect()
#6 /Users/mejievski/Desktop/Projects/Formely/backend/vendor/laravel/framework/src/Illuminate/Database/Query/Builder.php(3763): Illuminate\\Database\\Query\\Builder->{closure:Illuminate\\Database\\Query\\Builder::get():3172}()
#7 /Users/mejievski/Desktop/Projects/Formely/backend/vendor/laravel/framework/src/Illuminate/Database/Query/Builder.php(3172): Illuminate\\Database\\Query\\Builder->onceWithColumns(Array, Object(Closure))
#8 /Users/mejievski/Desktop/Projects/Formely/backend/vendor/laravel/framework/src/Illuminate/Database/Eloquent/Builder.php(902): Illuminate\\Database\\Query\\Builder->get(Array)
#9 /Users/mejievski/Desktop/Projects/Formely/backend/vendor/laravel/framework/src/Illuminate/Database/Eloquent/Builder.php(884): Illuminate\\Database\\Eloquent\\Builder->getModels(Array)
#10 /Users/mejievski/Desktop/Projects/Formely/backend/vendor/laravel/framework/src/Illuminate/Database/Concerns/BuildsQueries.php(366): Illuminate\\Database\\Eloquent\\Builder->get(Array)
#11 /Users/mejievski/Desktop/Projects/Formely/backend/vendor/laravel/framework/src/Illuminate/Database/Eloquent/Builder.php(568): Illuminate\\Database\\Eloquent\\Builder->first(Array)
#12 /Users/mejievski/Desktop/Projects/Formely/backend/app/Jobs/SyncAiKnowledgeJob.php(49): Illuminate\\Database\\Eloquent\\Builder->find(1)
#13 /Users/mejievski/Desktop/Projects/Formely/backend/vendor/laravel/framework/src/Illuminate/Container/BoundMethod.php(36): App\\Jobs\\SyncAiKnowledgeJob->handle(Object(App\\Services\\AIKnowledgeService))
#14 /Users/mejievski/Desktop/Projects/Formely/backend/vendor/laravel/framework/src/Illuminate/Container/Util.php(43): Illuminate\\Container\\BoundMethod::{closure:Illuminate\\Container\\BoundMethod::call():35}()
#15 /Users/mejievski/Desktop/Projects/Formely/backend/vendor/laravel/framework/src/Illuminate/Container/BoundMethod.php(96): Illuminate\\Container\\Util::unwrapIfClosure(Object(Closure))
#16 /Users/mejievski/Desktop/Projects/Formely/backend/vendor/laravel/framework/src/Illuminate/Container/BoundMethod.php(35): Illuminate\\Container\\BoundMethod::callBoundMethod(Object(Illuminate\\Foundation\\Application), Array, Object(Closure))
#17 /Users/mejievski/Desktop/Projects/Formely/backend/vendor/laravel/framework/src/Illuminate/Container/Container.php(836): Illuminate\\Container\\BoundMethod::call(Object(Illuminate\\Foundation\\Application), Array, Array, NULL)
#18 /Users/mejievski/Desktop/Projects/Formely/backend/vendor/laravel/framework/src/Illuminate/Bus/Dispatcher.php(129): Illuminate\\Container\\Container->call(Array)
#19 /Users/mejievski/Desktop/Projects/Formely/backend/vendor/laravel/framework/src/Illuminate/Pipeline/Pipeline.php(180): Illuminate\\Bus\\Dispatcher->{closure:Illuminate\\Bus\\Dispatcher::dispatchNow():126}(Object(App\\Jobs\\SyncAiKnowledgeJob))
#20 /Users/mejievski/Desktop/Projects/Formely/backend/vendor/laravel/framework/src/Illuminate/Pipeline/Pipeline.php(137): Illuminate\\Pipeline\\Pipeline->{closure:Illuminate\\Pipeline\\Pipeline::prepareDestination():178}(Object(App\\Jobs\\SyncAiKnowledgeJob))
#21 /Users/mejievski/Desktop/Projects/Formely/backend/vendor/laravel/framework/src/Illuminate/Bus/Dispatcher.php(133): Illuminate\\Pipeline\\Pipeline->then(Object(Closure))
#22 /Users/mejievski/Desktop/Projects/Formely/backend/vendor/laravel/framework/src/Illuminate/Queue/CallQueuedHandler.php(134): Illuminate\\Bus\\Dispatcher->dispatchNow(Object(App\\Jobs\\SyncAiKnowledgeJob), false)
#23 /Users/mejievski/Desktop/Projects/Formely/backend/vendor/laravel/framework/src/Illuminate/Pipeline/Pipeline.php(180): Illuminate\\Queue\\CallQueuedHandler->{closure:Illuminate\\Queue\\CallQueuedHandler::dispatchThroughMiddleware():127}(Object(App\\Jobs\\SyncAiKnowledgeJob))
#24 /Users/mejievski/Desktop/Projects/Formely/backend/vendor/laravel/framework/src/Illuminate/Pipeline/Pipeline.php(137): Illuminate\\Pipeline\\Pipeline->{closure:Illuminate\\Pipeline\\Pipeline::prepareDestination():178}(Object(App\\Jobs\\SyncAiKnowledgeJob))
#25 /Users/mejievski/Desktop/Projects/Formely/backend/vendor/laravel/framework/src/Illuminate/Queue/CallQueuedHandler.php(127): Illuminate\\Pipeline\\Pipeline->then(Object(Closure))
#26 /Users/mejievski/Desktop/Projects/Formely/backend/vendor/laravel/framework/src/Illuminate/Queue/CallQueuedHandler.php(68): Illuminate\\Queue\\CallQueuedHandler->dispatchThroughMiddleware(Object(Illuminate\\Queue\\Jobs\\SyncJob), Object(App\\Jobs\\SyncAiKnowledgeJob))
#27 /Users/mejievski/Desktop/Projects/Formely/backend/vendor/laravel/framework/src/Illuminate/Queue/Jobs/Job.php(102): Illuminate\\Queue\\CallQueuedHandler->call(Object(Illuminate\\Queue\\Jobs\\SyncJob), Array)
#28 /Users/mejievski/Desktop/Projects/Formely/backend/vendor/laravel/framework/src/Illuminate/Queue/SyncQueue.php(130): Illuminate\\Queue\\Jobs\\Job->fire()
#29 /Users/mejievski/Desktop/Projects/Formely/backend/vendor/laravel/framework/src/Illuminate/Queue/SyncQueue.php(110): Illuminate\\Queue\\SyncQueue->executeJob(Object(App\\Jobs\\SyncAiKnowledgeJob), '', NULL)
#30 laravel-serializable-closure://fn () => \\Illuminate\\Support\\Facades\\Queue::connection('sync')->push($job, $data, $queue)
        (2): Illuminate\\Queue\\SyncQueue->push(Object(App\\Jobs\\SyncAiKnowledgeJob), '', NULL)
#31 [internal function]: Illuminate\\Queue\\BackgroundQueue::{closure:laravel-serializable-closure://fn () => \\Illuminate\\Support\\Facades\\Queue::connection('sync')->push($job, $data, $queue)
        :2}()
#32 /Users/mejievski/Desktop/Projects/Formely/backend/vendor/laravel/serializable-closure/src/Serializers/Signed.php(43): call_user_func_array(Object(Closure), Array)
#33 [internal function]: Laravel\\SerializableClosure\\Serializers\\Signed->__invoke()
#34 /Users/mejievski/Desktop/Projects/Formely/backend/vendor/laravel/serializable-closure/src/SerializableClosure.php(39): call_user_func_array(Object(Laravel\\SerializableClosure\\Serializers\\Signed), Array)
#35 /Users/mejievski/Desktop/Projects/Formely/backend/vendor/laravel/framework/src/Illuminate/Container/BoundMethod.php(36): Laravel\\SerializableClosure\\SerializableClosure->__invoke()
#36 /Users/mejievski/Desktop/Projects/Formely/backend/vendor/laravel/framework/src/Illuminate/Container/Util.php(43): Illuminate\\Container\\BoundMethod::{closure:Illuminate\\Container\\BoundMethod::call():35}()
#37 /Users/mejievski/Desktop/Projects/Formely/backend/vendor/laravel/framework/src/Illuminate/Container/BoundMethod.php(84): Illuminate\\Container\\Util::unwrapIfClosure(Object(Closure))
#38 /Users/mejievski/Desktop/Projects/Formely/backend/vendor/laravel/framework/src/Illuminate/Container/BoundMethod.php(35): Illuminate\\Container\\BoundMethod::callBoundMethod(Object(Illuminate\\Foundation\\Application), Object(Laravel\\SerializableClosure\\SerializableClosure), Object(Closure))
#39 /Users/mejievski/Desktop/Projects/Formely/backend/vendor/laravel/framework/src/Illuminate/Container/Container.php(836): Illuminate\\Container\\BoundMethod::call(Object(Illuminate\\Foundation\\Application), Object(Laravel\\SerializableClosure\\SerializableClosure), Array, NULL)
#40 /Users/mejievski/Desktop/Projects/Formely/backend/vendor/laravel/framework/src/Illuminate/Concurrency/Console/InvokeSerializedClosureCommand.php(46): Illuminate\\Container\\Container->call(Object(Laravel\\SerializableClosure\\SerializableClosure))
#41 /Users/mejievski/Desktop/Projects/Formely/backend/vendor/laravel/framework/src/Illuminate/Container/BoundMethod.php(36): Illuminate\\Concurrency\\Console\\InvokeSerializedClosureCommand->handle()
#42 /Users/mejievski/Desktop/Projects/Formely/backend/vendor/laravel/framework/src/Illuminate/Container/Util.php(43): Illuminate\\Container\\BoundMethod::{closure:Illuminate\\Container\\BoundMethod::call():35}()
#43 /Users/mejievski/Desktop/Projects/Formely/backend/vendor/laravel/framework/src/Illuminate/Container/BoundMethod.php(96): Illuminate\\Container\\Util::unwrapIfClosure(Object(Closure))
#44 /Users/mejievski/Desktop/Projects/Formely/backend/vendor/laravel/framework/src/Illuminate/Container/BoundMethod.php(35): Illuminate\\Container\\BoundMethod::callBoundMethod(Object(Illuminate\\Foundation\\Application), Array, Object(Closure))
#45 /Users/mejievski/Desktop/Projects/Formely/backend/vendor/laravel/framework/src/Illuminate/Container/Container.php(836): Illuminate\\Container\\BoundMethod::call(Object(Illuminate\\Foundation\\Application), Array, Array, NULL)
#46 /Users/mejievski/Desktop/Projects/Formely/backend/vendor/laravel/framework/src/Illuminate/Console/Command.php(211): Illuminate\\Container\\Container->call(Array)
#47 /Users/mejievski/Desktop/Projects/Formely/backend/vendor/symfony/console/Command/Command.php(318): Illuminate\\Console\\Command->execute(Object(Symfony\\Component\\Console\\Input\\ArgvInput), Object(Illuminate\\Console\\OutputStyle))
#48 /Users/mejievski/Desktop/Projects/Formely/backend/vendor/laravel/framework/src/Illuminate/Console/Command.php(180): Symfony\\Component\\Console\\Command\\Command->run(Object(Symfony\\Component\\Console\\Input\\ArgvInput), Object(Illuminate\\Console\\OutputStyle))
#49 /Users/mejievski/Desktop/Projects/Formely/backend/vendor/symfony/console/Application.php(1055): Illuminate\\Console\\Command->run(Object(Symfony\\Component\\Console\\Input\\ArgvInput), Object(Symfony\\Component\\Console\\Output\\ConsoleOutput))
#50 /Users/mejievski/Desktop/Projects/Formely/backend/vendor/symfony/console/Application.php(356): Symfony\\Component\\Console\\Application->doRunCommand(Object(Illuminate\\Concurrency\\Console\\InvokeSerializedClosureCommand), Object(Symfony\\Component\\Console\\Input\\ArgvInput), Object(Symfony\\Component\\Console\\Output\\ConsoleOutput))
#51 /Users/mejievski/Desktop/Projects/Formely/backend/vendor/symfony/console/Application.php(195): Symfony\\Component\\Console\\Application->doRun(Object(Symfony\\Component\\Console\\Input\\ArgvInput), Object(Symfony\\Component\\Console\\Output\\ConsoleOutput))
#52 /Users/mejievski/Desktop/Projects/Formely/backend/vendor/laravel/framework/src/Illuminate/Foundation/Console/Kernel.php(197): Symfony\\Component\\Console\\Application->run(Object(Symfony\\Component\\Console\\Input\\ArgvInput), Object(Symfony\\Component\\Console\\Output\\ConsoleOutput))
#53 /Users/mejievski/Desktop/Projects/Formely/backend/vendor/laravel/framework/src/Illuminate/Foundation/Application.php(1235): Illuminate\\Foundation\\Console\\Kernel->handle(Object(Symfony\\Component\\Console\\Input\\ArgvInput), Object(Symfony\\Component\\Console\\Output\\ConsoleOutput))
#54 /Users/mejievski/Desktop/Projects/Formely/backend/artisan(16): Illuminate\\Foundation\\Application->handleCommand(Object(Symfony\\Component\\Console\\Input\\ArgvInput))
#55 {main}
"} 
[2026-05-27 12:59:35] testing.ERROR: SQLSTATE[HY000]: General error: 1 no such table: courses (Connection: sqlite, SQL: select * from "courses" where "courses"."id" = 2 limit 1) {"exception":"[object] (Illuminate\\Database\\QueryException(code: HY000): SQLSTATE[HY000]: General error: 1 no such table: courses (Connection: sqlite, SQL: select * from \"courses\" where \"courses\".\"id\" = 2 limit 1) at /Users/mejievski/Desktop/Projects/Formely/backend/vendor/laravel/framework/src/Illuminate/Database/Connection.php:824)
[stacktrace]
#0 /Users/mejievski/Desktop/Projects/Formely/backend/vendor/laravel/framework/src/Illuminate/Database/Connection.php(778): Illuminate\\Database\\Connection->runQueryCallback('select * from \"...', Array, Object(Closure))
#1 /Users/mejievski/Desktop/Projects/Formely/backend/vendor/laravel/framework/src/Illuminate/Database/Connection.php(397): Illuminate\\Database\\Connection->run('select * from \"...', Array, Object(Closure))
#2 /Users/mejievski/Desktop/Projects/Formely/backend/vendor/laravel/framework/src/Illuminate/Database/Query/Builder.php(3188): Illuminate\\Database\\Connection->select('select * from \"...', Array, true)
#3 /Users/mejievski/Desktop/Projects/Formely/backend/vendor/laravel/framework/src/Illuminate/Database/Query/Builder.php(3173): Illuminate\\Database\\Query\\Builder->runSelect()
#4 /Users/mejievski/Desktop/Projects/Formely/backend/vendor/laravel/framework/src/Illuminate/Database/Query/Builder.php(3763): Illuminate\\Database\\Query\\Builder->{closure:Illuminate\\Database\\Query\\Builder::get():3172}()
#5 /Users/mejievski/Desktop/Projects/Formely/backend/vendor/laravel/framework/src/Illuminate/Database/Query/Builder.php(3172): Illuminate\\Database\\Query\\Builder->onceWithColumns(Array, Object(Closure))
#6 /Users/mejievski/Desktop/Projects/Formely/backend/vendor/laravel/framework/src/Illuminate/Database/Eloquent/Builder.php(902): Illuminate\\Database\\Query\\Builder->get(Array)
#7 /Users/mejievski/Desktop/Projects/Formely/backend/vendor/laravel/framework/src/Illuminate/Database/Eloquent/Builder.php(884): Illuminate\\Database\\Eloquent\\Builder->getModels(Array)
#8 /Users/mejievski/Desktop/Projects/Formely/backend/vendor/laravel/framework/src/Illuminate/Database/Concerns/BuildsQueries.php(366): Illuminate\\Database\\Eloquent\\Builder->get(Array)
#9 /Users/mejievski/Desktop/Projects/Formely/backend/vendor/laravel/framework/src/Illuminate/Database/Eloquent/Builder.php(568): Illuminate\\Database\\Eloquent\\Builder->first(Array)
#10 /Users/mejievski/Desktop/Projects/Formely/backend/app/Jobs/SyncAiKnowledgeJob.php(49): Illuminate\\Database\\Eloquent\\Builder->find(2)
#11 /Users/mejievski/Desktop/Projects/Formely/backend/vendor/laravel/framework/src/Illuminate/Container/BoundMethod.php(36): App\\Jobs\\SyncAiKnowledgeJob->handle(Object(App\\Services\\AIKnowledgeService))
#12 /Users/mejievski/Desktop/Projects/Formely/backend/vendor/laravel/framework/src/Illuminate/Container/Util.php(43): Illuminate\\Container\\BoundMethod::{closure:Illuminate\\Container\\BoundMethod::call():35}()
#13 /Users/mejievski/Desktop/Projects/Formely/backend/vendor/laravel/framework/src/Illuminate/Container/BoundMethod.php(96): Illuminate\\Container\\Util::unwrapIfClosure(Object(Closure))
#14 /Users/mejievski/Desktop/Projects/Formely/backend/vendor/laravel/framework/src/Illuminate/Container/BoundMethod.php(35): Illuminate\\Container\\BoundMethod::callBoundMethod(Object(Illuminate\\Foundation\\Application), Array, Object(Closure))
#15 /Users/mejievski/Desktop/Projects/Formely/backend/vendor/laravel/framework/src/Illuminate/Container/Container.php(836): Illuminate\\Container\\BoundMethod::call(Object(Illuminate\\Foundation\\Application), Array, Array, NULL)
#16 /Users/mejievski/Desktop/Projects/Formely/backend/vendor/laravel/framework/src/Illuminate/Bus/Dispatcher.php(129): Illuminate\\Container\\Container->call(Array)
#17 /Users/mejievski/Desktop/Projects/Formely/backend/vendor/laravel/framework/src/Illuminate/Pipeline/Pipeline.php(180): Illuminate\\Bus\\Dispatcher->{closure:Illuminate\\Bus\\Dispatcher::dispatchNow():126}(Object(App\\Jobs\\SyncAiKnowledgeJob))
#18 /Users/mejievski/Desktop/Projects/Formely/backend/vendor/laravel/framework/src/Illuminate/Pipeline/Pipeline.php(137): Illuminate\\Pipeline\\Pipeline->{closure:Illuminate\\Pipeline\\Pipeline::prepareDestination():178}(Object(App\\Jobs\\SyncAiKnowledgeJob))
#19 /Users/mejievski/Desktop/Projects/Formely/backend/vendor/laravel/framework/src/Illuminate/Bus/Dispatcher.php(133): Illuminate\\Pipeline\\Pipeline->then(Object(Closure))
#20 /Users/mejievski/Desktop/Projects/Formely/backend/vendor/laravel/framework/src/Illuminate/Queue/CallQueuedHandler.php(134): Illuminate\\Bus\\Dispatcher->dispatchNow(Object(App\\Jobs\\SyncAiKnowledgeJob), false)
#21 /Users/mejievski/Desktop/Projects/Formely/backend/vendor/laravel/framework/src/Illuminate/Pipeline/Pipeline.php(180): Illuminate\\Queue\\CallQueuedHandler->{closure:Illuminate\\Queue\\CallQueuedHandler::dispatchThroughMiddleware():127}(Object(App\\Jobs\\SyncAiKnowledgeJob))
#22 /Users/mejievski/Desktop/Projects/Formely/backend/vendor/laravel/framework/src/Illuminate/Pipeline/Pipeline.php(137): Illuminate\\Pipeline\\Pipeline->{closure:Illuminate\\Pipeline\\Pipeline::prepareDestination():178}(Object(App\\Jobs\\SyncAiKnowledgeJob))
#23 /Users/mejievski/Desktop/Projects/Formely/backend/vendor/laravel/framework/src/Illuminate/Queue/CallQueuedHandler.php(127): Illuminate\\Pipeline\\Pipeline->then(Object(Closure))
#24 /Users/mejievski/Desktop/Projects/Formely/backend/vendor/laravel/framework/src/Illuminate/Queue/CallQueuedHandler.php(68): Illuminate\\Queue\\CallQueuedHandler->dispatchThroughMiddleware(Object(Illuminate\\Queue\\Jobs\\SyncJob), Object(App\\Jobs\\SyncAiKnowledgeJob))
#25 /Users/mejievski/Desktop/Projects/Formely/backend/vendor/laravel/framework/src/Illuminate/Queue/Jobs/Job.php(102): Illuminate\\Queue\\CallQueuedHandler->call(Object(Illuminate\\Queue\\Jobs\\SyncJob), Array)
#26 /Users/mejievski/Desktop/Projects/Formely/backend/vendor/laravel/framework/src/Illuminate/Queue/SyncQueue.php(130): Illuminate\\Queue\\Jobs\\Job->fire()
#27 /Users/mejievski/Desktop/Projects/Formely/backend/vendor/laravel/framework/src/Illuminate/Queue/SyncQueue.php(110): Illuminate\\Queue\\SyncQueue->executeJob(Object(App\\Jobs\\SyncAiKnowledgeJob), '', NULL)
#28 laravel-serializable-closure://fn () => \\Illuminate\\Support\\Facades\\Queue::connection('sync')->push($job, $data, $queue)
        (2): Illuminate\\Queue\\SyncQueue->push(Object(App\\Jobs\\SyncAiKnowledgeJob), '', NULL)
#29 [internal function]: Illuminate\\Queue\\BackgroundQueue::{closure:laravel-serializable-closure://fn () => \\Illuminate\\Support\\Facades\\Queue::connection('sync')->push($job, $data, $queue)
        :2}()
#30 /Users/mejievski/Desktop/Projects/Formely/backend/vendor/laravel/serializable-closure/src/Serializers/Signed.php(43): call_user_func_array(Object(Closure), Array)
#31 [internal function]: Laravel\\SerializableClosure\\Serializers\\Signed->__invoke()
#32 /Users/mejievski/Desktop/Projects/Formely/backend/vendor/laravel/serializable-closure/src/SerializableClosure.php(39): call_user_func_array(Object(Laravel\\SerializableClosure\\Serializers\\Signed), Array)
#33 /Users/mejievski/Desktop/Projects/Formely/backend/vendor/laravel/framework/src/Illuminate/Container/BoundMethod.php(36): Laravel\\SerializableClosure\\SerializableClosure->__invoke()
#34 /Users/mejievski/Desktop/Projects/Formely/backend/vendor/laravel/framework/src/Illuminate/Container/Util.php(43): Illuminate\\Container\\BoundMethod::{closure:Illuminate\\Container\\BoundMethod::call():35}()
#35 /Users/mejievski/Desktop/Projects/Formely/backend/vendor/laravel/framework/src/Illuminate/Container/BoundMethod.php(84): Illuminate\\Container\\Util::unwrapIfClosure(Object(Closure))
#36 /Users/mejievski/Desktop/Projects/Formely/backend/vendor/laravel/framework/src/Illuminate/Container/BoundMethod.php(35): Illuminate\\Container\\BoundMethod::callBoundMethod(Object(Illuminate\\Foundation\\Application), Object(Laravel\\SerializableClosure\\SerializableClosure), Object(Closure))
#37 /Users/mejievski/Desktop/Projects/Formely/backend/vendor/laravel/framework/src/Illuminate/Container/Container.php(836): Illuminate\\Container\\BoundMethod::call(Object(Illuminate\\Foundation\\Application), Object(Laravel\\SerializableClosure\\SerializableClosure), Array, NULL)
#38 /Users/mejievski/Desktop/Projects/Formely/backend/vendor/laravel/framework/src/Illuminate/Concurrency/Console/InvokeSerializedClosureCommand.php(46): Illuminate\\Container\\Container->call(Object(Laravel\\SerializableClosure\\SerializableClosure))
#39 /Users/mejievski/Desktop/Projects/Formely/backend/vendor/laravel/framework/src/Illuminate/Container/BoundMethod.php(36): Illuminate\\Concurrency\\Console\\InvokeSerializedClosureCommand->handle()
#40 /Users/mejievski/Desktop/Projects/Formely/backend/vendor/laravel/framework/src/Illuminate/Container/Util.php(43): Illuminate\\Container\\BoundMethod::{closure:Illuminate\\Container\\BoundMethod::call():35}()
#41 /Users/mejievski/Desktop/Projects/Formely/backend/vendor/laravel/framework/src/Illuminate/Container/BoundMethod.php(96): Illuminate\\Container\\Util::unwrapIfClosure(Object(Closure))
#42 /Users/mejievski/Desktop/Projects/Formely/backend/vendor/laravel/framework/src/Illuminate/Container/BoundMethod.php(35): Illuminate\\Container\\BoundMethod::callBoundMethod(Object(Illuminate\\Foundation\\Application), Array, Object(Closure))
#43 /Users/mejievski/Desktop/Projects/Formely/backend/vendor/laravel/framework/src/Illuminate/Container/Container.php(836): Illuminate\\Container\\BoundMethod::call(Object(Illuminate\\Foundation\\Application), Array, Array, NULL)
#44 /Users/mejievski/Desktop/Projects/Formely/backend/vendor/laravel/framework/src/Illuminate/Console/Command.php(211): Illuminate\\Container\\Container->call(Array)
#45 /Users/mejievski/Desktop/Projects/Formely/backend/vendor/symfony/console/Command/Command.php(318): Illuminate\\Console\\Command->execute(Object(Symfony\\Component\\Console\\Input\\ArgvInput), Object(Illuminate\\Console\\OutputStyle))
#46 /Users/mejievski/Desktop/Projects/Formely/backend/vendor/laravel/framework/src/Illuminate/Console/Command.php(180): Symfony\\Component\\Console\\Command\\Command->run(Object(Symfony\\Component\\Console\\Input\\ArgvInput), Object(Illuminate\\Console\\OutputStyle))
#47 /Users/mejievski/Desktop/Projects/Formely/backend/vendor/symfony/console/Application.php(1055): Illuminate\\Console\\Command->run(Object(Symfony\\Component\\Console\\Input\\ArgvInput), Object(Symfony\\Component\\Console\\Output\\ConsoleOutput))
#48 /Users/mejievski/Desktop/Projects/Formely/backend/vendor/symfony/console/Application.php(356): Symfony\\Component\\Console\\Application->doRunCommand(Object(Illuminate\\Concurrency\\Console\\InvokeSerializedClosureCommand), Object(Symfony\\Component\\Console\\Input\\ArgvInput), Object(Symfony\\Component\\Console\\Output\\ConsoleOutput))
#49 /Users/mejievski/Desktop/Projects/Formely/backend/vendor/symfony/console/Application.php(195): Symfony\\Component\\Console\\Application->doRun(Object(Symfony\\Component\\Console\\Input\\ArgvInput), Object(Symfony\\Component\\Console\\Output\\ConsoleOutput))
#50 /Users/mejievski/Desktop/Projects/Formely/backend/vendor/laravel/framework/src/Illuminate/Foundation/Console/Kernel.php(197): Symfony\\Component\\Console\\Application->run(Object(Symfony\\Component\\Console\\Input\\ArgvInput), Object(Symfony\\Component\\Console\\Output\\ConsoleOutput))
#51 /Users/mejievski/Desktop/Projects/Formely/backend/vendor/laravel/framework/src/Illuminate/Foundation/Application.php(1235): Illuminate\\Foundation\\Console\\Kernel->handle(Object(Symfony\\Component\\Console\\Input\\ArgvInput), Object(Symfony\\Component\\Console\\Output\\ConsoleOutput))
#52 /Users/mejievski/Desktop/Projects/Formely/backend/artisan(16): Illuminate\\Foundation\\Application->handleCommand(Object(Symfony\\Component\\Console\\Input\\ArgvInput))
#53 {main}

[previous exception] [object] (PDOException(code: HY000): SQLSTATE[HY000]: General error: 1 no such table: courses at /Users/mejievski/Desktop/Projects/Formely/backend/vendor/laravel/framework/src/Illuminate/Database/Connection.php:406)
[stacktrace]
#0 /Users/mejievski/Desktop/Projects/Formely/backend/vendor/laravel/framework/src/Illuminate/Database/Connection.php(406): PDO->prepare('select * from \"...')
#1 /Users/mejievski/Desktop/Projects/Formely/backend/vendor/laravel/framework/src/Illuminate/Database/Connection.php(811): Illuminate\\Database\\Connection->{closure:Illuminate\\Database\\Connection::select():397}('select * from \"...', Array)
#2 /Users/mejievski/Desktop/Projects/Formely/backend/vendor/laravel/framework/src/Illuminate/Database/Connection.php(778): Illuminate\\Database\\Connection->runQueryCallback('select * from \"...', Array, Object(Closure))
#3 /Users/mejievski/Desktop/Projects/Formely/backend/vendor/laravel/framework/src/Illuminate/Database/Connection.php(397): Illuminate\\Database\\Connection->run('select * from \"...', Array, Object(Closure))
#4 /Users/mejievski/Desktop/Projects/Formely/backend/vendor/laravel/framework/src/Illuminate/Database/Query/Builder.php(3188): Illuminate\\Database\\Connection->select('select * from \"...', Array, true)
#5 /Users/mejievski/Desktop/Projects/Formely/backend/vendor/laravel/framework/src/Illuminate/Database/Query/Builder.php(3173): Illuminate\\Database\\Query\\Builder->runSelect()
#6 /Users/mejievski/Desktop/Projects/Formely/backend/vendor/laravel/framework/src/Illuminate/Database/Query/Builder.php(3763): Illuminate\\Database\\Query\\Builder->{closure:Illuminate\\Database\\Query\\Builder::get():3172}()
#7 /Users/mejievski/Desktop/Projects/Formely/backend/vendor/laravel/framework/src/Illuminate/Database/Query/Builder.php(3172): Illuminate\\Database\\Query\\Builder->onceWithColumns(Array, Object(Closure))
#8 /Users/mejievski/Desktop/Projects/Formely/backend/vendor/laravel/framework/src/Illuminate/Database/Eloquent/Builder.php(902): Illuminate\\Database\\Query\\Builder->get(Array)
#9 /Users/mejievski/Desktop/Projects/Formely/backend/vendor/laravel/framework/src/Illuminate/Database/Eloquent/Builder.php(884): Illuminate\\Database\\Eloquent\\Builder->getModels(Array)
#10 /Users/mejievski/Desktop/Projects/Formely/backend/vendor/laravel/framework/src/Illuminate/Database/Concerns/BuildsQueries.php(366): Illuminate\\Database\\Eloquent\\Builder->get(Array)
#11 /Users/mejievski/Desktop/Projects/Formely/backend/vendor/laravel/framework/src/Illuminate/Database/Eloquent/Builder.php(568): Illuminate\\Database\\Eloquent\\Builder->first(Array)
#12 /Users/mejievski/Desktop/Projects/Formely/backend/app/Jobs/SyncAiKnowledgeJob.php(49): Illuminate\\Database\\Eloquent\\Builder->find(2)
#13 /Users/mejievski/Desktop/Projects/Formely/backend/vendor/laravel/framework/src/Illuminate/Container/BoundMethod.php(36): App\\Jobs\\SyncAiKnowledgeJob->handle(Object(App\\Services\\AIKnowledgeService))
#14 /Users/mejievski/Desktop/Projects/Formely/backend/vendor/laravel/framework/src/Illuminate/Container/Util.php(43): Illuminate\\Container\\BoundMethod::{closure:Illuminate\\Container\\BoundMethod::call():35}()
#15 /Users/mejievski/Desktop/Projects/Formely/backend/vendor/laravel/framework/src/Illuminate/Container/BoundMethod.php(96): Illuminate\\Container\\Util::unwrapIfClosure(Object(Closure))
#16 /Users/mejievski/Desktop/Projects/Formely/backend/vendor/laravel/framework/src/Illuminate/Container/BoundMethod.php(35): Illuminate\\Container\\BoundMethod::callBoundMethod(Object(Illuminate\\Foundation\\Application), Array, Object(Closure))
#17 /Users/mejievski/Desktop/Projects/Formely/backend/vendor/laravel/framework/src/Illuminate/Container/Container.php(836): Illuminate\\Container\\BoundMethod::call(Object(Illuminate\\Foundation\\Application), Array, Array, NULL)
#18 /Users/mejievski/Desktop/Projects/Formely/backend/vendor/laravel/framework/src/Illuminate/Bus/Dispatcher.php(129): Illuminate\\Container\\Container->call(Array)
#19 /Users/mejievski/Desktop/Projects/Formely/backend/vendor/laravel/framework/src/Illuminate/Pipeline/Pipeline.php(180): Illuminate\\Bus\\Dispatcher->{closure:Illuminate\\Bus\\Dispatcher::dispatchNow():126}(Object(App\\Jobs\\SyncAiKnowledgeJob))
#20 /Users/mejievski/Desktop/Projects/Formely/backend/vendor/laravel/framework/src/Illuminate/Pipeline/Pipeline.php(137): Illuminate\\Pipeline\\Pipeline->{closure:Illuminate\\Pipeline\\Pipeline::prepareDestination():178}(Object(App\\Jobs\\SyncAiKnowledgeJob))
#21 /Users/mejievski/Desktop/Projects/Formely/backend/vendor/laravel/framework/src/Illuminate/Bus/Dispatcher.php(133): Illuminate\\Pipeline\\Pipeline->then(Object(Closure))
#22 /Users/mejievski/Desktop/Projects/Formely/backend/vendor/laravel/framework/src/Illuminate/Queue/CallQueuedHandler.php(134): Illuminate\\Bus\\Dispatcher->dispatchNow(Object(App\\Jobs\\SyncAiKnowledgeJob), false)
#23 /Users/mejievski/Desktop/Projects/Formely/backend/vendor/laravel/framework/src/Illuminate/Pipeline/Pipeline.php(180): Illuminate\\Queue\\CallQueuedHandler->{closure:Illuminate\\Queue\\CallQueuedHandler::dispatchThroughMiddleware():127}(Object(App\\Jobs\\SyncAiKnowledgeJob))
#24 /Users/mejievski/Desktop/Projects/Formely/backend/vendor/laravel/framework/src/Illuminate/Pipeline/Pipeline.php(137): Illuminate\\Pipeline\\Pipeline->{closure:Illuminate\\Pipeline\\Pipeline::prepareDestination():178}(Object(App\\Jobs\\SyncAiKnowledgeJob))
#25 /Users/mejievski/Desktop/Projects/Formely/backend/vendor/laravel/framework/src/Illuminate/Queue/CallQueuedHandler.php(127): Illuminate\\Pipeline\\Pipeline->then(Object(Closure))
#26 /Users/mejievski/Desktop/Projects/Formely/backend/vendor/laravel/framework/src/Illuminate/Queue/CallQueuedHandler.php(68): Illuminate\\Queue\\CallQueuedHandler->dispatchThroughMiddleware(Object(Illuminate\\Queue\\Jobs\\SyncJob), Object(App\\Jobs\\SyncAiKnowledgeJob))
#27 /Users/mejievski/Desktop/Projects/Formely/backend/vendor/laravel/framework/src/Illuminate/Queue/Jobs/Job.php(102): Illuminate\\Queue\\CallQueuedHandler->call(Object(Illuminate\\Queue\\Jobs\\SyncJob), Array)
#28 /Users/mejievski/Desktop/Projects/Formely/backend/vendor/laravel/framework/src/Illuminate/Queue/SyncQueue.php(130): Illuminate\\Queue\\Jobs\\Job->fire()
#29 /Users/mejievski/Desktop/Projects/Formely/backend/vendor/laravel/framework/src/Illuminate/Queue/SyncQueue.php(110): Illuminate\\Queue\\SyncQueue->executeJob(Object(App\\Jobs\\SyncAiKnowledgeJob), '', NULL)
#30 laravel-serializable-closure://fn () => \\Illuminate\\Support\\Facades\\Queue::connection('sync')->push($job, $data, $queue)
        (2): Illuminate\\Queue\\SyncQueue->push(Object(App\\Jobs\\SyncAiKnowledgeJob), '', NULL)
#31 [internal function]: Illuminate\\Queue\\BackgroundQueue::{closure:laravel-serializable-closure://fn () => \\Illuminate\\Support\\Facades\\Queue::connection('sync')->push($job, $data, $queue)
        :2}()
#32 /Users/mejievski/Desktop/Projects/Formely/backend/vendor/laravel/serializable-closure/src/Serializers/Signed.php(43): call_user_func_array(Object(Closure), Array)
#33 [internal function]: Laravel\\SerializableClosure\\Serializers\\Signed->__invoke()
#34 /Users/mejievski/Desktop/Projects/Formely/backend/vendor/laravel/serializable-closure/src/SerializableClosure.php(39): call_user_func_array(Object(Laravel\\SerializableClosure\\Serializers\\Signed), Array)
#35 /Users/mejievski/Desktop/Projects/Formely/backend/vendor/laravel/framework/src/Illuminate/Container/BoundMethod.php(36): Laravel\\SerializableClosure\\SerializableClosure->__invoke()
#36 /Users/mejievski/Desktop/Projects/Formely/backend/vendor/laravel/framework/src/Illuminate/Container/Util.php(43): Illuminate\\Container\\BoundMethod::{closure:Illuminate\\Container\\BoundMethod::call():35}()
#37 /Users/mejievski/Desktop/Projects/Formely/backend/vendor/laravel/framework/src/Illuminate/Container/BoundMethod.php(84): Illuminate\\Container\\Util::unwrapIfClosure(Object(Closure))
#38 /Users/mejievski/Desktop/Projects/Formely/backend/vendor/laravel/framework/src/Illuminate/Container/BoundMethod.php(35): Illuminate\\Container\\BoundMethod::callBoundMethod(Object(Illuminate\\Foundation\\Application), Object(Laravel\\SerializableClosure\\SerializableClosure), Object(Closure))
#39 /Users/mejievski/Desktop/Projects/Formely/backend/vendor/laravel/framework/src/Illuminate/Container/Container.php(836): Illuminate\\Container\\BoundMethod::call(Object(Illuminate\\Foundation\\Application), Object(Laravel\\SerializableClosure\\SerializableClosure), Array, NULL)
#40 /Users/mejievski/Desktop/Projects/Formely/backend/vendor/laravel/framework/src/Illuminate/Concurrency/Console/InvokeSerializedClosureCommand.php(46): Illuminate\\Container\\Container->call(Object(Laravel\\SerializableClosure\\SerializableClosure))
#41 /Users/mejievski/Desktop/Projects/Formely/backend/vendor/laravel/framework/src/Illuminate/Container/BoundMethod.php(36): Illuminate\\Concurrency\\Console\\InvokeSerializedClosureCommand->handle()
#42 /Users/mejievski/Desktop/Projects/Formely/backend/vendor/laravel/framework/src/Illuminate/Container/Util.php(43): Illuminate\\Container\\BoundMethod::{closure:Illuminate\\Container\\BoundMethod::call():35}()
#43 /Users/mejievski/Desktop/Projects/Formely/backend/vendor/laravel/framework/src/Illuminate/Container/BoundMethod.php(96): Illuminate\\Container\\Util::unwrapIfClosure(Object(Closure))
#44 /Users/mejievski/Desktop/Projects/Formely/backend/vendor/laravel/framework/src/Illuminate/Container/BoundMethod.php(35): Illuminate\\Container\\BoundMethod::callBoundMethod(Object(Illuminate\\Foundation\\Application), Array, Object(Closure))
#45 /Users/mejievski/Desktop/Projects/Formely/backend/vendor/laravel/framework/src/Illuminate/Container/Container.php(836): Illuminate\\Container\\BoundMethod::call(Object(Illuminate\\Foundation\\Application), Array, Array, NULL)
#46 /Users/mejievski/Desktop/Projects/Formely/backend/vendor/laravel/framework/src/Illuminate/Console/Command.php(211): Illuminate\\Container\\Container->call(Array)
#47 /Users/mejievski/Desktop/Projects/Formely/backend/vendor/symfony/console/Command/Command.php(318): Illuminate\\Console\\Command->execute(Object(Symfony\\Component\\Console\\Input\\ArgvInput), Object(Illuminate\\Console\\OutputStyle))
#48 /Users/mejievski/Desktop/Projects/Formely/backend/vendor/laravel/framework/src/Illuminate/Console/Command.php(180): Symfony\\Component\\Console\\Command\\Command->run(Object(Symfony\\Component\\Console\\Input\\ArgvInput), Object(Illuminate\\Console\\OutputStyle))
#49 /Users/mejievski/Desktop/Projects/Formely/backend/vendor/symfony/console/Application.php(1055): Illuminate\\Console\\Command->run(Object(Symfony\\Component\\Console\\Input\\ArgvInput), Object(Symfony\\Component\\Console\\Output\\ConsoleOutput))
#50 /Users/mejievski/Desktop/Projects/Formely/backend/vendor/symfony/console/Application.php(356): Symfony\\Component\\Console\\Application->doRunCommand(Object(Illuminate\\Concurrency\\Console\\InvokeSerializedClosureCommand), Object(Symfony\\Component\\Console\\Input\\ArgvInput), Object(Symfony\\Component\\Console\\Output\\ConsoleOutput))
#51 /Users/mejievski/Desktop/Projects/Formely/backend/vendor/symfony/console/Application.php(195): Symfony\\Component\\Console\\Application->doRun(Object(Symfony\\Component\\Console\\Input\\ArgvInput), Object(Symfony\\Component\\Console\\Output\\ConsoleOutput))
#52 /Users/mejievski/Desktop/Projects/Formely/backend/vendor/laravel/framework/src/Illuminate/Foundation/Console/Kernel.php(197): Symfony\\Component\\Console\\Application->run(Object(Symfony\\Component\\Console\\Input\\ArgvInput), Object(Symfony\\Component\\Console\\Output\\ConsoleOutput))
#53 /Users/mejievski/Desktop/Projects/Formely/backend/vendor/laravel/framework/src/Illuminate/Foundation/Application.php(1235): Illuminate\\Foundation\\Console\\Kernel->handle(Object(Symfony\\Component\\Console\\Input\\ArgvInput), Object(Symfony\\Component\\Console\\Output\\ConsoleOutput))
#54 /Users/mejievski/Desktop/Projects/Formely/backend/artisan(16): Illuminate\\Foundation\\Application->handleCommand(Object(Symfony\\Component\\Console\\Input\\ArgvInput))
#55 {main}
"} 
[2026-05-27 12:59:35] testing.ERROR: SQLSTATE[HY000]: General error: 1 no such table: courses (Connection: sqlite, SQL: select * from "courses" where "courses"."id" = 1 limit 1) {"exception":"[object] (Illuminate\\Database\\QueryException(code: HY000): SQLSTATE[HY000]: General error: 1 no such table: courses (Connection: sqlite, SQL: select * from \"courses\" where \"courses\".\"id\" = 1 limit 1) at /Users/mejievski/Desktop/Projects/Formely/backend/vendor/laravel/framework/src/Illuminate/Database/Connection.php:824)
[stacktrace]
#0 /Users/mejievski/Desktop/Projects/Formely/backend/vendor/laravel/framework/src/Illuminate/Database/Connection.php(778): Illuminate\\Database\\Connection->runQueryCallback('select * from \"...', Array, Object(Closure))
#1 /Users/mejievski/Desktop/Projects/Formely/backend/vendor/laravel/framework/src/Illuminate/Database/Connection.php(397): Illuminate\\Database\\Connection->run('select * from \"...', Array, Object(Closure))
#2 /Users/mejievski/Desktop/Projects/Formely/backend/vendor/laravel/framework/src/Illuminate/Database/Query/Builder.php(3188): Illuminate\\Database\\Connection->select('select * from \"...', Array, true)
#3 /Users/mejievski/Desktop/Projects/Formely/backend/vendor/laravel/framework/src/Illuminate/Database/Query/Builder.php(3173): Illuminate\\Database\\Query\\Builder->runSelect()
#4 /Users/mejievski/Desktop/Projects/Formely/backend/vendor/laravel/framework/src/Illuminate/Database/Query/Builder.php(3763): Illuminate\\Database\\Query\\Builder->{closure:Illuminate\\Database\\Query\\Builder::get():3172}()
#5 /Users/mejievski/Desktop/Projects/Formely/backend/vendor/laravel/framework/src/Illuminate/Database/Query/Builder.php(3172): Illuminate\\Database\\Query\\Builder->onceWithColumns(Array, Object(Closure))
#6 /Users/mejievski/Desktop/Projects/Formely/backend/vendor/laravel/framework/src/Illuminate/Database/Eloquent/Builder.php(902): Illuminate\\Database\\Query\\Builder->get(Array)
#7 /Users/mejievski/Desktop/Projects/Formely/backend/vendor/laravel/framework/src/Illuminate/Database/Eloquent/Builder.php(884): Illuminate\\Database\\Eloquent\\Builder->getModels(Array)
#8 /Users/mejievski/Desktop/Projects/Formely/backend/vendor/laravel/framework/src/Illuminate/Database/Concerns/BuildsQueries.php(366): Illuminate\\Database\\Eloquent\\Builder->get(Array)
#9 /Users/mejievski/Desktop/Projects/Formely/backend/vendor/laravel/framework/src/Illuminate/Database/Eloquent/Builder.php(568): Illuminate\\Database\\Eloquent\\Builder->first(Array)
#10 /Users/mejievski/Desktop/Projects/Formely/backend/app/Jobs/SyncAiKnowledgeJob.php(49): Illuminate\\Database\\Eloquent\\Builder->find(1)
#11 /Users/mejievski/Desktop/Projects/Formely/backend/vendor/laravel/framework/src/Illuminate/Container/BoundMethod.php(36): App\\Jobs\\SyncAiKnowledgeJob->handle(Object(App\\Services\\AIKnowledgeService))
#12 /Users/mejievski/Desktop/Projects/Formely/backend/vendor/laravel/framework/src/Illuminate/Container/Util.php(43): Illuminate\\Container\\BoundMethod::{closure:Illuminate\\Container\\BoundMethod::call():35}()
#13 /Users/mejievski/Desktop/Projects/Formely/backend/vendor/laravel/framework/src/Illuminate/Container/BoundMethod.php(96): Illuminate\\Container\\Util::unwrapIfClosure(Object(Closure))
#14 /Users/mejievski/Desktop/Projects/Formely/backend/vendor/laravel/framework/src/Illuminate/Container/BoundMethod.php(35): Illuminate\\Container\\BoundMethod::callBoundMethod(Object(Illuminate\\Foundation\\Application), Array, Object(Closure))
#15 /Users/mejievski/Desktop/Projects/Formely/backend/vendor/laravel/framework/src/Illuminate/Container/Container.php(836): Illuminate\\Container\\BoundMethod::call(Object(Illuminate\\Foundation\\Application), Array, Array, NULL)
#16 /Users/mejievski/Desktop/Projects/Formely/backend/vendor/laravel/framework/src/Illuminate/Bus/Dispatcher.php(129): Illuminate\\Container\\Container->call(Array)
#17 /Users/mejievski/Desktop/Projects/Formely/backend/vendor/laravel/framework/src/Illuminate/Pipeline/Pipeline.php(180): Illuminate\\Bus\\Dispatcher->{closure:Illuminate\\Bus\\Dispatcher::dispatchNow():126}(Object(App\\Jobs\\SyncAiKnowledgeJob))
#18 /Users/mejievski/Desktop/Projects/Formely/backend/vendor/laravel/framework/src/Illuminate/Pipeline/Pipeline.php(137): Illuminate\\Pipeline\\Pipeline->{closure:Illuminate\\Pipeline\\Pipeline::prepareDestination():178}(Object(App\\Jobs\\SyncAiKnowledgeJob))
#19 /Users/mejievski/Desktop/Projects/Formely/backend/vendor/laravel/framework/src/Illuminate/Bus/Dispatcher.php(133): Illuminate\\Pipeline\\Pipeline->then(Object(Closure))
#20 /Users/mejievski/Desktop/Projects/Formely/backend/vendor/laravel/framework/src/Illuminate/Queue/CallQueuedHandler.php(134): Illuminate\\Bus\\Dispatcher->dispatchNow(Object(App\\Jobs\\SyncAiKnowledgeJob), false)
#21 /Users/mejievski/Desktop/Projects/Formely/backend/vendor/laravel/framework/src/Illuminate/Pipeline/Pipeline.php(180): Illuminate\\Queue\\CallQueuedHandler->{closure:Illuminate\\Queue\\CallQueuedHandler::dispatchThroughMiddleware():127}(Object(App\\Jobs\\SyncAiKnowledgeJob))
#22 /Users/mejievski/Desktop/Projects/Formely/backend/vendor/laravel/framework/src/Illuminate/Pipeline/Pipeline.php(137): Illuminate\\Pipeline\\Pipeline->{closure:Illuminate\\Pipeline\\Pipeline::prepareDestination():178}(Object(App\\Jobs\\SyncAiKnowledgeJob))
#23 /Users/mejievski/Desktop/Projects/Formely/backend/vendor/laravel/framework/src/Illuminate/Queue/CallQueuedHandler.php(127): Illuminate\\Pipeline\\Pipeline->then(Object(Closure))
#24 /Users/mejievski/Desktop/Projects/Formely/backend/vendor/laravel/framework/src/Illuminate/Queue/CallQueuedHandler.php(68): Illuminate\\Queue\\CallQueuedHandler->dispatchThroughMiddleware(Object(Illuminate\\Queue\\Jobs\\SyncJob), Object(App\\Jobs\\SyncAiKnowledgeJob))
#25 /Users/mejievski/Desktop/Projects/Formely/backend/vendor/laravel/framework/src/Illuminate/Queue/Jobs/Job.php(102): Illuminate\\Queue\\CallQueuedHandler->call(Object(Illuminate\\Queue\\Jobs\\SyncJob), Array)
#26 /Users/mejievski/Desktop/Projects/Formely/backend/vendor/laravel/framework/src/Illuminate/Queue/SyncQueue.php(130): Illuminate\\Queue\\Jobs\\Job->fire()
#27 /Users/mejievski/Desktop/Projects/Formely/backend/vendor/laravel/framework/src/Illuminate/Queue/SyncQueue.php(110): Illuminate\\Queue\\SyncQueue->executeJob(Object(App\\Jobs\\SyncAiKnowledgeJob), '', NULL)
#28 laravel-serializable-closure://fn () => \\Illuminate\\Support\\Facades\\Queue::connection('sync')->push($job, $data, $queue)
        (2): Illuminate\\Queue\\SyncQueue->push(Object(App\\Jobs\\SyncAiKnowledgeJob), '', NULL)
#29 [internal function]: Illuminate\\Queue\\BackgroundQueue::{closure:laravel-serializable-closure://fn () => \\Illuminate\\Support\\Facades\\Queue::connection('sync')->push($job, $data, $queue)
        :2}()
#30 /Users/mejievski/Desktop/Projects/Formely/backend/vendor/laravel/serializable-closure/src/Serializers/Signed.php(43): call_user_func_array(Object(Closure), Array)
#31 [internal function]: Laravel\\SerializableClosure\\Serializers\\Signed->__invoke()
#32 /Users/mejievski/Desktop/Projects/Formely/backend/vendor/laravel/serializable-closure/src/SerializableClosure.php(39): call_user_func_array(Object(Laravel\\SerializableClosure\\Serializers\\Signed), Array)
#33 /Users/mejievski/Desktop/Projects/Formely/backend/vendor/laravel/framework/src/Illuminate/Container/BoundMethod.php(36): Laravel\\SerializableClosure\\SerializableClosure->__invoke()
#34 /Users/mejievski/Desktop/Projects/Formely/backend/vendor/laravel/framework/src/Illuminate/Container/Util.php(43): Illuminate\\Container\\BoundMethod::{closure:Illuminate\\Container\\BoundMethod::call():35}()
#35 /Users/mejievski/Desktop/Projects/Formely/backend/vendor/laravel/framework/src/Illuminate/Container/BoundMethod.php(84): Illuminate\\Container\\Util::unwrapIfClosure(Object(Closure))
#36 /Users/mejievski/Desktop/Projects/Formely/backend/vendor/laravel/framework/src/Illuminate/Container/BoundMethod.php(35): Illuminate\\Container\\BoundMethod::callBoundMethod(Object(Illuminate\\Foundation\\Application), Object(Laravel\\SerializableClosure\\SerializableClosure), Object(Closure))
#37 /Users/mejievski/Desktop/Projects/Formely/backend/vendor/laravel/framework/src/Illuminate/Container/Container.php(836): Illuminate\\Container\\BoundMethod::call(Object(Illuminate\\Foundation\\Application), Object(Laravel\\SerializableClosure\\SerializableClosure), Array, NULL)
#38 /Users/mejievski/Desktop/Projects/Formely/backend/vendor/laravel/framework/src/Illuminate/Concurrency/Console/InvokeSerializedClosureCommand.php(46): Illuminate\\Container\\Container->call(Object(Laravel\\SerializableClosure\\SerializableClosure))
#39 /Users/mejievski/Desktop/Projects/Formely/backend/vendor/laravel/framework/src/Illuminate/Container/BoundMethod.php(36): Illuminate\\Concurrency\\Console\\InvokeSerializedClosureCommand->handle()
#40 /Users/mejievski/Desktop/Projects/Formely/backend/vendor/laravel/framework/src/Illuminate/Container/Util.php(43): Illuminate\\Container\\BoundMethod::{closure:Illuminate\\Container\\BoundMethod::call():35}()
#41 /Users/mejievski/Desktop/Projects/Formely/backend/vendor/laravel/framework/src/Illuminate/Container/BoundMethod.php(96): Illuminate\\Container\\Util::unwrapIfClosure(Object(Closure))
#42 /Users/mejievski/Desktop/Projects/Formely/backend/vendor/laravel/framework/src/Illuminate/Container/BoundMethod.php(35): Illuminate\\Container\\BoundMethod::callBoundMethod(Object(Illuminate\\Foundation\\Application), Array, Object(Closure))
#43 /Users/mejievski/Desktop/Projects/Formely/backend/vendor/laravel/framework/src/Illuminate/Container/Container.php(836): Illuminate\\Container\\BoundMethod::call(Object(Illuminate\\Foundation\\Application), Array, Array, NULL)
#44 /Users/mejievski/Desktop/Projects/Formely/backend/vendor/laravel/framework/src/Illuminate/Console/Command.php(211): Illuminate\\Container\\Container->call(Array)
#45 /Users/mejievski/Desktop/Projects/Formely/backend/vendor/symfony/console/Command/Command.php(318): Illuminate\\Console\\Command->execute(Object(Symfony\\Component\\Console\\Input\\ArgvInput), Object(Illuminate\\Console\\OutputStyle))
#46 /Users/mejievski/Desktop/Projects/Formely/backend/vendor/laravel/framework/src/Illuminate/Console/Command.php(180): Symfony\\Component\\Console\\Command\\Command->run(Object(Symfony\\Component\\Console\\Input\\ArgvInput), Object(Illuminate\\Console\\OutputStyle))
#47 /Users/mejievski/Desktop/Projects/Formely/backend/vendor/symfony/console/Application.php(1055): Illuminate\\Console\\Command->run(Object(Symfony\\Component\\Console\\Input\\ArgvInput), Object(Symfony\\Component\\Console\\Output\\ConsoleOutput))
#48 /Users/mejievski/Desktop/Projects/Formely/backend/vendor/symfony/console/Application.php(356): Symfony\\Component\\Console\\Application->doRunCommand(Object(Illuminate\\Concurrency\\Console\\InvokeSerializedClosureCommand), Object(Symfony\\Component\\Console\\Input\\ArgvInput), Object(Symfony\\Component\\Console\\Output\\ConsoleOutput))
#49 /Users/mejievski/Desktop/Projects/Formely/backend/vendor/symfony/console/Application.php(195): Symfony\\Component\\Console\\Application->doRun(Object(Symfony\\Component\\Console\\Input\\ArgvInput), Object(Symfony\\Component\\Console\\Output\\ConsoleOutput))
#50 /Users/mejievski/Desktop/Projects/Formely/backend/vendor/laravel/framework/src/Illuminate/Foundation/Console/Kernel.php(197): Symfony\\Component\\Console\\Application->run(Object(Symfony\\Component\\Console\\Input\\ArgvInput), Object(Symfony\\Component\\Console\\Output\\ConsoleOutput))
#51 /Users/mejievski/Desktop/Projects/Formely/backend/vendor/laravel/framework/src/Illuminate/Foundation/Application.php(1235): Illuminate\\Foundation\\Console\\Kernel->handle(Object(Symfony\\Component\\Console\\Input\\ArgvInput), Object(Symfony\\Component\\Console\\Output\\ConsoleOutput))
#52 /Users/mejievski/Desktop/Projects/Formely/backend/artisan(16): Illuminate\\Foundation\\Application->handleCommand(Object(Symfony\\Component\\Console\\Input\\ArgvInput))
#53 {main}

[previous exception] [object] (PDOException(code: HY000): SQLSTATE[HY000]: General error: 1 no such table: courses at /Users/mejievski/Desktop/Projects/Formely/backend/vendor/laravel/framework/src/Illuminate/Database/Connection.php:406)
[stacktrace]
#0 /Users/mejievski/Desktop/Projects/Formely/backend/vendor/laravel/framework/src/Illuminate/Database/Connection.php(406): PDO->prepare('select * from \"...')
#1 /Users/mejievski/Desktop/Projects/Formely/backend/vendor/laravel/framework/src/Illuminate/Database/Connection.php(811): Illuminate\\Database\\Connection->{closure:Illuminate\\Database\\Connection::select():397}('select * from \"...', Array)
#2 /Users/mejievski/Desktop/Projects/Formely/backend/vendor/laravel/framework/src/Illuminate/Database/Connection.php(778): Illuminate\\Database\\Connection->runQueryCallback('select * from \"...', Array, Object(Closure))
#3 /Users/mejievski/Desktop/Projects/Formely/backend/vendor/laravel/framework/src/Illuminate/Database/Connection.php(397): Illuminate\\Database\\Connection->run('select * from \"...', Array, Object(Closure))
#4 /Users/mejievski/Desktop/Projects/Formely/backend/vendor/laravel/framework/src/Illuminate/Database/Query/Builder.php(3188): Illuminate\\Database\\Connection->select('select * from \"...', Array, true)
#5 /Users/mejievski/Desktop/Projects/Formely/backend/vendor/laravel/framework/src/Illuminate/Database/Query/Builder.php(3173): Illuminate\\Database\\Query\\Builder->runSelect()
#6 /Users/mejievski/Desktop/Projects/Formely/backend/vendor/laravel/framework/src/Illuminate/Database/Query/Builder.php(3763): Illuminate\\Database\\Query\\Builder->{closure:Illuminate\\Database\\Query\\Builder::get():3172}()
#7 /Users/mejievski/Desktop/Projects/Formely/backend/vendor/laravel/framework/src/Illuminate/Database/Query/Builder.php(3172): Illuminate\\Database\\Query\\Builder->onceWithColumns(Array, Object(Closure))
#8 /Users/mejievski/Desktop/Projects/Formely/backend/vendor/laravel/framework/src/Illuminate/Database/Eloquent/Builder.php(902): Illuminate\\Database\\Query\\Builder->get(Array)
#9 /Users/mejievski/Desktop/Projects/Formely/backend/vendor/laravel/framework/src/Illuminate/Database/Eloquent/Builder.php(884): Illuminate\\Database\\Eloquent\\Builder->getModels(Array)
#10 /Users/mejievski/Desktop/Projects/Formely/backend/vendor/laravel/framework/src/Illuminate/Database/Concerns/BuildsQueries.php(366): Illuminate\\Database\\Eloquent\\Builder->get(Array)
#11 /Users/mejievski/Desktop/Projects/Formely/backend/vendor/laravel/framework/src/Illuminate/Database/Eloquent/Builder.php(568): Illuminate\\Database\\Eloquent\\Builder->first(Array)
#12 /Users/mejievski/Desktop/Projects/Formely/backend/app/Jobs/SyncAiKnowledgeJob.php(49): Illuminate\\Database\\Eloquent\\Builder->find(1)
#13 /Users/mejievski/Desktop/Projects/Formely/backend/vendor/laravel/framework/src/Illuminate/Container/BoundMethod.php(36): App\\Jobs\\SyncAiKnowledgeJob->handle(Object(App\\Services\\AIKnowledgeService))
#14 /Users/mejievski/Desktop/Projects/Formely/backend/vendor/laravel/framework/src/Illuminate/Container/Util.php(43): Illuminate\\Container\\BoundMethod::{closure:Illuminate\\Container\\BoundMethod::call():35}()
#15 /Users/mejievski/Desktop/Projects/Formely/backend/vendor/laravel/framework/src/Illuminate/Container/BoundMethod.php(96): Illuminate\\Container\\Util::unwrapIfClosure(Object(Closure))
#16 /Users/mejievski/Desktop/Projects/Formely/backend/vendor/laravel/framework/src/Illuminate/Container/BoundMethod.php(35): Illuminate\\Container\\BoundMethod::callBoundMethod(Object(Illuminate\\Foundation\\Application), Array, Object(Closure))
#17 /Users/mejievski/Desktop/Projects/Formely/backend/vendor/laravel/framework/src/Illuminate/Container/Container.php(836): Illuminate\\Container\\BoundMethod::call(Object(Illuminate\\Foundation\\Application), Array, Array, NULL)
#18 /Users/mejievski/Desktop/Projects/Formely/backend/vendor/laravel/framework/src/Illuminate/Bus/Dispatcher.php(129): Illuminate\\Container\\Container->call(Array)
#19 /Users/mejievski/Desktop/Projects/Formely/backend/vendor/laravel/framework/src/Illuminate/Pipeline/Pipeline.php(180): Illuminate\\Bus\\Dispatcher->{closure:Illuminate\\Bus\\Dispatcher::dispatchNow():126}(Object(App\\Jobs\\SyncAiKnowledgeJob))
#20 /Users/mejievski/Desktop/Projects/Formely/backend/vendor/laravel/framework/src/Illuminate/Pipeline/Pipeline.php(137): Illuminate\\Pipeline\\Pipeline->{closure:Illuminate\\Pipeline\\Pipeline::prepareDestination():178}(Object(App\\Jobs\\SyncAiKnowledgeJob))
#21 /Users/mejievski/Desktop/Projects/Formely/backend/vendor/laravel/framework/src/Illuminate/Bus/Dispatcher.php(133): Illuminate\\Pipeline\\Pipeline->then(Object(Closure))
#22 /Users/mejievski/Desktop/Projects/Formely/backend/vendor/laravel/framework/src/Illuminate/Queue/CallQueuedHandler.php(134): Illuminate\\Bus\\Dispatcher->dispatchNow(Object(App\\Jobs\\SyncAiKnowledgeJob), false)
#23 /Users/mejievski/Desktop/Projects/Formely/backend/vendor/laravel/framework/src/Illuminate/Pipeline/Pipeline.php(180): Illuminate\\Queue\\CallQueuedHandler->{closure:Illuminate\\Queue\\CallQueuedHandler::dispatchThroughMiddleware():127}(Object(App\\Jobs\\SyncAiKnowledgeJob))
#24 /Users/mejievski/Desktop/Projects/Formely/backend/vendor/laravel/framework/src/Illuminate/Pipeline/Pipeline.php(137): Illuminate\\Pipeline\\Pipeline->{closure:Illuminate\\Pipeline\\Pipeline::prepareDestination():178}(Object(App\\Jobs\\SyncAiKnowledgeJob))
#25 /Users/mejievski/Desktop/Projects/Formely/backend/vendor/laravel/framework/src/Illuminate/Queue/CallQueuedHandler.php(127): Illuminate\\Pipeline\\Pipeline->then(Object(Closure))
#26 /Users/mejievski/Desktop/Projects/Formely/backend/vendor/laravel/framework/src/Illuminate/Queue/CallQueuedHandler.php(68): Illuminate\\Queue\\CallQueuedHandler->dispatchThroughMiddleware(Object(Illuminate\\Queue\\Jobs\\SyncJob), Object(App\\Jobs\\SyncAiKnowledgeJob))
#27 /Users/mejievski/Desktop/Projects/Formely/backend/vendor/laravel/framework/src/Illuminate/Queue/Jobs/Job.php(102): Illuminate\\Queue\\CallQueuedHandler->call(Object(Illuminate\\Queue\\Jobs\\SyncJob), Array)
#28 /Users/mejievski/Desktop/Projects/Formely/backend/vendor/laravel/framework/src/Illuminate/Queue/SyncQueue.php(130): Illuminate\\Queue\\Jobs\\Job->fire()
#29 /Users/mejievski/Desktop/Projects/Formely/backend/vendor/laravel/framework/src/Illuminate/Queue/SyncQueue.php(110): Illuminate\\Queue\\SyncQueue->executeJob(Object(App\\Jobs\\SyncAiKnowledgeJob), '', NULL)
#30 laravel-serializable-closure://fn () => \\Illuminate\\Support\\Facades\\Queue::connection('sync')->push($job, $data, $queue)
        (2): Illuminate\\Queue\\SyncQueue->push(Object(App\\Jobs\\SyncAiKnowledgeJob), '', NULL)
#31 [internal function]: Illuminate\\Queue\\BackgroundQueue::{closure:laravel-serializable-closure://fn () => \\Illuminate\\Support\\Facades\\Queue::connection('sync')->push($job, $data, $queue)
        :2}()
#32 /Users/mejievski/Desktop/Projects/Formely/backend/vendor/laravel/serializable-closure/src/Serializers/Signed.php(43): call_user_func_array(Object(Closure), Array)
#33 [internal function]: Laravel\\SerializableClosure\\Serializers\\Signed->__invoke()
#34 /Users/mejievski/Desktop/Projects/Formely/backend/vendor/laravel/serializable-closure/src/SerializableClosure.php(39): call_user_func_array(Object(Laravel\\SerializableClosure\\Serializers\\Signed), Array)
#35 /Users/mejievski/Desktop/Projects/Formely/backend/vendor/laravel/framework/src/Illuminate/Container/BoundMethod.php(36): Laravel\\SerializableClosure\\SerializableClosure->__invoke()
#36 /Users/mejievski/Desktop/Projects/Formely/backend/vendor/laravel/framework/src/Illuminate/Container/Util.php(43): Illuminate\\Container\\BoundMethod::{closure:Illuminate\\Container\\BoundMethod::call():35}()
#37 /Users/mejievski/Desktop/Projects/Formely/backend/vendor/laravel/framework/src/Illuminate/Container/BoundMethod.php(84): Illuminate\\Container\\Util::unwrapIfClosure(Object(Closure))
#38 /Users/mejievski/Desktop/Projects/Formely/backend/vendor/laravel/framework/src/Illuminate/Container/BoundMethod.php(35): Illuminate\\Container\\BoundMethod::callBoundMethod(Object(Illuminate\\Foundation\\Application), Object(Laravel\\SerializableClosure\\SerializableClosure), Object(Closure))
#39 /Users/mejievski/Desktop/Projects/Formely/backend/vendor/laravel/framework/src/Illuminate/Container/Container.php(836): Illuminate\\Container\\BoundMethod::call(Object(Illuminate\\Foundation\\Application), Object(Laravel\\SerializableClosure\\SerializableClosure), Array, NULL)
#40 /Users/mejievski/Desktop/Projects/Formely/backend/vendor/laravel/framework/src/Illuminate/Concurrency/Console/InvokeSerializedClosureCommand.php(46): Illuminate\\Container\\Container->call(Object(Laravel\\SerializableClosure\\SerializableClosure))
#41 /Users/mejievski/Desktop/Projects/Formely/backend/vendor/laravel/framework/src/Illuminate/Container/BoundMethod.php(36): Illuminate\\Concurrency\\Console\\InvokeSerializedClosureCommand->handle()
#42 /Users/mejievski/Desktop/Projects/Formely/backend/vendor/laravel/framework/src/Illuminate/Container/Util.php(43): Illuminate\\Container\\BoundMethod::{closure:Illuminate\\Container\\BoundMethod::call():35}()
#43 /Users/mejievski/Desktop/Projects/Formely/backend/vendor/laravel/framework/src/Illuminate/Container/BoundMethod.php(96): Illuminate\\Container\\Util::unwrapIfClosure(Object(Closure))
#44 /Users/mejievski/Desktop/Projects/Formely/backend/vendor/laravel/framework/src/Illuminate/Container/BoundMethod.php(35): Illuminate\\Container\\BoundMethod::callBoundMethod(Object(Illuminate\\Foundation\\Application), Array, Object(Closure))
#45 /Users/mejievski/Desktop/Projects/Formely/backend/vendor/laravel/framework/src/Illuminate/Container/Container.php(836): Illuminate\\Container\\BoundMethod::call(Object(Illuminate\\Foundation\\Application), Array, Array, NULL)
#46 /Users/mejievski/Desktop/Projects/Formely/backend/vendor/laravel/framework/src/Illuminate/Console/Command.php(211): Illuminate\\Container\\Container->call(Array)
#47 /Users/mejievski/Desktop/Projects/Formely/backend/vendor/symfony/console/Command/Command.php(318): Illuminate\\Console\\Command->execute(Object(Symfony\\Component\\Console\\Input\\ArgvInput), Object(Illuminate\\Console\\OutputStyle))
#48 /Users/mejievski/Desktop/Projects/Formely/backend/vendor/laravel/framework/src/Illuminate/Console/Command.php(180): Symfony\\Component\\Console\\Command\\Command->run(Object(Symfony\\Component\\Console\\Input\\ArgvInput), Object(Illuminate\\Console\\OutputStyle))
#49 /Users/mejievski/Desktop/Projects/Formely/backend/vendor/symfony/console/Application.php(1055): Illuminate\\Console\\Command->run(Object(Symfony\\Component\\Console\\Input\\ArgvInput), Object(Symfony\\Component\\Console\\Output\\ConsoleOutput))
#50 /Users/mejievski/Desktop/Projects/Formely/backend/vendor/symfony/console/Application.php(356): Symfony\\Component\\Console\\Application->doRunCommand(Object(Illuminate\\Concurrency\\Console\\InvokeSerializedClosureCommand), Object(Symfony\\Component\\Console\\Input\\ArgvInput), Object(Symfony\\Component\\Console\\Output\\ConsoleOutput))
#51 /Users/mejievski/Desktop/Projects/Formely/backend/vendor/symfony/console/Application.php(195): Symfony\\Component\\Console\\Application->doRun(Object(Symfony\\Component\\Console\\Input\\ArgvInput), Object(Symfony\\Component\\Console\\Output\\ConsoleOutput))
#52 /Users/mejievski/Desktop/Projects/Formely/backend/vendor/laravel/framework/src/Illuminate/Foundation/Console/Kernel.php(197): Symfony\\Component\\Console\\Application->run(Object(Symfony\\Component\\Console\\Input\\ArgvInput), Object(Symfony\\Component\\Console\\Output\\ConsoleOutput))
#53 /Users/mejievski/Desktop/Projects/Formely/backend/vendor/laravel/framework/src/Illuminate/Foundation/Application.php(1235): Illuminate\\Foundation\\Console\\Kernel->handle(Object(Symfony\\Component\\Console\\Input\\ArgvInput), Object(Symfony\\Component\\Console\\Output\\ConsoleOutput))
#54 /Users/mejievski/Desktop/Projects/Formely/backend/artisan(16): Illuminate\\Foundation\\Application->handleCommand(Object(Symfony\\Component\\Console\\Input\\ArgvInput))
#55 {main}
"} 
[2026-05-27 13:05:30] testing.ERROR: SQLSTATE[HY000]: General error: 1 no such table: courses (Connection: sqlite, SQL: select * from "courses" where "courses"."id" = 1 limit 1) {"exception":"[object] (Illuminate\\Database\\QueryException(code: HY000): SQLSTATE[HY000]: General error: 1 no such table: courses (Connection: sqlite, SQL: select * from \"courses\" where \"courses\".\"id\" = 1 limit 1) at /Users/mejievski/Desktop/Projects/Formely/backend/vendor/laravel/framework/src/Illuminate/Database/Connection.php:824)
[stacktrace]
#0 /Users/mejievski/Desktop/Projects/Formely/backend/vendor/laravel/framework/src/Illuminate/Database/Connection.php(778): Illuminate\\Database\\Connection->runQueryCallback('select * from \"...', Array, Object(Closure))
#1 /Users/mejievski/Desktop/Projects/Formely/backend/vendor/laravel/framework/src/Illuminate/Database/Connection.php(397): Illuminate\\Database\\Connection->run('select * from \"...', Array, Object(Closure))
#2 /Users/mejievski/Desktop/Projects/Formely/backend/vendor/laravel/framework/src/Illuminate/Database/Query/Builder.php(3188): Illuminate\\Database\\Connection->select('select * from \"...', Array, true)
#3 /Users/mejievski/Desktop/Projects/Formely/backend/vendor/laravel/framework/src/Illuminate/Database/Query/Builder.php(3173): Illuminate\\Database\\Query\\Builder->runSelect()
#4 /Users/mejievski/Desktop/Projects/Formely/backend/vendor/laravel/framework/src/Illuminate/Database/Query/Builder.php(3763): Illuminate\\Database\\Query\\Builder->{closure:Illuminate\\Database\\Query\\Builder::get():3172}()
#5 /Users/mejievski/Desktop/Projects/Formely/backend/vendor/laravel/framework/src/Illuminate/Database/Query/Builder.php(3172): Illuminate\\Database\\Query\\Builder->onceWithColumns(Array, Object(Closure))
#6 /Users/mejievski/Desktop/Projects/Formely/backend/vendor/laravel/framework/src/Illuminate/Database/Eloquent/Builder.php(902): Illuminate\\Database\\Query\\Builder->get(Array)
#7 /Users/mejievski/Desktop/Projects/Formely/backend/vendor/laravel/framework/src/Illuminate/Database/Eloquent/Builder.php(884): Illuminate\\Database\\Eloquent\\Builder->getModels(Array)
#8 /Users/mejievski/Desktop/Projects/Formely/backend/vendor/laravel/framework/src/Illuminate/Database/Concerns/BuildsQueries.php(366): Illuminate\\Database\\Eloquent\\Builder->get(Array)
#9 /Users/mejievski/Desktop/Projects/Formely/backend/vendor/laravel/framework/src/Illuminate/Database/Eloquent/Builder.php(568): Illuminate\\Database\\Eloquent\\Builder->first(Array)
#10 /Users/mejievski/Desktop/Projects/Formely/backend/app/Jobs/SyncAiKnowledgeJob.php(49): Illuminate\\Database\\Eloquent\\Builder->find(1)
#11 /Users/mejievski/Desktop/Projects/Formely/backend/vendor/laravel/framework/src/Illuminate/Container/BoundMethod.php(36): App\\Jobs\\SyncAiKnowledgeJob->handle(Object(App\\Services\\AIKnowledgeService))
#12 /Users/mejievski/Desktop/Projects/Formely/backend/vendor/laravel/framework/src/Illuminate/Container/Util.php(43): Illuminate\\Container\\BoundMethod::{closure:Illuminate\\Container\\BoundMethod::call():35}()
#13 /Users/mejievski/Desktop/Projects/Formely/backend/vendor/laravel/framework/src/Illuminate/Container/BoundMethod.php(96): Illuminate\\Container\\Util::unwrapIfClosure(Object(Closure))
#14 /Users/mejievski/Desktop/Projects/Formely/backend/vendor/laravel/framework/src/Illuminate/Container/BoundMethod.php(35): Illuminate\\Container\\BoundMethod::callBoundMethod(Object(Illuminate\\Foundation\\Application), Array, Object(Closure))
#15 /Users/mejievski/Desktop/Projects/Formely/backend/vendor/laravel/framework/src/Illuminate/Container/Container.php(836): Illuminate\\Container\\BoundMethod::call(Object(Illuminate\\Foundation\\Application), Array, Array, NULL)
#16 /Users/mejievski/Desktop/Projects/Formely/backend/vendor/laravel/framework/src/Illuminate/Bus/Dispatcher.php(129): Illuminate\\Container\\Container->call(Array)
#17 /Users/mejievski/Desktop/Projects/Formely/backend/vendor/laravel/framework/src/Illuminate/Pipeline/Pipeline.php(180): Illuminate\\Bus\\Dispatcher->{closure:Illuminate\\Bus\\Dispatcher::dispatchNow():126}(Object(App\\Jobs\\SyncAiKnowledgeJob))
#18 /Users/mejievski/Desktop/Projects/Formely/backend/vendor/laravel/framework/src/Illuminate/Pipeline/Pipeline.php(137): Illuminate\\Pipeline\\Pipeline->{closure:Illuminate\\Pipeline\\Pipeline::prepareDestination():178}(Object(App\\Jobs\\SyncAiKnowledgeJob))
#19 /Users/mejievski/Desktop/Projects/Formely/backend/vendor/laravel/framework/src/Illuminate/Bus/Dispatcher.php(133): Illuminate\\Pipeline\\Pipeline->then(Object(Closure))
#20 /Users/mejievski/Desktop/Projects/Formely/backend/vendor/laravel/framework/src/Illuminate/Queue/CallQueuedHandler.php(134): Illuminate\\Bus\\Dispatcher->dispatchNow(Object(App\\Jobs\\SyncAiKnowledgeJob), false)
#21 /Users/mejievski/Desktop/Projects/Formely/backend/vendor/laravel/framework/src/Illuminate/Pipeline/Pipeline.php(180): Illuminate\\Queue\\CallQueuedHandler->{closure:Illuminate\\Queue\\CallQueuedHandler::dispatchThroughMiddleware():127}(Object(App\\Jobs\\SyncAiKnowledgeJob))
#22 /Users/mejievski/Desktop/Projects/Formely/backend/vendor/laravel/framework/src/Illuminate/Pipeline/Pipeline.php(137): Illuminate\\Pipeline\\Pipeline->{closure:Illuminate\\Pipeline\\Pipeline::prepareDestination():178}(Object(App\\Jobs\\SyncAiKnowledgeJob))
#23 /Users/mejievski/Desktop/Projects/Formely/backend/vendor/laravel/framework/src/Illuminate/Queue/CallQueuedHandler.php(127): Illuminate\\Pipeline\\Pipeline->then(Object(Closure))
#24 /Users/mejievski/Desktop/Projects/Formely/backend/vendor/laravel/framework/src/Illuminate/Queue/CallQueuedHandler.php(68): Illuminate\\Queue\\CallQueuedHandler->dispatchThroughMiddleware(Object(Illuminate\\Queue\\Jobs\\SyncJob), Object(App\\Jobs\\SyncAiKnowledgeJob))
#25 /Users/mejievski/Desktop/Projects/Formely/backend/vendor/laravel/framework/src/Illuminate/Queue/Jobs/Job.php(102): Illuminate\\Queue\\CallQueuedHandler->call(Object(Illuminate\\Queue\\Jobs\\SyncJob), Array)
#26 /Users/mejievski/Desktop/Projects/Formely/backend/vendor/laravel/framework/src/Illuminate/Queue/SyncQueue.php(130): Illuminate\\Queue\\Jobs\\Job->fire()
#27 /Users/mejievski/Desktop/Projects/Formely/backend/vendor/laravel/framework/src/Illuminate/Queue/SyncQueue.php(110): Illuminate\\Queue\\SyncQueue->executeJob(Object(App\\Jobs\\SyncAiKnowledgeJob), '', NULL)
#28 laravel-serializable-closure://fn () => \\Illuminate\\Support\\Facades\\Queue::connection('sync')->push($job, $data, $queue)
        (2): Illuminate\\Queue\\SyncQueue->push(Object(App\\Jobs\\SyncAiKnowledgeJob), '', NULL)
#29 [internal function]: Illuminate\\Queue\\BackgroundQueue::{closure:laravel-serializable-closure://fn () => \\Illuminate\\Support\\Facades\\Queue::connection('sync')->push($job, $data, $queue)
        :2}()
#30 /Users/mejievski/Desktop/Projects/Formely/backend/vendor/laravel/serializable-closure/src/Serializers/Signed.php(43): call_user_func_array(Object(Closure), Array)
#31 [internal function]: Laravel\\SerializableClosure\\Serializers\\Signed->__invoke()
#32 /Users/mejievski/Desktop/Projects/Formely/backend/vendor/laravel/serializable-closure/src/SerializableClosure.php(39): call_user_func_array(Object(Laravel\\SerializableClosure\\Serializers\\Signed), Array)
#33 /Users/mejievski/Desktop/Projects/Formely/backend/vendor/laravel/framework/src/Illuminate/Container/BoundMethod.php(36): Laravel\\SerializableClosure\\SerializableClosure->__invoke()
#34 /Users/mejievski/Desktop/Projects/Formely/backend/vendor/laravel/framework/src/Illuminate/Container/Util.php(43): Illuminate\\Container\\BoundMethod::{closure:Illuminate\\Container\\BoundMethod::call():35}()
#35 /Users/mejievski/Desktop/Projects/Formely/backend/vendor/laravel/framework/src/Illuminate/Container/BoundMethod.php(84): Illuminate\\Container\\Util::unwrapIfClosure(Object(Closure))
#36 /Users/mejievski/Desktop/Projects/Formely/backend/vendor/laravel/framework/src/Illuminate/Container/BoundMethod.php(35): Illuminate\\Container\\BoundMethod::callBoundMethod(Object(Illuminate\\Foundation\\Application), Object(Laravel\\SerializableClosure\\SerializableClosure), Object(Closure))
#37 /Users/mejievski/Desktop/Projects/Formely/backend/vendor/laravel/framework/src/Illuminate/Container/Container.php(836): Illuminate\\Container\\BoundMethod::call(Object(Illuminate\\Foundation\\Application), Object(Laravel\\SerializableClosure\\SerializableClosure), Array, NULL)
#38 /Users/mejievski/Desktop/Projects/Formely/backend/vendor/laravel/framework/src/Illuminate/Concurrency/Console/InvokeSerializedClosureCommand.php(46): Illuminate\\Container\\Container->call(Object(Laravel\\SerializableClosure\\SerializableClosure))
#39 /Users/mejievski/Desktop/Projects/Formely/backend/vendor/laravel/framework/src/Illuminate/Container/BoundMethod.php(36): Illuminate\\Concurrency\\Console\\InvokeSerializedClosureCommand->handle()
#40 /Users/mejievski/Desktop/Projects/Formely/backend/vendor/laravel/framework/src/Illuminate/Container/Util.php(43): Illuminate\\Container\\BoundMethod::{closure:Illuminate\\Container\\BoundMethod::call():35}()
#41 /Users/mejievski/Desktop/Projects/Formely/backend/vendor/laravel/framework/src/Illuminate/Container/BoundMethod.php(96): Illuminate\\Container\\Util::unwrapIfClosure(Object(Closure))
#42 /Users/mejievski/Desktop/Projects/Formely/backend/vendor/laravel/framework/src/Illuminate/Container/BoundMethod.php(35): Illuminate\\Container\\BoundMethod::callBoundMethod(Object(Illuminate\\Foundation\\Application), Array, Object(Closure))
#43 /Users/mejievski/Desktop/Projects/Formely/backend/vendor/laravel/framework/src/Illuminate/Container/Container.php(836): Illuminate\\Container\\BoundMethod::call(Object(Illuminate\\Foundation\\Application), Array, Array, NULL)
#44 /Users/mejievski/Desktop/Projects/Formely/backend/vendor/laravel/framework/src/Illuminate/Console/Command.php(211): Illuminate\\Container\\Container->call(Array)
#45 /Users/mejievski/Desktop/Projects/Formely/backend/vendor/symfony/console/Command/Command.php(318): Illuminate\\Console\\Command->execute(Object(Symfony\\Component\\Console\\Input\\ArgvInput), Object(Illuminate\\Console\\OutputStyle))
#46 /Users/mejievski/Desktop/Projects/Formely/backend/vendor/laravel/framework/src/Illuminate/Console/Command.php(180): Symfony\\Component\\Console\\Command\\Command->run(Object(Symfony\\Component\\Console\\Input\\ArgvInput), Object(Illuminate\\Console\\OutputStyle))
#47 /Users/mejievski/Desktop/Projects/Formely/backend/vendor/symfony/console/Application.php(1055): Illuminate\\Console\\Command->run(Object(Symfony\\Component\\Console\\Input\\ArgvInput), Object(Symfony\\Component\\Console\\Output\\ConsoleOutput))
#48 /Users/mejievski/Desktop/Projects/Formely/backend/vendor/symfony/console/Application.php(356): Symfony\\Component\\Console\\Application->doRunCommand(Object(Illuminate\\Concurrency\\Console\\InvokeSerializedClosureCommand), Object(Symfony\\Component\\Console\\Input\\ArgvInput), Object(Symfony\\Component\\Console\\Output\\ConsoleOutput))
#49 /Users/mejievski/Desktop/Projects/Formely/backend/vendor/symfony/console/Application.php(195): Symfony\\Component\\Console\\Application->doRun(Object(Symfony\\Component\\Console\\Input\\ArgvInput), Object(Symfony\\Component\\Console\\Output\\ConsoleOutput))
#50 /Users/mejievski/Desktop/Projects/Formely/backend/vendor/laravel/framework/src/Illuminate/Foundation/Console/Kernel.php(197): Symfony\\Component\\Console\\Application->run(Object(Symfony\\Component\\Console\\Input\\ArgvInput), Object(Symfony\\Component\\Console\\Output\\ConsoleOutput))
#51 /Users/mejievski/Desktop/Projects/Formely/backend/vendor/laravel/framework/src/Illuminate/Foundation/Application.php(1235): Illuminate\\Foundation\\Console\\Kernel->handle(Object(Symfony\\Component\\Console\\Input\\ArgvInput), Object(Symfony\\Component\\Console\\Output\\ConsoleOutput))
#52 /Users/mejievski/Desktop/Projects/Formely/backend/artisan(16): Illuminate\\Foundation\\Application->handleCommand(Object(Symfony\\Component\\Console\\Input\\ArgvInput))
#53 {main}

[previous exception] [object] (PDOException(code: HY000): SQLSTATE[HY000]: General error: 1 no such table: courses at /Users/mejievski/Desktop/Projects/Formely/backend/vendor/laravel/framework/src/Illuminate/Database/Connection.php:406)
[stacktrace]
#0 /Users/mejievski/Desktop/Projects/Formely/backend/vendor/laravel/framework/src/Illuminate/Database/Connection.php(406): PDO->prepare('select * from \"...')
#1 /Users/mejievski/Desktop/Projects/Formely/backend/vendor/laravel/framework/src/Illuminate/Database/Connection.php(811): Illuminate\\Database\\Connection->{closure:Illuminate\\Database\\Connection::select():397}('select * from \"...', Array)
#2 /Users/mejievski/Desktop/Projects/Formely/backend/vendor/laravel/framework/src/Illuminate/Database/Connection.php(778): Illuminate\\Database\\Connection->runQueryCallback('select * from \"...', Array, Object(Closure))
#3 /Users/mejievski/Desktop/Projects/Formely/backend/vendor/laravel/framework/src/Illuminate/Database/Connection.php(397): Illuminate\\Database\\Connection->run('select * from \"...', Array, Object(Closure))
#4 /Users/mejievski/Desktop/Projects/Formely/backend/vendor/laravel/framework/src/Illuminate/Database/Query/Builder.php(3188): Illuminate\\Database\\Connection->select('select * from \"...', Array, true)
#5 /Users/mejievski/Desktop/Projects/Formely/backend/vendor/laravel/framework/src/Illuminate/Database/Query/Builder.php(3173): Illuminate\\Database\\Query\\Builder->runSelect()
#6 /Users/mejievski/Desktop/Projects/Formely/backend/vendor/laravel/framework/src/Illuminate/Database/Query/Builder.php(3763): Illuminate\\Database\\Query\\Builder->{closure:Illuminate\\Database\\Query\\Builder::get():3172}()
#7 /Users/mejievski/Desktop/Projects/Formely/backend/vendor/laravel/framework/src/Illuminate/Database/Query/Builder.php(3172): Illuminate\\Database\\Query\\Builder->onceWithColumns(Array, Object(Closure))
#8 /Users/mejievski/Desktop/Projects/Formely/backend/vendor/laravel/framework/src/Illuminate/Database/Eloquent/Builder.php(902): Illuminate\\Database\\Query\\Builder->get(Array)
#9 /Users/mejievski/Desktop/Projects/Formely/backend/vendor/laravel/framework/src/Illuminate/Database/Eloquent/Builder.php(884): Illuminate\\Database\\Eloquent\\Builder->getModels(Array)
#10 /Users/mejievski/Desktop/Projects/Formely/backend/vendor/laravel/framework/src/Illuminate/Database/Concerns/BuildsQueries.php(366): Illuminate\\Database\\Eloquent\\Builder->get(Array)
#11 /Users/mejievski/Desktop/Projects/Formely/backend/vendor/laravel/framework/src/Illuminate/Database/Eloquent/Builder.php(568): Illuminate\\Database\\Eloquent\\Builder->first(Array)
#12 /Users/mejievski/Desktop/Projects/Formely/backend/app/Jobs/SyncAiKnowledgeJob.php(49): Illuminate\\Database\\Eloquent\\Builder->find(1)
#13 /Users/mejievski/Desktop/Projects/Formely/backend/vendor/laravel/framework/src/Illuminate/Container/BoundMethod.php(36): App\\Jobs\\SyncAiKnowledgeJob->handle(Object(App\\Services\\AIKnowledgeService))
#14 /Users/mejievski/Desktop/Projects/Formely/backend/vendor/laravel/framework/src/Illuminate/Container/Util.php(43): Illuminate\\Container\\BoundMethod::{closure:Illuminate\\Container\\BoundMethod::call():35}()
#15 /Users/mejievski/Desktop/Projects/Formely/backend/vendor/laravel/framework/src/Illuminate/Container/BoundMethod.php(96): Illuminate\\Container\\Util::unwrapIfClosure(Object(Closure))
#16 /Users/mejievski/Desktop/Projects/Formely/backend/vendor/laravel/framework/src/Illuminate/Container/BoundMethod.php(35): Illuminate\\Container\\BoundMethod::callBoundMethod(Object(Illuminate\\Foundation\\Application), Array, Object(Closure))
#17 /Users/mejievski/Desktop/Projects/Formely/backend/vendor/laravel/framework/src/Illuminate/Container/Container.php(836): Illuminate\\Container\\BoundMethod::call(Object(Illuminate\\Foundation\\Application), Array, Array, NULL)
#18 /Users/mejievski/Desktop/Projects/Formely/backend/vendor/laravel/framework/src/Illuminate/Bus/Dispatcher.php(129): Illuminate\\Container\\Container->call(Array)
#19 /Users/mejievski/Desktop/Projects/Formely/backend/vendor/laravel/framework/src/Illuminate/Pipeline/Pipeline.php(180): Illuminate\\Bus\\Dispatcher->{closure:Illuminate\\Bus\\Dispatcher::dispatchNow():126}(Object(App\\Jobs\\SyncAiKnowledgeJob))
#20 /Users/mejievski/Desktop/Projects/Formely/backend/vendor/laravel/framework/src/Illuminate/Pipeline/Pipeline.php(137): Illuminate\\Pipeline\\Pipeline->{closure:Illuminate\\Pipeline\\Pipeline::prepareDestination():178}(Object(App\\Jobs\\SyncAiKnowledgeJob))
#21 /Users/mejievski/Desktop/Projects/Formely/backend/vendor/laravel/framework/src/Illuminate/Bus/Dispatcher.php(133): Illuminate\\Pipeline\\Pipeline->then(Object(Closure))
#22 /Users/mejievski/Desktop/Projects/Formely/backend/vendor/laravel/framework/src/Illuminate/Queue/CallQueuedHandler.php(134): Illuminate\\Bus\\Dispatcher->dispatchNow(Object(App\\Jobs\\SyncAiKnowledgeJob), false)
#23 /Users/mejievski/Desktop/Projects/Formely/backend/vendor/laravel/framework/src/Illuminate/Pipeline/Pipeline.php(180): Illuminate\\Queue\\CallQueuedHandler->{closure:Illuminate\\Queue\\CallQueuedHandler::dispatchThroughMiddleware():127}(Object(App\\Jobs\\SyncAiKnowledgeJob))
#24 /Users/mejievski/Desktop/Projects/Formely/backend/vendor/laravel/framework/src/Illuminate/Pipeline/Pipeline.php(137): Illuminate\\Pipeline\\Pipeline->{closure:Illuminate\\Pipeline\\Pipeline::prepareDestination():178}(Object(App\\Jobs\\SyncAiKnowledgeJob))
#25 /Users/mejievski/Desktop/Projects/Formely/backend/vendor/laravel/framework/src/Illuminate/Queue/CallQueuedHandler.php(127): Illuminate\\Pipeline\\Pipeline->then(Object(Closure))
#26 /Users/mejievski/Desktop/Projects/Formely/backend/vendor/laravel/framework/src/Illuminate/Queue/CallQueuedHandler.php(68): Illuminate\\Queue\\CallQueuedHandler->dispatchThroughMiddleware(Object(Illuminate\\Queue\\Jobs\\SyncJob), Object(App\\Jobs\\SyncAiKnowledgeJob))
#27 /Users/mejievski/Desktop/Projects/Formely/backend/vendor/laravel/framework/src/Illuminate/Queue/Jobs/Job.php(102): Illuminate\\Queue\\CallQueuedHandler->call(Object(Illuminate\\Queue\\Jobs\\SyncJob), Array)
#28 /Users/mejievski/Desktop/Projects/Formely/backend/vendor/laravel/framework/src/Illuminate/Queue/SyncQueue.php(130): Illuminate\\Queue\\Jobs\\Job->fire()
#29 /Users/mejievski/Desktop/Projects/Formely/backend/vendor/laravel/framework/src/Illuminate/Queue/SyncQueue.php(110): Illuminate\\Queue\\SyncQueue->executeJob(Object(App\\Jobs\\SyncAiKnowledgeJob), '', NULL)
#30 laravel-serializable-closure://fn () => \\Illuminate\\Support\\Facades\\Queue::connection('sync')->push($job, $data, $queue)
        (2): Illuminate\\Queue\\SyncQueue->push(Object(App\\Jobs\\SyncAiKnowledgeJob), '', NULL)
#31 [internal function]: Illuminate\\Queue\\BackgroundQueue::{closure:laravel-serializable-closure://fn () => \\Illuminate\\Support\\Facades\\Queue::connection('sync')->push($job, $data, $queue)
        :2}()
#32 /Users/mejievski/Desktop/Projects/Formely/backend/vendor/laravel/serializable-closure/src/Serializers/Signed.php(43): call_user_func_array(Object(Closure), Array)
#33 [internal function]: Laravel\\SerializableClosure\\Serializers\\Signed->__invoke()
#34 /Users/mejievski/Desktop/Projects/Formely/backend/vendor/laravel/serializable-closure/src/SerializableClosure.php(39): call_user_func_array(Object(Laravel\\SerializableClosure\\Serializers\\Signed), Array)
#35 /Users/mejievski/Desktop/Projects/Formely/backend/vendor/laravel/framework/src/Illuminate/Container/BoundMethod.php(36): Laravel\\SerializableClosure\\SerializableClosure->__invoke()
#36 /Users/mejievski/Desktop/Projects/Formely/backend/vendor/laravel/framework/src/Illuminate/Container/Util.php(43): Illuminate\\Container\\BoundMethod::{closure:Illuminate\\Container\\BoundMethod::call():35}()
#37 /Users/mejievski/Desktop/Projects/Formely/backend/vendor/laravel/framework/src/Illuminate/Container/BoundMethod.php(84): Illuminate\\Container\\Util::unwrapIfClosure(Object(Closure))
#38 /Users/mejievski/Desktop/Projects/Formely/backend/vendor/laravel/framework/src/Illuminate/Container/BoundMethod.php(35): Illuminate\\Container\\BoundMethod::callBoundMethod(Object(Illuminate\\Foundation\\Application), Object(Laravel\\SerializableClosure\\SerializableClosure), Object(Closure))
#39 /Users/mejievski/Desktop/Projects/Formely/backend/vendor/laravel/framework/src/Illuminate/Container/Container.php(836): Illuminate\\Container\\BoundMethod::call(Object(Illuminate\\Foundation\\Application), Object(Laravel\\SerializableClosure\\SerializableClosure), Array, NULL)
#40 /Users/mejievski/Desktop/Projects/Formely/backend/vendor/laravel/framework/src/Illuminate/Concurrency/Console/InvokeSerializedClosureCommand.php(46): Illuminate\\Container\\Container->call(Object(Laravel\\SerializableClosure\\SerializableClosure))
#41 /Users/mejievski/Desktop/Projects/Formely/backend/vendor/laravel/framework/src/Illuminate/Container/BoundMethod.php(36): Illuminate\\Concurrency\\Console\\InvokeSerializedClosureCommand->handle()
#42 /Users/mejievski/Desktop/Projects/Formely/backend/vendor/laravel/framework/src/Illuminate/Container/Util.php(43): Illuminate\\Container\\BoundMethod::{closure:Illuminate\\Container\\BoundMethod::call():35}()
#43 /Users/mejievski/Desktop/Projects/Formely/backend/vendor/laravel/framework/src/Illuminate/Container/BoundMethod.php(96): Illuminate\\Container\\Util::unwrapIfClosure(Object(Closure))
#44 /Users/mejievski/Desktop/Projects/Formely/backend/vendor/laravel/framework/src/Illuminate/Container/BoundMethod.php(35): Illuminate\\Container\\BoundMethod::callBoundMethod(Object(Illuminate\\Foundation\\Application), Array, Object(Closure))
#45 /Users/mejievski/Desktop/Projects/Formely/backend/vendor/laravel/framework/src/Illuminate/Container/Container.php(836): Illuminate\\Container\\BoundMethod::call(Object(Illuminate\\Foundation\\Application), Array, Array, NULL)
#46 /Users/mejievski/Desktop/Projects/Formely/backend/vendor/laravel/framework/src/Illuminate/Console/Command.php(211): Illuminate\\Container\\Container->call(Array)
#47 /Users/mejievski/Desktop/Projects/Formely/backend/vendor/symfony/console/Command/Command.php(318): Illuminate\\Console\\Command->execute(Object(Symfony\\Component\\Console\\Input\\ArgvInput), Object(Illuminate\\Console\\OutputStyle))
#48 /Users/mejievski/Desktop/Projects/Formely/backend/vendor/laravel/framework/src/Illuminate/Console/Command.php(180): Symfony\\Component\\Console\\Command\\Command->run(Object(Symfony\\Component\\Console\\Input\\ArgvInput), Object(Illuminate\\Console\\OutputStyle))
#49 /Users/mejievski/Desktop/Projects/Formely/backend/vendor/symfony/console/Application.php(1055): Illuminate\\Console\\Command->run(Object(Symfony\\Component\\Console\\Input\\ArgvInput), Object(Symfony\\Component\\Console\\Output\\ConsoleOutput))
#50 /Users/mejievski/Desktop/Projects/Formely/backend/vendor/symfony/console/Application.php(356): Symfony\\Component\\Console\\Application->doRunCommand(Object(Illuminate\\Concurrency\\Console\\InvokeSerializedClosureCommand), Object(Symfony\\Component\\Console\\Input\\ArgvInput), Object(Symfony\\Component\\Console\\Output\\ConsoleOutput))
#51 /Users/mejievski/Desktop/Projects/Formely/backend/vendor/symfony/console/Application.php(195): Symfony\\Component\\Console\\Application->doRun(Object(Symfony\\Component\\Console\\Input\\ArgvInput), Object(Symfony\\Component\\Console\\Output\\ConsoleOutput))
#52 /Users/mejievski/Desktop/Projects/Formely/backend/vendor/laravel/framework/src/Illuminate/Foundation/Console/Kernel.php(197): Symfony\\Component\\Console\\Application->run(Object(Symfony\\Component\\Console\\Input\\ArgvInput), Object(Symfony\\Component\\Console\\Output\\ConsoleOutput))
#53 /Users/mejievski/Desktop/Projects/Formely/backend/vendor/laravel/framework/src/Illuminate/Foundation/Application.php(1235): Illuminate\\Foundation\\Console\\Kernel->handle(Object(Symfony\\Component\\Console\\Input\\ArgvInput), Object(Symfony\\Component\\Console\\Output\\ConsoleOutput))
#54 /Users/mejievski/Desktop/Projects/Formely/backend/artisan(16): Illuminate\\Foundation\\Application->handleCommand(Object(Symfony\\Component\\Console\\Input\\ArgvInput))
#55 {main}
"} 
[2026-05-27 13:05:30] testing.ERROR: SQLSTATE[HY000]: General error: 1 no such table: courses (Connection: sqlite, SQL: select * from "courses" where "courses"."id" = 2 limit 1) {"exception":"[object] (Illuminate\\Database\\QueryException(code: HY000): SQLSTATE[HY000]: General error: 1 no such table: courses (Connection: sqlite, SQL: select * from \"courses\" where \"courses\".\"id\" = 2 limit 1) at /Users/mejievski/Desktop/Projects/Formely/backend/vendor/laravel/framework/src/Illuminate/Database/Connection.php:824)
[stacktrace]
#0 /Users/mejievski/Desktop/Projects/Formely/backend/vendor/laravel/framework/src/Illuminate/Database/Connection.php(778): Illuminate\\Database\\Connection->runQueryCallback('select * from \"...', Array, Object(Closure))
#1 /Users/mejievski/Desktop/Projects/Formely/backend/vendor/laravel/framework/src/Illuminate/Database/Connection.php(397): Illuminate\\Database\\Connection->run('select * from \"...', Array, Object(Closure))
#2 /Users/mejievski/Desktop/Projects/Formely/backend/vendor/laravel/framework/src/Illuminate/Database/Query/Builder.php(3188): Illuminate\\Database\\Connection->select('select * from \"...', Array, true)
#3 /Users/mejievski/Desktop/Projects/Formely/backend/vendor/laravel/framework/src/Illuminate/Database/Query/Builder.php(3173): Illuminate\\Database\\Query\\Builder->runSelect()
#4 /Users/mejievski/Desktop/Projects/Formely/backend/vendor/laravel/framework/src/Illuminate/Database/Query/Builder.php(3763): Illuminate\\Database\\Query\\Builder->{closure:Illuminate\\Database\\Query\\Builder::get():3172}()
#5 /Users/mejievski/Desktop/Projects/Formely/backend/vendor/laravel/framework/src/Illuminate/Database/Query/Builder.php(3172): Illuminate\\Database\\Query\\Builder->onceWithColumns(Array, Object(Closure))
#6 /Users/mejievski/Desktop/Projects/Formely/backend/vendor/laravel/framework/src/Illuminate/Database/Eloquent/Builder.php(902): Illuminate\\Database\\Query\\Builder->get(Array)
#7 /Users/mejievski/Desktop/Projects/Formely/backend/vendor/laravel/framework/src/Illuminate/Database/Eloquent/Builder.php(884): Illuminate\\Database\\Eloquent\\Builder->getModels(Array)
#8 /Users/mejievski/Desktop/Projects/Formely/backend/vendor/laravel/framework/src/Illuminate/Database/Concerns/BuildsQueries.php(366): Illuminate\\Database\\Eloquent\\Builder->get(Array)
#9 /Users/mejievski/Desktop/Projects/Formely/backend/vendor/laravel/framework/src/Illuminate/Database/Eloquent/Builder.php(568): Illuminate\\Database\\Eloquent\\Builder->first(Array)
#10 /Users/mejievski/Desktop/Projects/Formely/backend/app/Jobs/SyncAiKnowledgeJob.php(49): Illuminate\\Database\\Eloquent\\Builder->find(2)
#11 /Users/mejievski/Desktop/Projects/Formely/backend/vendor/laravel/framework/src/Illuminate/Container/BoundMethod.php(36): App\\Jobs\\SyncAiKnowledgeJob->handle(Object(App\\Services\\AIKnowledgeService))
#12 /Users/mejievski/Desktop/Projects/Formely/backend/vendor/laravel/framework/src/Illuminate/Container/Util.php(43): Illuminate\\Container\\BoundMethod::{closure:Illuminate\\Container\\BoundMethod::call():35}()
#13 /Users/mejievski/Desktop/Projects/Formely/backend/vendor/laravel/framework/src/Illuminate/Container/BoundMethod.php(96): Illuminate\\Container\\Util::unwrapIfClosure(Object(Closure))
#14 /Users/mejievski/Desktop/Projects/Formely/backend/vendor/laravel/framework/src/Illuminate/Container/BoundMethod.php(35): Illuminate\\Container\\BoundMethod::callBoundMethod(Object(Illuminate\\Foundation\\Application), Array, Object(Closure))
#15 /Users/mejievski/Desktop/Projects/Formely/backend/vendor/laravel/framework/src/Illuminate/Container/Container.php(836): Illuminate\\Container\\BoundMethod::call(Object(Illuminate\\Foundation\\Application), Array, Array, NULL)
#16 /Users/mejievski/Desktop/Projects/Formely/backend/vendor/laravel/framework/src/Illuminate/Bus/Dispatcher.php(129): Illuminate\\Container\\Container->call(Array)
#17 /Users/mejievski/Desktop/Projects/Formely/backend/vendor/laravel/framework/src/Illuminate/Pipeline/Pipeline.php(180): Illuminate\\Bus\\Dispatcher->{closure:Illuminate\\Bus\\Dispatcher::dispatchNow():126}(Object(App\\Jobs\\SyncAiKnowledgeJob))
#18 /Users/mejievski/Desktop/Projects/Formely/backend/vendor/laravel/framework/src/Illuminate/Pipeline/Pipeline.php(137): Illuminate\\Pipeline\\Pipeline->{closure:Illuminate\\Pipeline\\Pipeline::prepareDestination():178}(Object(App\\Jobs\\SyncAiKnowledgeJob))
#19 /Users/mejievski/Desktop/Projects/Formely/backend/vendor/laravel/framework/src/Illuminate/Bus/Dispatcher.php(133): Illuminate\\Pipeline\\Pipeline->then(Object(Closure))
#20 /Users/mejievski/Desktop/Projects/Formely/backend/vendor/laravel/framework/src/Illuminate/Queue/CallQueuedHandler.php(134): Illuminate\\Bus\\Dispatcher->dispatchNow(Object(App\\Jobs\\SyncAiKnowledgeJob), false)
#21 /Users/mejievski/Desktop/Projects/Formely/backend/vendor/laravel/framework/src/Illuminate/Pipeline/Pipeline.php(180): Illuminate\\Queue\\CallQueuedHandler->{closure:Illuminate\\Queue\\CallQueuedHandler::dispatchThroughMiddleware():127}(Object(App\\Jobs\\SyncAiKnowledgeJob))
#22 /Users/mejievski/Desktop/Projects/Formely/backend/vendor/laravel/framework/src/Illuminate/Pipeline/Pipeline.php(137): Illuminate\\Pipeline\\Pipeline->{closure:Illuminate\\Pipeline\\Pipeline::prepareDestination():178}(Object(App\\Jobs\\SyncAiKnowledgeJob))
#23 /Users/mejievski/Desktop/Projects/Formely/backend/vendor/laravel/framework/src/Illuminate/Queue/CallQueuedHandler.php(127): Illuminate\\Pipeline\\Pipeline->then(Object(Closure))
#24 /Users/mejievski/Desktop/Projects/Formely/backend/vendor/laravel/framework/src/Illuminate/Queue/CallQueuedHandler.php(68): Illuminate\\Queue\\CallQueuedHandler->dispatchThroughMiddleware(Object(Illuminate\\Queue\\Jobs\\SyncJob), Object(App\\Jobs\\SyncAiKnowledgeJob))
#25 /Users/mejievski/Desktop/Projects/Formely/backend/vendor/laravel/framework/src/Illuminate/Queue/Jobs/Job.php(102): Illuminate\\Queue\\CallQueuedHandler->call(Object(Illuminate\\Queue\\Jobs\\SyncJob), Array)
#26 /Users/mejievski/Desktop/Projects/Formely/backend/vendor/laravel/framework/src/Illuminate/Queue/SyncQueue.php(130): Illuminate\\Queue\\Jobs\\Job->fire()
#27 /Users/mejievski/Desktop/Projects/Formely/backend/vendor/laravel/framework/src/Illuminate/Queue/SyncQueue.php(110): Illuminate\\Queue\\SyncQueue->executeJob(Object(App\\Jobs\\SyncAiKnowledgeJob), '', NULL)
#28 laravel-serializable-closure://fn () => \\Illuminate\\Support\\Facades\\Queue::connection('sync')->push($job, $data, $queue)
        (2): Illuminate\\Queue\\SyncQueue->push(Object(App\\Jobs\\SyncAiKnowledgeJob), '', NULL)
#29 [internal function]: Illuminate\\Queue\\BackgroundQueue::{closure:laravel-serializable-closure://fn () => \\Illuminate\\Support\\Facades\\Queue::connection('sync')->push($job, $data, $queue)
        :2}()
#30 /Users/mejievski/Desktop/Projects/Formely/backend/vendor/laravel/serializable-closure/src/Serializers/Signed.php(43): call_user_func_array(Object(Closure), Array)
#31 [internal function]: Laravel\\SerializableClosure\\Serializers\\Signed->__invoke()
#32 /Users/mejievski/Desktop/Projects/Formely/backend/vendor/laravel/serializable-closure/src/SerializableClosure.php(39): call_user_func_array(Object(Laravel\\SerializableClosure\\Serializers\\Signed), Array)
#33 /Users/mejievski/Desktop/Projects/Formely/backend/vendor/laravel/framework/src/Illuminate/Container/BoundMethod.php(36): Laravel\\SerializableClosure\\SerializableClosure->__invoke()
#34 /Users/mejievski/Desktop/Projects/Formely/backend/vendor/laravel/framework/src/Illuminate/Container/Util.php(43): Illuminate\\Container\\BoundMethod::{closure:Illuminate\\Container\\BoundMethod::call():35}()
#35 /Users/mejievski/Desktop/Projects/Formely/backend/vendor/laravel/framework/src/Illuminate/Container/BoundMethod.php(84): Illuminate\\Container\\Util::unwrapIfClosure(Object(Closure))
#36 /Users/mejievski/Desktop/Projects/Formely/backend/vendor/laravel/framework/src/Illuminate/Container/BoundMethod.php(35): Illuminate\\Container\\BoundMethod::callBoundMethod(Object(Illuminate\\Foundation\\Application), Object(Laravel\\SerializableClosure\\SerializableClosure), Object(Closure))
#37 /Users/mejievski/Desktop/Projects/Formely/backend/vendor/laravel/framework/src/Illuminate/Container/Container.php(836): Illuminate\\Container\\BoundMethod::call(Object(Illuminate\\Foundation\\Application), Object(Laravel\\SerializableClosure\\SerializableClosure), Array, NULL)
#38 /Users/mejievski/Desktop/Projects/Formely/backend/vendor/laravel/framework/src/Illuminate/Concurrency/Console/InvokeSerializedClosureCommand.php(46): Illuminate\\Container\\Container->call(Object(Laravel\\SerializableClosure\\SerializableClosure))
#39 /Users/mejievski/Desktop/Projects/Formely/backend/vendor/laravel/framework/src/Illuminate/Container/BoundMethod.php(36): Illuminate\\Concurrency\\Console\\InvokeSerializedClosureCommand->handle()
#40 /Users/mejievski/Desktop/Projects/Formely/backend/vendor/laravel/framework/src/Illuminate/Container/Util.php(43): Illuminate\\Container\\BoundMethod::{closure:Illuminate\\Container\\BoundMethod::call():35}()
#41 /Users/mejievski/Desktop/Projects/Formely/backend/vendor/laravel/framework/src/Illuminate/Container/BoundMethod.php(96): Illuminate\\Container\\Util::unwrapIfClosure(Object(Closure))
#42 /Users/mejievski/Desktop/Projects/Formely/backend/vendor/laravel/framework/src/Illuminate/Container/BoundMethod.php(35): Illuminate\\Container\\BoundMethod::callBoundMethod(Object(Illuminate\\Foundation\\Application), Array, Object(Closure))
#43 /Users/mejievski/Desktop/Projects/Formely/backend/vendor/laravel/framework/src/Illuminate/Container/Container.php(836): Illuminate\\Container\\BoundMethod::call(Object(Illuminate\\Foundation\\Application), Array, Array, NULL)
#44 /Users/mejievski/Desktop/Projects/Formely/backend/vendor/laravel/framework/src/Illuminate/Console/Command.php(211): Illuminate\\Container\\Container->call(Array)
#45 /Users/mejievski/Desktop/Projects/Formely/backend/vendor/symfony/console/Command/Command.php(318): Illuminate\\Console\\Command->execute(Object(Symfony\\Component\\Console\\Input\\ArgvInput), Object(Illuminate\\Console\\OutputStyle))
#46 /Users/mejievski/Desktop/Projects/Formely/backend/vendor/laravel/framework/src/Illuminate/Console/Command.php(180): Symfony\\Component\\Console\\Command\\Command->run(Object(Symfony\\Component\\Console\\Input\\ArgvInput), Object(Illuminate\\Console\\OutputStyle))
#47 /Users/mejievski/Desktop/Projects/Formely/backend/vendor/symfony/console/Application.php(1055): Illuminate\\Console\\Command->run(Object(Symfony\\Component\\Console\\Input\\ArgvInput), Object(Symfony\\Component\\Console\\Output\\ConsoleOutput))
#48 /Users/mejievski/Desktop/Projects/Formely/backend/vendor/symfony/console/Application.php(356): Symfony\\Component\\Console\\Application->doRunCommand(Object(Illuminate\\Concurrency\\Console\\InvokeSerializedClosureCommand), Object(Symfony\\Component\\Console\\Input\\ArgvInput), Object(Symfony\\Component\\Console\\Output\\ConsoleOutput))
#49 /Users/mejievski/Desktop/Projects/Formely/backend/vendor/symfony/console/Application.php(195): Symfony\\Component\\Console\\Application->doRun(Object(Symfony\\Component\\Console\\Input\\ArgvInput), Object(Symfony\\Component\\Console\\Output\\ConsoleOutput))
#50 /Users/mejievski/Desktop/Projects/Formely/backend/vendor/laravel/framework/src/Illuminate/Foundation/Console/Kernel.php(197): Symfony\\Component\\Console\\Application->run(Object(Symfony\\Component\\Console\\Input\\ArgvInput), Object(Symfony\\Component\\Console\\Output\\ConsoleOutput))
#51 /Users/mejievski/Desktop/Projects/Formely/backend/vendor/laravel/framework/src/Illuminate/Foundation/Application.php(1235): Illuminate\\Foundation\\Console\\Kernel->handle(Object(Symfony\\Component\\Console\\Input\\ArgvInput), Object(Symfony\\Component\\Console\\Output\\ConsoleOutput))
#52 /Users/mejievski/Desktop/Projects/Formely/backend/artisan(16): Illuminate\\Foundation\\Application->handleCommand(Object(Symfony\\Component\\Console\\Input\\ArgvInput))
#53 {main}

[previous exception] [object] (PDOException(code: HY000): SQLSTATE[HY000]: General error: 1 no such table: courses at /Users/mejievski/Desktop/Projects/Formely/backend/vendor/laravel/framework/src/Illuminate/Database/Connection.php:406)
[stacktrace]
#0 /Users/mejievski/Desktop/Projects/Formely/backend/vendor/laravel/framework/src/Illuminate/Database/Connection.php(406): PDO->prepare('select * from \"...')
#1 /Users/mejievski/Desktop/Projects/Formely/backend/vendor/laravel/framework/src/Illuminate/Database/Connection.php(811): Illuminate\\Database\\Connection->{closure:Illuminate\\Database\\Connection::select():397}('select * from \"...', Array)
#2 /Users/mejievski/Desktop/Projects/Formely/backend/vendor/laravel/framework/src/Illuminate/Database/Connection.php(778): Illuminate\\Database\\Connection->runQueryCallback('select * from \"...', Array, Object(Closure))
#3 /Users/mejievski/Desktop/Projects/Formely/backend/vendor/laravel/framework/src/Illuminate/Database/Connection.php(397): Illuminate\\Database\\Connection->run('select * from \"...', Array, Object(Closure))
#4 /Users/mejievski/Desktop/Projects/Formely/backend/vendor/laravel/framework/src/Illuminate/Database/Query/Builder.php(3188): Illuminate\\Database\\Connection->select('select * from \"...', Array, true)
#5 /Users/mejievski/Desktop/Projects/Formely/backend/vendor/laravel/framework/src/Illuminate/Database/Query/Builder.php(3173): Illuminate\\Database\\Query\\Builder->runSelect()
#6 /Users/mejievski/Desktop/Projects/Formely/backend/vendor/laravel/framework/src/Illuminate/Database/Query/Builder.php(3763): Illuminate\\Database\\Query\\Builder->{closure:Illuminate\\Database\\Query\\Builder::get():3172}()
#7 /Users/mejievski/Desktop/Projects/Formely/backend/vendor/laravel/framework/src/Illuminate/Database/Query/Builder.php(3172): Illuminate\\Database\\Query\\Builder->onceWithColumns(Array, Object(Closure))
#8 /Users/mejievski/Desktop/Projects/Formely/backend/vendor/laravel/framework/src/Illuminate/Database/Eloquent/Builder.php(902): Illuminate\\Database\\Query\\Builder->get(Array)
#9 /Users/mejievski/Desktop/Projects/Formely/backend/vendor/laravel/framework/src/Illuminate/Database/Eloquent/Builder.php(884): Illuminate\\Database\\Eloquent\\Builder->getModels(Array)
#10 /Users/mejievski/Desktop/Projects/Formely/backend/vendor/laravel/framework/src/Illuminate/Database/Concerns/BuildsQueries.php(366): Illuminate\\Database\\Eloquent\\Builder->get(Array)
#11 /Users/mejievski/Desktop/Projects/Formely/backend/vendor/laravel/framework/src/Illuminate/Database/Eloquent/Builder.php(568): Illuminate\\Database\\Eloquent\\Builder->first(Array)
#12 /Users/mejievski/Desktop/Projects/Formely/backend/app/Jobs/SyncAiKnowledgeJob.php(49): Illuminate\\Database\\Eloquent\\Builder->find(2)
#13 /Users/mejievski/Desktop/Projects/Formely/backend/vendor/laravel/framework/src/Illuminate/Container/BoundMethod.php(36): App\\Jobs\\SyncAiKnowledgeJob->handle(Object(App\\Services\\AIKnowledgeService))
#14 /Users/mejievski/Desktop/Projects/Formely/backend/vendor/laravel/framework/src/Illuminate/Container/Util.php(43): Illuminate\\Container\\BoundMethod::{closure:Illuminate\\Container\\BoundMethod::call():35}()
#15 /Users/mejievski/Desktop/Projects/Formely/backend/vendor/laravel/framework/src/Illuminate/Container/BoundMethod.php(96): Illuminate\\Container\\Util::unwrapIfClosure(Object(Closure))
#16 /Users/mejievski/Desktop/Projects/Formely/backend/vendor/laravel/framework/src/Illuminate/Container/BoundMethod.php(35): Illuminate\\Container\\BoundMethod::callBoundMethod(Object(Illuminate\\Foundation\\Application), Array, Object(Closure))
#17 /Users/mejievski/Desktop/Projects/Formely/backend/vendor/laravel/framework/src/Illuminate/Container/Container.php(836): Illuminate\\Container\\BoundMethod::call(Object(Illuminate\\Foundation\\Application), Array, Array, NULL)
#18 /Users/mejievski/Desktop/Projects/Formely/backend/vendor/laravel/framework/src/Illuminate/Bus/Dispatcher.php(129): Illuminate\\Container\\Container->call(Array)
#19 /Users/mejievski/Desktop/Projects/Formely/backend/vendor/laravel/framework/src/Illuminate/Pipeline/Pipeline.php(180): Illuminate\\Bus\\Dispatcher->{closure:Illuminate\\Bus\\Dispatcher::dispatchNow():126}(Object(App\\Jobs\\SyncAiKnowledgeJob))
#20 /Users/mejievski/Desktop/Projects/Formely/backend/vendor/laravel/framework/src/Illuminate/Pipeline/Pipeline.php(137): Illuminate\\Pipeline\\Pipeline->{closure:Illuminate\\Pipeline\\Pipeline::prepareDestination():178}(Object(App\\Jobs\\SyncAiKnowledgeJob))
#21 /Users/mejievski/Desktop/Projects/Formely/backend/vendor/laravel/framework/src/Illuminate/Bus/Dispatcher.php(133): Illuminate\\Pipeline\\Pipeline->then(Object(Closure))
#22 /Users/mejievski/Desktop/Projects/Formely/backend/vendor/laravel/framework/src/Illuminate/Queue/CallQueuedHandler.php(134): Illuminate\\Bus\\Dispatcher->dispatchNow(Object(App\\Jobs\\SyncAiKnowledgeJob), false)
#23 /Users/mejievski/Desktop/Projects/Formely/backend/vendor/laravel/framework/src/Illuminate/Pipeline/Pipeline.php(180): Illuminate\\Queue\\CallQueuedHandler->{closure:Illuminate\\Queue\\CallQueuedHandler::dispatchThroughMiddleware():127}(Object(App\\Jobs\\SyncAiKnowledgeJob))
#24 /Users/mejievski/Desktop/Projects/Formely/backend/vendor/laravel/framework/src/Illuminate/Pipeline/Pipeline.php(137): Illuminate\\Pipeline\\Pipeline->{closure:Illuminate\\Pipeline\\Pipeline::prepareDestination():178}(Object(App\\Jobs\\SyncAiKnowledgeJob))
#25 /Users/mejievski/Desktop/Projects/Formely/backend/vendor/laravel/framework/src/Illuminate/Queue/CallQueuedHandler.php(127): Illuminate\\Pipeline\\Pipeline->then(Object(Closure))
#26 /Users/mejievski/Desktop/Projects/Formely/backend/vendor/laravel/framework/src/Illuminate/Queue/CallQueuedHandler.php(68): Illuminate\\Queue\\CallQueuedHandler->dispatchThroughMiddleware(Object(Illuminate\\Queue\\Jobs\\SyncJob), Object(App\\Jobs\\SyncAiKnowledgeJob))
#27 /Users/mejievski/Desktop/Projects/Formely/backend/vendor/laravel/framework/src/Illuminate/Queue/Jobs/Job.php(102): Illuminate\\Queue\\CallQueuedHandler->call(Object(Illuminate\\Queue\\Jobs\\SyncJob), Array)
#28 /Users/mejievski/Desktop/Projects/Formely/backend/vendor/laravel/framework/src/Illuminate/Queue/SyncQueue.php(130): Illuminate\\Queue\\Jobs\\Job->fire()
#29 /Users/mejievski/Desktop/Projects/Formely/backend/vendor/laravel/framework/src/Illuminate/Queue/SyncQueue.php(110): Illuminate\\Queue\\SyncQueue->executeJob(Object(App\\Jobs\\SyncAiKnowledgeJob), '', NULL)
#30 laravel-serializable-closure://fn () => \\Illuminate\\Support\\Facades\\Queue::connection('sync')->push($job, $data, $queue)
        (2): Illuminate\\Queue\\SyncQueue->push(Object(App\\Jobs\\SyncAiKnowledgeJob), '', NULL)
#31 [internal function]: Illuminate\\Queue\\BackgroundQueue::{closure:laravel-serializable-closure://fn () => \\Illuminate\\Support\\Facades\\Queue::connection('sync')->push($job, $data, $queue)
        :2}()
#32 /Users/mejievski/Desktop/Projects/Formely/backend/vendor/laravel/serializable-closure/src/Serializers/Signed.php(43): call_user_func_array(Object(Closure), Array)
#33 [internal function]: Laravel\\SerializableClosure\\Serializers\\Signed->__invoke()
#34 /Users/mejievski/Desktop/Projects/Formely/backend/vendor/laravel/serializable-closure/src/SerializableClosure.php(39): call_user_func_array(Object(Laravel\\SerializableClosure\\Serializers\\Signed), Array)
#35 /Users/mejievski/Desktop/Projects/Formely/backend/vendor/laravel/framework/src/Illuminate/Container/BoundMethod.php(36): Laravel\\SerializableClosure\\SerializableClosure->__invoke()
#36 /Users/mejievski/Desktop/Projects/Formely/backend/vendor/laravel/framework/src/Illuminate/Container/Util.php(43): Illuminate\\Container\\BoundMethod::{closure:Illuminate\\Container\\BoundMethod::call():35}()
#37 /Users/mejievski/Desktop/Projects/Formely/backend/vendor/laravel/framework/src/Illuminate/Container/BoundMethod.php(84): Illuminate\\Container\\Util::unwrapIfClosure(Object(Closure))
#38 /Users/mejievski/Desktop/Projects/Formely/backend/vendor/laravel/framework/src/Illuminate/Container/BoundMethod.php(35): Illuminate\\Container\\BoundMethod::callBoundMethod(Object(Illuminate\\Foundation\\Application), Object(Laravel\\SerializableClosure\\SerializableClosure), Object(Closure))
#39 /Users/mejievski/Desktop/Projects/Formely/backend/vendor/laravel/framework/src/Illuminate/Container/Container.php(836): Illuminate\\Container\\BoundMethod::call(Object(Illuminate\\Foundation\\Application), Object(Laravel\\SerializableClosure\\SerializableClosure), Array, NULL)
#40 /Users/mejievski/Desktop/Projects/Formely/backend/vendor/laravel/framework/src/Illuminate/Concurrency/Console/InvokeSerializedClosureCommand.php(46): Illuminate\\Container\\Container->call(Object(Laravel\\SerializableClosure\\SerializableClosure))
#41 /Users/mejievski/Desktop/Projects/Formely/backend/vendor/laravel/framework/src/Illuminate/Container/BoundMethod.php(36): Illuminate\\Concurrency\\Console\\InvokeSerializedClosureCommand->handle()
#42 /Users/mejievski/Desktop/Projects/Formely/backend/vendor/laravel/framework/src/Illuminate/Container/Util.php(43): Illuminate\\Container\\BoundMethod::{closure:Illuminate\\Container\\BoundMethod::call():35}()
#43 /Users/mejievski/Desktop/Projects/Formely/backend/vendor/laravel/framework/src/Illuminate/Container/BoundMethod.php(96): Illuminate\\Container\\Util::unwrapIfClosure(Object(Closure))
#44 /Users/mejievski/Desktop/Projects/Formely/backend/vendor/laravel/framework/src/Illuminate/Container/BoundMethod.php(35): Illuminate\\Container\\BoundMethod::callBoundMethod(Object(Illuminate\\Foundation\\Application), Array, Object(Closure))
#45 /Users/mejievski/Desktop/Projects/Formely/backend/vendor/laravel/framework/src/Illuminate/Container/Container.php(836): Illuminate\\Container\\BoundMethod::call(Object(Illuminate\\Foundation\\Application), Array, Array, NULL)
#46 /Users/mejievski/Desktop/Projects/Formely/backend/vendor/laravel/framework/src/Illuminate/Console/Command.php(211): Illuminate\\Container\\Container->call(Array)
#47 /Users/mejievski/Desktop/Projects/Formely/backend/vendor/symfony/console/Command/Command.php(318): Illuminate\\Console\\Command->execute(Object(Symfony\\Component\\Console\\Input\\ArgvInput), Object(Illuminate\\Console\\OutputStyle))
#48 /Users/mejievski/Desktop/Projects/Formely/backend/vendor/laravel/framework/src/Illuminate/Console/Command.php(180): Symfony\\Component\\Console\\Command\\Command->run(Object(Symfony\\Component\\Console\\Input\\ArgvInput), Object(Illuminate\\Console\\OutputStyle))
#49 /Users/mejievski/Desktop/Projects/Formely/backend/vendor/symfony/console/Application.php(1055): Illuminate\\Console\\Command->run(Object(Symfony\\Component\\Console\\Input\\ArgvInput), Object(Symfony\\Component\\Console\\Output\\ConsoleOutput))
#50 /Users/mejievski/Desktop/Projects/Formely/backend/vendor/symfony/console/Application.php(356): Symfony\\Component\\Console\\Application->doRunCommand(Object(Illuminate\\Concurrency\\Console\\InvokeSerializedClosureCommand), Object(Symfony\\Component\\Console\\Input\\ArgvInput), Object(Symfony\\Component\\Console\\Output\\ConsoleOutput))
#51 /Users/mejievski/Desktop/Projects/Formely/backend/vendor/symfony/console/Application.php(195): Symfony\\Component\\Console\\Application->doRun(Object(Symfony\\Component\\Console\\Input\\ArgvInput), Object(Symfony\\Component\\Console\\Output\\ConsoleOutput))
#52 /Users/mejievski/Desktop/Projects/Formely/backend/vendor/laravel/framework/src/Illuminate/Foundation/Console/Kernel.php(197): Symfony\\Component\\Console\\Application->run(Object(Symfony\\Component\\Console\\Input\\ArgvInput), Object(Symfony\\Component\\Console\\Output\\ConsoleOutput))
#53 /Users/mejievski/Desktop/Projects/Formely/backend/vendor/laravel/framework/src/Illuminate/Foundation/Application.php(1235): Illuminate\\Foundation\\Console\\Kernel->handle(Object(Symfony\\Component\\Console\\Input\\ArgvInput), Object(Symfony\\Component\\Console\\Output\\ConsoleOutput))
#54 /Users/mejievski/Desktop/Projects/Formely/backend/artisan(16): Illuminate\\Foundation\\Application->handleCommand(Object(Symfony\\Component\\Console\\Input\\ArgvInput))
#55 {main}
"} 
[2026-05-27 13:05:30] testing.ERROR: SQLSTATE[HY000]: General error: 1 no such table: courses (Connection: sqlite, SQL: select * from "courses" where "courses"."id" = 1 limit 1) {"exception":"[object] (Illuminate\\Database\\QueryException(code: HY000): SQLSTATE[HY000]: General error: 1 no such table: courses (Connection: sqlite, SQL: select * from \"courses\" where \"courses\".\"id\" = 1 limit 1) at /Users/mejievski/Desktop/Projects/Formely/backend/vendor/laravel/framework/src/Illuminate/Database/Connection.php:824)
[stacktrace]
#0 /Users/mejievski/Desktop/Projects/Formely/backend/vendor/laravel/framework/src/Illuminate/Database/Connection.php(778): Illuminate\\Database\\Connection->runQueryCallback('select * from \"...', Array, Object(Closure))
#1 /Users/mejievski/Desktop/Projects/Formely/backend/vendor/laravel/framework/src/Illuminate/Database/Connection.php(397): Illuminate\\Database\\Connection->run('select * from \"...', Array, Object(Closure))
#2 /Users/mejievski/Desktop/Projects/Formely/backend/vendor/laravel/framework/src/Illuminate/Database/Query/Builder.php(3188): Illuminate\\Database\\Connection->select('select * from \"...', Array, true)
#3 /Users/mejievski/Desktop/Projects/Formely/backend/vendor/laravel/framework/src/Illuminate/Database/Query/Builder.php(3173): Illuminate\\Database\\Query\\Builder->runSelect()
#4 /Users/mejievski/Desktop/Projects/Formely/backend/vendor/laravel/framework/src/Illuminate/Database/Query/Builder.php(3763): Illuminate\\Database\\Query\\Builder->{closure:Illuminate\\Database\\Query\\Builder::get():3172}()
#5 /Users/mejievski/Desktop/Projects/Formely/backend/vendor/laravel/framework/src/Illuminate/Database/Query/Builder.php(3172): Illuminate\\Database\\Query\\Builder->onceWithColumns(Array, Object(Closure))
#6 /Users/mejievski/Desktop/Projects/Formely/backend/vendor/laravel/framework/src/Illuminate/Database/Eloquent/Builder.php(902): Illuminate\\Database\\Query\\Builder->get(Array)
#7 /Users/mejievski/Desktop/Projects/Formely/backend/vendor/laravel/framework/src/Illuminate/Database/Eloquent/Builder.php(884): Illuminate\\Database\\Eloquent\\Builder->getModels(Array)
#8 /Users/mejievski/Desktop/Projects/Formely/backend/vendor/laravel/framework/src/Illuminate/Database/Concerns/BuildsQueries.php(366): Illuminate\\Database\\Eloquent\\Builder->get(Array)
#9 /Users/mejievski/Desktop/Projects/Formely/backend/vendor/laravel/framework/src/Illuminate/Database/Eloquent/Builder.php(568): Illuminate\\Database\\Eloquent\\Builder->first(Array)
#10 /Users/mejievski/Desktop/Projects/Formely/backend/app/Jobs/SyncAiKnowledgeJob.php(49): Illuminate\\Database\\Eloquent\\Builder->find(1)
#11 /Users/mejievski/Desktop/Projects/Formely/backend/vendor/laravel/framework/src/Illuminate/Container/BoundMethod.php(36): App\\Jobs\\SyncAiKnowledgeJob->handle(Object(App\\Services\\AIKnowledgeService))
#12 /Users/mejievski/Desktop/Projects/Formely/backend/vendor/laravel/framework/src/Illuminate/Container/Util.php(43): Illuminate\\Container\\BoundMethod::{closure:Illuminate\\Container\\BoundMethod::call():35}()
#13 /Users/mejievski/Desktop/Projects/Formely/backend/vendor/laravel/framework/src/Illuminate/Container/BoundMethod.php(96): Illuminate\\Container\\Util::unwrapIfClosure(Object(Closure))
#14 /Users/mejievski/Desktop/Projects/Formely/backend/vendor/laravel/framework/src/Illuminate/Container/BoundMethod.php(35): Illuminate\\Container\\BoundMethod::callBoundMethod(Object(Illuminate\\Foundation\\Application), Array, Object(Closure))
#15 /Users/mejievski/Desktop/Projects/Formely/backend/vendor/laravel/framework/src/Illuminate/Container/Container.php(836): Illuminate\\Container\\BoundMethod::call(Object(Illuminate\\Foundation\\Application), Array, Array, NULL)
#16 /Users/mejievski/Desktop/Projects/Formely/backend/vendor/laravel/framework/src/Illuminate/Bus/Dispatcher.php(129): Illuminate\\Container\\Container->call(Array)
#17 /Users/mejievski/Desktop/Projects/Formely/backend/vendor/laravel/framework/src/Illuminate/Pipeline/Pipeline.php(180): Illuminate\\Bus\\Dispatcher->{closure:Illuminate\\Bus\\Dispatcher::dispatchNow():126}(Object(App\\Jobs\\SyncAiKnowledgeJob))
#18 /Users/mejievski/Desktop/Projects/Formely/backend/vendor/laravel/framework/src/Illuminate/Pipeline/Pipeline.php(137): Illuminate\\Pipeline\\Pipeline->{closure:Illuminate\\Pipeline\\Pipeline::prepareDestination():178}(Object(App\\Jobs\\SyncAiKnowledgeJob))
#19 /Users/mejievski/Desktop/Projects/Formely/backend/vendor/laravel/framework/src/Illuminate/Bus/Dispatcher.php(133): Illuminate\\Pipeline\\Pipeline->then(Object(Closure))
#20 /Users/mejievski/Desktop/Projects/Formely/backend/vendor/laravel/framework/src/Illuminate/Queue/CallQueuedHandler.php(134): Illuminate\\Bus\\Dispatcher->dispatchNow(Object(App\\Jobs\\SyncAiKnowledgeJob), false)
#21 /Users/mejievski/Desktop/Projects/Formely/backend/vendor/laravel/framework/src/Illuminate/Pipeline/Pipeline.php(180): Illuminate\\Queue\\CallQueuedHandler->{closure:Illuminate\\Queue\\CallQueuedHandler::dispatchThroughMiddleware():127}(Object(App\\Jobs\\SyncAiKnowledgeJob))
#22 /Users/mejievski/Desktop/Projects/Formely/backend/vendor/laravel/framework/src/Illuminate/Pipeline/Pipeline.php(137): Illuminate\\Pipeline\\Pipeline->{closure:Illuminate\\Pipeline\\Pipeline::prepareDestination():178}(Object(App\\Jobs\\SyncAiKnowledgeJob))
#23 /Users/mejievski/Desktop/Projects/Formely/backend/vendor/laravel/framework/src/Illuminate/Queue/CallQueuedHandler.php(127): Illuminate\\Pipeline\\Pipeline->then(Object(Closure))
#24 /Users/mejievski/Desktop/Projects/Formely/backend/vendor/laravel/framework/src/Illuminate/Queue/CallQueuedHandler.php(68): Illuminate\\Queue\\CallQueuedHandler->dispatchThroughMiddleware(Object(Illuminate\\Queue\\Jobs\\SyncJob), Object(App\\Jobs\\SyncAiKnowledgeJob))
#25 /Users/mejievski/Desktop/Projects/Formely/backend/vendor/laravel/framework/src/Illuminate/Queue/Jobs/Job.php(102): Illuminate\\Queue\\CallQueuedHandler->call(Object(Illuminate\\Queue\\Jobs\\SyncJob), Array)
#26 /Users/mejievski/Desktop/Projects/Formely/backend/vendor/laravel/framework/src/Illuminate/Queue/SyncQueue.php(130): Illuminate\\Queue\\Jobs\\Job->fire()
#27 /Users/mejievski/Desktop/Projects/Formely/backend/vendor/laravel/framework/src/Illuminate/Queue/SyncQueue.php(110): Illuminate\\Queue\\SyncQueue->executeJob(Object(App\\Jobs\\SyncAiKnowledgeJob), '', NULL)
#28 laravel-serializable-closure://fn () => \\Illuminate\\Support\\Facades\\Queue::connection('sync')->push($job, $data, $queue)
        (2): Illuminate\\Queue\\SyncQueue->push(Object(App\\Jobs\\SyncAiKnowledgeJob), '', NULL)
#29 [internal function]: Illuminate\\Queue\\BackgroundQueue::{closure:laravel-serializable-closure://fn () => \\Illuminate\\Support\\Facades\\Queue::connection('sync')->push($job, $data, $queue)
        :2}()
#30 /Users/mejievski/Desktop/Projects/Formely/backend/vendor/laravel/serializable-closure/src/Serializers/Signed.php(43): call_user_func_array(Object(Closure), Array)
#31 [internal function]: Laravel\\SerializableClosure\\Serializers\\Signed->__invoke()
#32 /Users/mejievski/Desktop/Projects/Formely/backend/vendor/laravel/serializable-closure/src/SerializableClosure.php(39): call_user_func_array(Object(Laravel\\SerializableClosure\\Serializers\\Signed), Array)
#33 /Users/mejievski/Desktop/Projects/Formely/backend/vendor/laravel/framework/src/Illuminate/Container/BoundMethod.php(36): Laravel\\SerializableClosure\\SerializableClosure->__invoke()
#34 /Users/mejievski/Desktop/Projects/Formely/backend/vendor/laravel/framework/src/Illuminate/Container/Util.php(43): Illuminate\\Container\\BoundMethod::{closure:Illuminate\\Container\\BoundMethod::call():35}()
#35 /Users/mejievski/Desktop/Projects/Formely/backend/vendor/laravel/framework/src/Illuminate/Container/BoundMethod.php(84): Illuminate\\Container\\Util::unwrapIfClosure(Object(Closure))
#36 /Users/mejievski/Desktop/Projects/Formely/backend/vendor/laravel/framework/src/Illuminate/Container/BoundMethod.php(35): Illuminate\\Container\\BoundMethod::callBoundMethod(Object(Illuminate\\Foundation\\Application), Object(Laravel\\SerializableClosure\\SerializableClosure), Object(Closure))
#37 /Users/mejievski/Desktop/Projects/Formely/backend/vendor/laravel/framework/src/Illuminate/Container/Container.php(836): Illuminate\\Container\\BoundMethod::call(Object(Illuminate\\Foundation\\Application), Object(Laravel\\SerializableClosure\\SerializableClosure), Array, NULL)
#38 /Users/mejievski/Desktop/Projects/Formely/backend/vendor/laravel/framework/src/Illuminate/Concurrency/Console/InvokeSerializedClosureCommand.php(46): Illuminate\\Container\\Container->call(Object(Laravel\\SerializableClosure\\SerializableClosure))
#39 /Users/mejievski/Desktop/Projects/Formely/backend/vendor/laravel/framework/src/Illuminate/Container/BoundMethod.php(36): Illuminate\\Concurrency\\Console\\InvokeSerializedClosureCommand->handle()
#40 /Users/mejievski/Desktop/Projects/Formely/backend/vendor/laravel/framework/src/Illuminate/Container/Util.php(43): Illuminate\\Container\\BoundMethod::{closure:Illuminate\\Container\\BoundMethod::call():35}()
#41 /Users/mejievski/Desktop/Projects/Formely/backend/vendor/laravel/framework/src/Illuminate/Container/BoundMethod.php(96): Illuminate\\Container\\Util::unwrapIfClosure(Object(Closure))
#42 /Users/mejievski/Desktop/Projects/Formely/backend/vendor/laravel/framework/src/Illuminate/Container/BoundMethod.php(35): Illuminate\\Container\\BoundMethod::callBoundMethod(Object(Illuminate\\Foundation\\Application), Array, Object(Closure))
#43 /Users/mejievski/Desktop/Projects/Formely/backend/vendor/laravel/framework/src/Illuminate/Container/Container.php(836): Illuminate\\Container\\BoundMethod::call(Object(Illuminate\\Foundation\\Application), Array, Array, NULL)
#44 /Users/mejievski/Desktop/Projects/Formely/backend/vendor/laravel/framework/src/Illuminate/Console/Command.php(211): Illuminate\\Container\\Container->call(Array)
#45 /Users/mejievski/Desktop/Projects/Formely/backend/vendor/symfony/console/Command/Command.php(318): Illuminate\\Console\\Command->execute(Object(Symfony\\Component\\Console\\Input\\ArgvInput), Object(Illuminate\\Console\\OutputStyle))
#46 /Users/mejievski/Desktop/Projects/Formely/backend/vendor/laravel/framework/src/Illuminate/Console/Command.php(180): Symfony\\Component\\Console\\Command\\Command->run(Object(Symfony\\Component\\Console\\Input\\ArgvInput), Object(Illuminate\\Console\\OutputStyle))
#47 /Users/mejievski/Desktop/Projects/Formely/backend/vendor/symfony/console/Application.php(1055): Illuminate\\Console\\Command->run(Object(Symfony\\Component\\Console\\Input\\ArgvInput), Object(Symfony\\Component\\Console\\Output\\ConsoleOutput))
#48 /Users/mejievski/Desktop/Projects/Formely/backend/vendor/symfony/console/Application.php(356): Symfony\\Component\\Console\\Application->doRunCommand(Object(Illuminate\\Concurrency\\Console\\InvokeSerializedClosureCommand), Object(Symfony\\Component\\Console\\Input\\ArgvInput), Object(Symfony\\Component\\Console\\Output\\ConsoleOutput))
#49 /Users/mejievski/Desktop/Projects/Formely/backend/vendor/symfony/console/Application.php(195): Symfony\\Component\\Console\\Application->doRun(Object(Symfony\\Component\\Console\\Input\\ArgvInput), Object(Symfony\\Component\\Console\\Output\\ConsoleOutput))
#50 /Users/mejievski/Desktop/Projects/Formely/backend/vendor/laravel/framework/src/Illuminate/Foundation/Console/Kernel.php(197): Symfony\\Component\\Console\\Application->run(Object(Symfony\\Component\\Console\\Input\\ArgvInput), Object(Symfony\\Component\\Console\\Output\\ConsoleOutput))
#51 /Users/mejievski/Desktop/Projects/Formely/backend/vendor/laravel/framework/src/Illuminate/Foundation/Application.php(1235): Illuminate\\Foundation\\Console\\Kernel->handle(Object(Symfony\\Component\\Console\\Input\\ArgvInput), Object(Symfony\\Component\\Console\\Output\\ConsoleOutput))
#52 /Users/mejievski/Desktop/Projects/Formely/backend/artisan(16): Illuminate\\Foundation\\Application->handleCommand(Object(Symfony\\Component\\Console\\Input\\ArgvInput))
#53 {main}

[previous exception] [object] (PDOException(code: HY000): SQLSTATE[HY000]: General error: 1 no such table: courses at /Users/mejievski/Desktop/Projects/Formely/backend/vendor/laravel/framework/src/Illuminate/Database/Connection.php:406)
[stacktrace]
#0 /Users/mejievski/Desktop/Projects/Formely/backend/vendor/laravel/framework/src/Illuminate/Database/Connection.php(406): PDO->prepare('select * from \"...')
#1 /Users/mejievski/Desktop/Projects/Formely/backend/vendor/laravel/framework/src/Illuminate/Database/Connection.php(811): Illuminate\\Database\\Connection->{closure:Illuminate\\Database\\Connection::select():397}('select * from \"...', Array)
#2 /Users/mejievski/Desktop/Projects/Formely/backend/vendor/laravel/framework/src/Illuminate/Database/Connection.php(778): Illuminate\\Database\\Connection->runQueryCallback('select * from \"...', Array, Object(Closure))
#3 /Users/mejievski/Desktop/Projects/Formely/backend/vendor/laravel/framework/src/Illuminate/Database/Connection.php(397): Illuminate\\Database\\Connection->run('select * from \"...', Array, Object(Closure))
#4 /Users/mejievski/Desktop/Projects/Formely/backend/vendor/laravel/framework/src/Illuminate/Database/Query/Builder.php(3188): Illuminate\\Database\\Connection->select('select * from \"...', Array, true)
#5 /Users/mejievski/Desktop/Projects/Formely/backend/vendor/laravel/framework/src/Illuminate/Database/Query/Builder.php(3173): Illuminate\\Database\\Query\\Builder->runSelect()
#6 /Users/mejievski/Desktop/Projects/Formely/backend/vendor/laravel/framework/src/Illuminate/Database/Query/Builder.php(3763): Illuminate\\Database\\Query\\Builder->{closure:Illuminate\\Database\\Query\\Builder::get():3172}()
#7 /Users/mejievski/Desktop/Projects/Formely/backend/vendor/laravel/framework/src/Illuminate/Database/Query/Builder.php(3172): Illuminate\\Database\\Query\\Builder->onceWithColumns(Array, Object(Closure))
#8 /Users/mejievski/Desktop/Projects/Formely/backend/vendor/laravel/framework/src/Illuminate/Database/Eloquent/Builder.php(902): Illuminate\\Database\\Query\\Builder->get(Array)
#9 /Users/mejievski/Desktop/Projects/Formely/backend/vendor/laravel/framework/src/Illuminate/Database/Eloquent/Builder.php(884): Illuminate\\Database\\Eloquent\\Builder->getModels(Array)
#10 /Users/mejievski/Desktop/Projects/Formely/backend/vendor/laravel/framework/src/Illuminate/Database/Concerns/BuildsQueries.php(366): Illuminate\\Database\\Eloquent\\Builder->get(Array)
#11 /Users/mejievski/Desktop/Projects/Formely/backend/vendor/laravel/framework/src/Illuminate/Database/Eloquent/Builder.php(568): Illuminate\\Database\\Eloquent\\Builder->first(Array)
#12 /Users/mejievski/Desktop/Projects/Formely/backend/app/Jobs/SyncAiKnowledgeJob.php(49): Illuminate\\Database\\Eloquent\\Builder->find(1)
#13 /Users/mejievski/Desktop/Projects/Formely/backend/vendor/laravel/framework/src/Illuminate/Container/BoundMethod.php(36): App\\Jobs\\SyncAiKnowledgeJob->handle(Object(App\\Services\\AIKnowledgeService))
#14 /Users/mejievski/Desktop/Projects/Formely/backend/vendor/laravel/framework/src/Illuminate/Container/Util.php(43): Illuminate\\Container\\BoundMethod::{closure:Illuminate\\Container\\BoundMethod::call():35}()
#15 /Users/mejievski/Desktop/Projects/Formely/backend/vendor/laravel/framework/src/Illuminate/Container/BoundMethod.php(96): Illuminate\\Container\\Util::unwrapIfClosure(Object(Closure))
#16 /Users/mejievski/Desktop/Projects/Formely/backend/vendor/laravel/framework/src/Illuminate/Container/BoundMethod.php(35): Illuminate\\Container\\BoundMethod::callBoundMethod(Object(Illuminate\\Foundation\\Application), Array, Object(Closure))
#17 /Users/mejievski/Desktop/Projects/Formely/backend/vendor/laravel/framework/src/Illuminate/Container/Container.php(836): Illuminate\\Container\\BoundMethod::call(Object(Illuminate\\Foundation\\Application), Array, Array, NULL)
#18 /Users/mejievski/Desktop/Projects/Formely/backend/vendor/laravel/framework/src/Illuminate/Bus/Dispatcher.php(129): Illuminate\\Container\\Container->call(Array)
#19 /Users/mejievski/Desktop/Projects/Formely/backend/vendor/laravel/framework/src/Illuminate/Pipeline/Pipeline.php(180): Illuminate\\Bus\\Dispatcher->{closure:Illuminate\\Bus\\Dispatcher::dispatchNow():126}(Object(App\\Jobs\\SyncAiKnowledgeJob))
#20 /Users/mejievski/Desktop/Projects/Formely/backend/vendor/laravel/framework/src/Illuminate/Pipeline/Pipeline.php(137): Illuminate\\Pipeline\\Pipeline->{closure:Illuminate\\Pipeline\\Pipeline::prepareDestination():178}(Object(App\\Jobs\\SyncAiKnowledgeJob))
#21 /Users/mejievski/Desktop/Projects/Formely/backend/vendor/laravel/framework/src/Illuminate/Bus/Dispatcher.php(133): Illuminate\\Pipeline\\Pipeline->then(Object(Closure))
#22 /Users/mejievski/Desktop/Projects/Formely/backend/vendor/laravel/framework/src/Illuminate/Queue/CallQueuedHandler.php(134): Illuminate\\Bus\\Dispatcher->dispatchNow(Object(App\\Jobs\\SyncAiKnowledgeJob), false)
#23 /Users/mejievski/Desktop/Projects/Formely/backend/vendor/laravel/framework/src/Illuminate/Pipeline/Pipeline.php(180): Illuminate\\Queue\\CallQueuedHandler->{closure:Illuminate\\Queue\\CallQueuedHandler::dispatchThroughMiddleware():127}(Object(App\\Jobs\\SyncAiKnowledgeJob))
#24 /Users/mejievski/Desktop/Projects/Formely/backend/vendor/laravel/framework/src/Illuminate/Pipeline/Pipeline.php(137): Illuminate\\Pipeline\\Pipeline->{closure:Illuminate\\Pipeline\\Pipeline::prepareDestination():178}(Object(App\\Jobs\\SyncAiKnowledgeJob))
#25 /Users/mejievski/Desktop/Projects/Formely/backend/vendor/laravel/framework/src/Illuminate/Queue/CallQueuedHandler.php(127): Illuminate\\Pipeline\\Pipeline->then(Object(Closure))
#26 /Users/mejievski/Desktop/Projects/Formely/backend/vendor/laravel/framework/src/Illuminate/Queue/CallQueuedHandler.php(68): Illuminate\\Queue\\CallQueuedHandler->dispatchThroughMiddleware(Object(Illuminate\\Queue\\Jobs\\SyncJob), Object(App\\Jobs\\SyncAiKnowledgeJob))
#27 /Users/mejievski/Desktop/Projects/Formely/backend/vendor/laravel/framework/src/Illuminate/Queue/Jobs/Job.php(102): Illuminate\\Queue\\CallQueuedHandler->call(Object(Illuminate\\Queue\\Jobs\\SyncJob), Array)
#28 /Users/mejievski/Desktop/Projects/Formely/backend/vendor/laravel/framework/src/Illuminate/Queue/SyncQueue.php(130): Illuminate\\Queue\\Jobs\\Job->fire()
#29 /Users/mejievski/Desktop/Projects/Formely/backend/vendor/laravel/framework/src/Illuminate/Queue/SyncQueue.php(110): Illuminate\\Queue\\SyncQueue->executeJob(Object(App\\Jobs\\SyncAiKnowledgeJob), '', NULL)
#30 laravel-serializable-closure://fn () => \\Illuminate\\Support\\Facades\\Queue::connection('sync')->push($job, $data, $queue)
        (2): Illuminate\\Queue\\SyncQueue->push(Object(App\\Jobs\\SyncAiKnowledgeJob), '', NULL)
#31 [internal function]: Illuminate\\Queue\\BackgroundQueue::{closure:laravel-serializable-closure://fn () => \\Illuminate\\Support\\Facades\\Queue::connection('sync')->push($job, $data, $queue)
        :2}()
#32 /Users/mejievski/Desktop/Projects/Formely/backend/vendor/laravel/serializable-closure/src/Serializers/Signed.php(43): call_user_func_array(Object(Closure), Array)
#33 [internal function]: Laravel\\SerializableClosure\\Serializers\\Signed->__invoke()
#34 /Users/mejievski/Desktop/Projects/Formely/backend/vendor/laravel/serializable-closure/src/SerializableClosure.php(39): call_user_func_array(Object(Laravel\\SerializableClosure\\Serializers\\Signed), Array)
#35 /Users/mejievski/Desktop/Projects/Formely/backend/vendor/laravel/framework/src/Illuminate/Container/BoundMethod.php(36): Laravel\\SerializableClosure\\SerializableClosure->__invoke()
#36 /Users/mejievski/Desktop/Projects/Formely/backend/vendor/laravel/framework/src/Illuminate/Container/Util.php(43): Illuminate\\Container\\BoundMethod::{closure:Illuminate\\Container\\BoundMethod::call():35}()
#37 /Users/mejievski/Desktop/Projects/Formely/backend/vendor/laravel/framework/src/Illuminate/Container/BoundMethod.php(84): Illuminate\\Container\\Util::unwrapIfClosure(Object(Closure))
#38 /Users/mejievski/Desktop/Projects/Formely/backend/vendor/laravel/framework/src/Illuminate/Container/BoundMethod.php(35): Illuminate\\Container\\BoundMethod::callBoundMethod(Object(Illuminate\\Foundation\\Application), Object(Laravel\\SerializableClosure\\SerializableClosure), Object(Closure))
#39 /Users/mejievski/Desktop/Projects/Formely/backend/vendor/laravel/framework/src/Illuminate/Container/Container.php(836): Illuminate\\Container\\BoundMethod::call(Object(Illuminate\\Foundation\\Application), Object(Laravel\\SerializableClosure\\SerializableClosure), Array, NULL)
#40 /Users/mejievski/Desktop/Projects/Formely/backend/vendor/laravel/framework/src/Illuminate/Concurrency/Console/InvokeSerializedClosureCommand.php(46): Illuminate\\Container\\Container->call(Object(Laravel\\SerializableClosure\\SerializableClosure))
#41 /Users/mejievski/Desktop/Projects/Formely/backend/vendor/laravel/framework/src/Illuminate/Container/BoundMethod.php(36): Illuminate\\Concurrency\\Console\\InvokeSerializedClosureCommand->handle()
#42 /Users/mejievski/Desktop/Projects/Formely/backend/vendor/laravel/framework/src/Illuminate/Container/Util.php(43): Illuminate\\Container\\BoundMethod::{closure:Illuminate\\Container\\BoundMethod::call():35}()
#43 /Users/mejievski/Desktop/Projects/Formely/backend/vendor/laravel/framework/src/Illuminate/Container/BoundMethod.php(96): Illuminate\\Container\\Util::unwrapIfClosure(Object(Closure))
#44 /Users/mejievski/Desktop/Projects/Formely/backend/vendor/laravel/framework/src/Illuminate/Container/BoundMethod.php(35): Illuminate\\Container\\BoundMethod::callBoundMethod(Object(Illuminate\\Foundation\\Application), Array, Object(Closure))
#45 /Users/mejievski/Desktop/Projects/Formely/backend/vendor/laravel/framework/src/Illuminate/Container/Container.php(836): Illuminate\\Container\\BoundMethod::call(Object(Illuminate\\Foundation\\Application), Array, Array, NULL)
#46 /Users/mejievski/Desktop/Projects/Formely/backend/vendor/laravel/framework/src/Illuminate/Console/Command.php(211): Illuminate\\Container\\Container->call(Array)
#47 /Users/mejievski/Desktop/Projects/Formely/backend/vendor/symfony/console/Command/Command.php(318): Illuminate\\Console\\Command->execute(Object(Symfony\\Component\\Console\\Input\\ArgvInput), Object(Illuminate\\Console\\OutputStyle))
#48 /Users/mejievski/Desktop/Projects/Formely/backend/vendor/laravel/framework/src/Illuminate/Console/Command.php(180): Symfony\\Component\\Console\\Command\\Command->run(Object(Symfony\\Component\\Console\\Input\\ArgvInput), Object(Illuminate\\Console\\OutputStyle))
#49 /Users/mejievski/Desktop/Projects/Formely/backend/vendor/symfony/console/Application.php(1055): Illuminate\\Console\\Command->run(Object(Symfony\\Component\\Console\\Input\\ArgvInput), Object(Symfony\\Component\\Console\\Output\\ConsoleOutput))
#50 /Users/mejievski/Desktop/Projects/Formely/backend/vendor/symfony/console/Application.php(356): Symfony\\Component\\Console\\Application->doRunCommand(Object(Illuminate\\Concurrency\\Console\\InvokeSerializedClosureCommand), Object(Symfony\\Component\\Console\\Input\\ArgvInput), Object(Symfony\\Component\\Console\\Output\\ConsoleOutput))
#51 /Users/mejievski/Desktop/Projects/Formely/backend/vendor/symfony/console/Application.php(195): Symfony\\Component\\Console\\Application->doRun(Object(Symfony\\Component\\Console\\Input\\ArgvInput), Object(Symfony\\Component\\Console\\Output\\ConsoleOutput))
#52 /Users/mejievski/Desktop/Projects/Formely/backend/vendor/laravel/framework/src/Illuminate/Foundation/Console/Kernel.php(197): Symfony\\Component\\Console\\Application->run(Object(Symfony\\Component\\Console\\Input\\ArgvInput), Object(Symfony\\Component\\Console\\Output\\ConsoleOutput))
#53 /Users/mejievski/Desktop/Projects/Formely/backend/vendor/laravel/framework/src/Illuminate/Foundation/Application.php(1235): Illuminate\\Foundation\\Console\\Kernel->handle(Object(Symfony\\Component\\Console\\Input\\ArgvInput), Object(Symfony\\Component\\Console\\Output\\ConsoleOutput))
#54 /Users/mejievski/Desktop/Projects/Formely/backend/artisan(16): Illuminate\\Foundation\\Application->handleCommand(Object(Symfony\\Component\\Console\\Input\\ArgvInput))
#55 {main}
"} 
[2026-05-27 13:08:56] local.ERROR: ExamController::show failed {"exam_id":"1","course_id":"2","user_id":3,"error":"SQLSTATE[42703]: Undefined column: 7 ERROR:  column \"attempt_number\" does not exist
LINE 1: ... where \"exam_id\" = $1 and \"user_id\" = $2 order by \"attempt_n...
                                                             ^ (Connection: pgsql, SQL: select * from \"exam_results\" where \"exam_id\" = 1 and \"user_id\" = 3 order by \"attempt_number\" desc)"} 
[2026-05-27 13:10:08] local.INFO: Dashboard Users Count {"all_users":12,"admin_users":1,"student_users":10,"instructor_users":1,"total_users":10} 
[2026-05-27 13:10:09] local.INFO: Dashboard Users Count {"all_users":12,"admin_users":1,"student_users":10,"instructor_users":1,"total_users":10} 
[2026-05-27 13:10:20] local.INFO: Dashboard Users Count {"all_users":12,"admin_users":1,"student_users":10,"instructor_users":1,"total_users":10} 
[2026-05-27 13:10:20] local.INFO: Dashboard Users Count {"all_users":12,"admin_users":1,"student_users":10,"instructor_users":1,"total_users":10} 
[2026-05-27 13:14:36] testing.ERROR: SQLSTATE[HY000]: General error: 1 no such table: courses (Connection: sqlite, SQL: select * from "courses" where "courses"."id" = 2 limit 1) {"exception":"[object] (Illuminate\\Database\\QueryException(code: HY000): SQLSTATE[HY000]: General error: 1 no such table: courses (Connection: sqlite, SQL: select * from \"courses\" where \"courses\".\"id\" = 2 limit 1) at /Users/mejievski/Desktop/Projects/Formely/backend/vendor/laravel/framework/src/Illuminate/Database/Connection.php:824)
[stacktrace]
#0 /Users/mejievski/Desktop/Projects/Formely/backend/vendor/laravel/framework/src/Illuminate/Database/Connection.php(778): Illuminate\\Database\\Connection->runQueryCallback('select * from \"...', Array, Object(Closure))
#1 /Users/mejievski/Desktop/Projects/Formely/backend/vendor/laravel/framework/src/Illuminate/Database/Connection.php(397): Illuminate\\Database\\Connection->run('select * from \"...', Array, Object(Closure))
#2 /Users/mejievski/Desktop/Projects/Formely/backend/vendor/laravel/framework/src/Illuminate/Database/Query/Builder.php(3188): Illuminate\\Database\\Connection->select('select * from \"...', Array, true)
#3 /Users/mejievski/Desktop/Projects/Formely/backend/vendor/laravel/framework/src/Illuminate/Database/Query/Builder.php(3173): Illuminate\\Database\\Query\\Builder->runSelect()
#4 /Users/mejievski/Desktop/Projects/Formely/backend/vendor/laravel/framework/src/Illuminate/Database/Query/Builder.php(3763): Illuminate\\Database\\Query\\Builder->{closure:Illuminate\\Database\\Query\\Builder::get():3172}()
#5 /Users/mejievski/Desktop/Projects/Formely/backend/vendor/laravel/framework/src/Illuminate/Database/Query/Builder.php(3172): Illuminate\\Database\\Query\\Builder->onceWithColumns(Array, Object(Closure))
#6 /Users/mejievski/Desktop/Projects/Formely/backend/vendor/laravel/framework/src/Illuminate/Database/Eloquent/Builder.php(902): Illuminate\\Database\\Query\\Builder->get(Array)
#7 /Users/mejievski/Desktop/Projects/Formely/backend/vendor/laravel/framework/src/Illuminate/Database/Eloquent/Builder.php(884): Illuminate\\Database\\Eloquent\\Builder->getModels(Array)
#8 /Users/mejievski/Desktop/Projects/Formely/backend/vendor/laravel/framework/src/Illuminate/Database/Concerns/BuildsQueries.php(366): Illuminate\\Database\\Eloquent\\Builder->get(Array)
#9 /Users/mejievski/Desktop/Projects/Formely/backend/vendor/laravel/framework/src/Illuminate/Database/Eloquent/Builder.php(568): Illuminate\\Database\\Eloquent\\Builder->first(Array)
#10 /Users/mejievski/Desktop/Projects/Formely/backend/app/Jobs/SyncAiKnowledgeJob.php(49): Illuminate\\Database\\Eloquent\\Builder->find(2)
#11 /Users/mejievski/Desktop/Projects/Formely/backend/vendor/laravel/framework/src/Illuminate/Container/BoundMethod.php(36): App\\Jobs\\SyncAiKnowledgeJob->handle(Object(App\\Services\\AIKnowledgeService))
#12 /Users/mejievski/Desktop/Projects/Formely/backend/vendor/laravel/framework/src/Illuminate/Container/Util.php(43): Illuminate\\Container\\BoundMethod::{closure:Illuminate\\Container\\BoundMethod::call():35}()
#13 /Users/mejievski/Desktop/Projects/Formely/backend/vendor/laravel/framework/src/Illuminate/Container/BoundMethod.php(96): Illuminate\\Container\\Util::unwrapIfClosure(Object(Closure))
#14 /Users/mejievski/Desktop/Projects/Formely/backend/vendor/laravel/framework/src/Illuminate/Container/BoundMethod.php(35): Illuminate\\Container\\BoundMethod::callBoundMethod(Object(Illuminate\\Foundation\\Application), Array, Object(Closure))
#15 /Users/mejievski/Desktop/Projects/Formely/backend/vendor/laravel/framework/src/Illuminate/Container/Container.php(836): Illuminate\\Container\\BoundMethod::call(Object(Illuminate\\Foundation\\Application), Array, Array, NULL)
#16 /Users/mejievski/Desktop/Projects/Formely/backend/vendor/laravel/framework/src/Illuminate/Bus/Dispatcher.php(129): Illuminate\\Container\\Container->call(Array)
#17 /Users/mejievski/Desktop/Projects/Formely/backend/vendor/laravel/framework/src/Illuminate/Pipeline/Pipeline.php(180): Illuminate\\Bus\\Dispatcher->{closure:Illuminate\\Bus\\Dispatcher::dispatchNow():126}(Object(App\\Jobs\\SyncAiKnowledgeJob))
#18 /Users/mejievski/Desktop/Projects/Formely/backend/vendor/laravel/framework/src/Illuminate/Pipeline/Pipeline.php(137): Illuminate\\Pipeline\\Pipeline->{closure:Illuminate\\Pipeline\\Pipeline::prepareDestination():178}(Object(App\\Jobs\\SyncAiKnowledgeJob))
#19 /Users/mejievski/Desktop/Projects/Formely/backend/vendor/laravel/framework/src/Illuminate/Bus/Dispatcher.php(133): Illuminate\\Pipeline\\Pipeline->then(Object(Closure))
#20 /Users/mejievski/Desktop/Projects/Formely/backend/vendor/laravel/framework/src/Illuminate/Queue/CallQueuedHandler.php(134): Illuminate\\Bus\\Dispatcher->dispatchNow(Object(App\\Jobs\\SyncAiKnowledgeJob), false)
#21 /Users/mejievski/Desktop/Projects/Formely/backend/vendor/laravel/framework/src/Illuminate/Pipeline/Pipeline.php(180): Illuminate\\Queue\\CallQueuedHandler->{closure:Illuminate\\Queue\\CallQueuedHandler::dispatchThroughMiddleware():127}(Object(App\\Jobs\\SyncAiKnowledgeJob))
#22 /Users/mejievski/Desktop/Projects/Formely/backend/vendor/laravel/framework/src/Illuminate/Pipeline/Pipeline.php(137): Illuminate\\Pipeline\\Pipeline->{closure:Illuminate\\Pipeline\\Pipeline::prepareDestination():178}(Object(App\\Jobs\\SyncAiKnowledgeJob))
#23 /Users/mejievski/Desktop/Projects/Formely/backend/vendor/laravel/framework/src/Illuminate/Queue/CallQueuedHandler.php(127): Illuminate\\Pipeline\\Pipeline->then(Object(Closure))
#24 /Users/mejievski/Desktop/Projects/Formely/backend/vendor/laravel/framework/src/Illuminate/Queue/CallQueuedHandler.php(68): Illuminate\\Queue\\CallQueuedHandler->dispatchThroughMiddleware(Object(Illuminate\\Queue\\Jobs\\SyncJob), Object(App\\Jobs\\SyncAiKnowledgeJob))
#25 /Users/mejievski/Desktop/Projects/Formely/backend/vendor/laravel/framework/src/Illuminate/Queue/Jobs/Job.php(102): Illuminate\\Queue\\CallQueuedHandler->call(Object(Illuminate\\Queue\\Jobs\\SyncJob), Array)
#26 /Users/mejievski/Desktop/Projects/Formely/backend/vendor/laravel/framework/src/Illuminate/Queue/SyncQueue.php(130): Illuminate\\Queue\\Jobs\\Job->fire()
#27 /Users/mejievski/Desktop/Projects/Formely/backend/vendor/laravel/framework/src/Illuminate/Queue/SyncQueue.php(110): Illuminate\\Queue\\SyncQueue->executeJob(Object(App\\Jobs\\SyncAiKnowledgeJob), '', NULL)
#28 laravel-serializable-closure://fn () => \\Illuminate\\Support\\Facades\\Queue::connection('sync')->push($job, $data, $queue)
        (2): Illuminate\\Queue\\SyncQueue->push(Object(App\\Jobs\\SyncAiKnowledgeJob), '', NULL)
#29 [internal function]: Illuminate\\Queue\\BackgroundQueue::{closure:laravel-serializable-closure://fn () => \\Illuminate\\Support\\Facades\\Queue::connection('sync')->push($job, $data, $queue)
        :2}()
#30 /Users/mejievski/Desktop/Projects/Formely/backend/vendor/laravel/serializable-closure/src/Serializers/Signed.php(43): call_user_func_array(Object(Closure), Array)
#31 [internal function]: Laravel\\SerializableClosure\\Serializers\\Signed->__invoke()
#32 /Users/mejievski/Desktop/Projects/Formely/backend/vendor/laravel/serializable-closure/src/SerializableClosure.php(39): call_user_func_array(Object(Laravel\\SerializableClosure\\Serializers\\Signed), Array)
#33 /Users/mejievski/Desktop/Projects/Formely/backend/vendor/laravel/framework/src/Illuminate/Container/BoundMethod.php(36): Laravel\\SerializableClosure\\SerializableClosure->__invoke()
#34 /Users/mejievski/Desktop/Projects/Formely/backend/vendor/laravel/framework/src/Illuminate/Container/Util.php(43): Illuminate\\Container\\BoundMethod::{closure:Illuminate\\Container\\BoundMethod::call():35}()
#35 /Users/mejievski/Desktop/Projects/Formely/backend/vendor/laravel/framework/src/Illuminate/Container/BoundMethod.php(84): Illuminate\\Container\\Util::unwrapIfClosure(Object(Closure))
#36 /Users/mejievski/Desktop/Projects/Formely/backend/vendor/laravel/framework/src/Illuminate/Container/BoundMethod.php(35): Illuminate\\Container\\BoundMethod::callBoundMethod(Object(Illuminate\\Foundation\\Application), Object(Laravel\\SerializableClosure\\SerializableClosure), Object(Closure))
#37 /Users/mejievski/Desktop/Projects/Formely/backend/vendor/laravel/framework/src/Illuminate/Container/Container.php(836): Illuminate\\Container\\BoundMethod::call(Object(Illuminate\\Foundation\\Application), Object(Laravel\\SerializableClosure\\SerializableClosure), Array, NULL)
#38 /Users/mejievski/Desktop/Projects/Formely/backend/vendor/laravel/framework/src/Illuminate/Concurrency/Console/InvokeSerializedClosureCommand.php(46): Illuminate\\Container\\Container->call(Object(Laravel\\SerializableClosure\\SerializableClosure))
#39 /Users/mejievski/Desktop/Projects/Formely/backend/vendor/laravel/framework/src/Illuminate/Container/BoundMethod.php(36): Illuminate\\Concurrency\\Console\\InvokeSerializedClosureCommand->handle()
#40 /Users/mejievski/Desktop/Projects/Formely/backend/vendor/laravel/framework/src/Illuminate/Container/Util.php(43): Illuminate\\Container\\BoundMethod::{closure:Illuminate\\Container\\BoundMethod::call():35}()
#41 /Users/mejievski/Desktop/Projects/Formely/backend/vendor/laravel/framework/src/Illuminate/Container/BoundMethod.php(96): Illuminate\\Container\\Util::unwrapIfClosure(Object(Closure))
#42 /Users/mejievski/Desktop/Projects/Formely/backend/vendor/laravel/framework/src/Illuminate/Container/BoundMethod.php(35): Illuminate\\Container\\BoundMethod::callBoundMethod(Object(Illuminate\\Foundation\\Application), Array, Object(Closure))
#43 /Users/mejievski/Desktop/Projects/Formely/backend/vendor/laravel/framework/src/Illuminate/Container/Container.php(836): Illuminate\\Container\\BoundMethod::call(Object(Illuminate\\Foundation\\Application), Array, Array, NULL)
#44 /Users/mejievski/Desktop/Projects/Formely/backend/vendor/laravel/framework/src/Illuminate/Console/Command.php(211): Illuminate\\Container\\Container->call(Array)
#45 /Users/mejievski/Desktop/Projects/Formely/backend/vendor/symfony/console/Command/Command.php(318): Illuminate\\Console\\Command->execute(Object(Symfony\\Component\\Console\\Input\\ArgvInput), Object(Illuminate\\Console\\OutputStyle))
#46 /Users/mejievski/Desktop/Projects/Formely/backend/vendor/laravel/framework/src/Illuminate/Console/Command.php(180): Symfony\\Component\\Console\\Command\\Command->run(Object(Symfony\\Component\\Console\\Input\\ArgvInput), Object(Illuminate\\Console\\OutputStyle))
#47 /Users/mejievski/Desktop/Projects/Formely/backend/vendor/symfony/console/Application.php(1055): Illuminate\\Console\\Command->run(Object(Symfony\\Component\\Console\\Input\\ArgvInput), Object(Symfony\\Component\\Console\\Output\\ConsoleOutput))
#48 /Users/mejievski/Desktop/Projects/Formely/backend/vendor/symfony/console/Application.php(356): Symfony\\Component\\Console\\Application->doRunCommand(Object(Illuminate\\Concurrency\\Console\\InvokeSerializedClosureCommand), Object(Symfony\\Component\\Console\\Input\\ArgvInput), Object(Symfony\\Component\\Console\\Output\\ConsoleOutput))
#49 /Users/mejievski/Desktop/Projects/Formely/backend/vendor/symfony/console/Application.php(195): Symfony\\Component\\Console\\Application->doRun(Object(Symfony\\Component\\Console\\Input\\ArgvInput), Object(Symfony\\Component\\Console\\Output\\ConsoleOutput))
#50 /Users/mejievski/Desktop/Projects/Formely/backend/vendor/laravel/framework/src/Illuminate/Foundation/Console/Kernel.php(197): Symfony\\Component\\Console\\Application->run(Object(Symfony\\Component\\Console\\Input\\ArgvInput), Object(Symfony\\Component\\Console\\Output\\ConsoleOutput))
#51 /Users/mejievski/Desktop/Projects/Formely/backend/vendor/laravel/framework/src/Illuminate/Foundation/Application.php(1235): Illuminate\\Foundation\\Console\\Kernel->handle(Object(Symfony\\Component\\Console\\Input\\ArgvInput), Object(Symfony\\Component\\Console\\Output\\ConsoleOutput))
#52 /Users/mejievski/Desktop/Projects/Formely/backend/artisan(16): Illuminate\\Foundation\\Application->handleCommand(Object(Symfony\\Component\\Console\\Input\\ArgvInput))
#53 {main}

[previous exception] [object] (PDOException(code: HY000): SQLSTATE[HY000]: General error: 1 no such table: courses at /Users/mejievski/Desktop/Projects/Formely/backend/vendor/laravel/framework/src/Illuminate/Database/Connection.php:406)
[stacktrace]
#0 /Users/mejievski/Desktop/Projects/Formely/backend/vendor/laravel/framework/src/Illuminate/Database/Connection.php(406): PDO->prepare('select * from \"...')
#1 /Users/mejievski/Desktop/Projects/Formely/backend/vendor/laravel/framework/src/Illuminate/Database/Connection.php(811): Illuminate\\Database\\Connection->{closure:Illuminate\\Database\\Connection::select():397}('select * from \"...', Array)
#2 /Users/mejievski/Desktop/Projects/Formely/backend/vendor/laravel/framework/src/Illuminate/Database/Connection.php(778): Illuminate\\Database\\Connection->runQueryCallback('select * from \"...', Array, Object(Closure))
#3 /Users/mejievski/Desktop/Projects/Formely/backend/vendor/laravel/framework/src/Illuminate/Database/Connection.php(397): Illuminate\\Database\\Connection->run('select * from \"...', Array, Object(Closure))
#4 /Users/mejievski/Desktop/Projects/Formely/backend/vendor/laravel/framework/src/Illuminate/Database/Query/Builder.php(3188): Illuminate\\Database\\Connection->select('select * from \"...', Array, true)
#5 /Users/mejievski/Desktop/Projects/Formely/backend/vendor/laravel/framework/src/Illuminate/Database/Query/Builder.php(3173): Illuminate\\Database\\Query\\Builder->runSelect()
#6 /Users/mejievski/Desktop/Projects/Formely/backend/vendor/laravel/framework/src/Illuminate/Database/Query/Builder.php(3763): Illuminate\\Database\\Query\\Builder->{closure:Illuminate\\Database\\Query\\Builder::get():3172}()
#7 /Users/mejievski/Desktop/Projects/Formely/backend/vendor/laravel/framework/src/Illuminate/Database/Query/Builder.php(3172): Illuminate\\Database\\Query\\Builder->onceWithColumns(Array, Object(Closure))
#8 /Users/mejievski/Desktop/Projects/Formely/backend/vendor/laravel/framework/src/Illuminate/Database/Eloquent/Builder.php(902): Illuminate\\Database\\Query\\Builder->get(Array)
#9 /Users/mejievski/Desktop/Projects/Formely/backend/vendor/laravel/framework/src/Illuminate/Database/Eloquent/Builder.php(884): Illuminate\\Database\\Eloquent\\Builder->getModels(Array)
#10 /Users/mejievski/Desktop/Projects/Formely/backend/vendor/laravel/framework/src/Illuminate/Database/Concerns/BuildsQueries.php(366): Illuminate\\Database\\Eloquent\\Builder->get(Array)
#11 /Users/mejievski/Desktop/Projects/Formely/backend/vendor/laravel/framework/src/Illuminate/Database/Eloquent/Builder.php(568): Illuminate\\Database\\Eloquent\\Builder->first(Array)
#12 /Users/mejievski/Desktop/Projects/Formely/backend/app/Jobs/SyncAiKnowledgeJob.php(49): Illuminate\\Database\\Eloquent\\Builder->find(2)
#13 /Users/mejievski/Desktop/Projects/Formely/backend/vendor/laravel/framework/src/Illuminate/Container/BoundMethod.php(36): App\\Jobs\\SyncAiKnowledgeJob->handle(Object(App\\Services\\AIKnowledgeService))
#14 /Users/mejievski/Desktop/Projects/Formely/backend/vendor/laravel/framework/src/Illuminate/Container/Util.php(43): Illuminate\\Container\\BoundMethod::{closure:Illuminate\\Container\\BoundMethod::call():35}()
#15 /Users/mejievski/Desktop/Projects/Formely/backend/vendor/laravel/framework/src/Illuminate/Container/BoundMethod.php(96): Illuminate\\Container\\Util::unwrapIfClosure(Object(Closure))
#16 /Users/mejievski/Desktop/Projects/Formely/backend/vendor/laravel/framework/src/Illuminate/Container/BoundMethod.php(35): Illuminate\\Container\\BoundMethod::callBoundMethod(Object(Illuminate\\Foundation\\Application), Array, Object(Closure))
#17 /Users/mejievski/Desktop/Projects/Formely/backend/vendor/laravel/framework/src/Illuminate/Container/Container.php(836): Illuminate\\Container\\BoundMethod::call(Object(Illuminate\\Foundation\\Application), Array, Array, NULL)
#18 /Users/mejievski/Desktop/Projects/Formely/backend/vendor/laravel/framework/src/Illuminate/Bus/Dispatcher.php(129): Illuminate\\Container\\Container->call(Array)
#19 /Users/mejievski/Desktop/Projects/Formely/backend/vendor/laravel/framework/src/Illuminate/Pipeline/Pipeline.php(180): Illuminate\\Bus\\Dispatcher->{closure:Illuminate\\Bus\\Dispatcher::dispatchNow():126}(Object(App\\Jobs\\SyncAiKnowledgeJob))
#20 /Users/mejievski/Desktop/Projects/Formely/backend/vendor/laravel/framework/src/Illuminate/Pipeline/Pipeline.php(137): Illuminate\\Pipeline\\Pipeline->{closure:Illuminate\\Pipeline\\Pipeline::prepareDestination():178}(Object(App\\Jobs\\SyncAiKnowledgeJob))
#21 /Users/mejievski/Desktop/Projects/Formely/backend/vendor/laravel/framework/src/Illuminate/Bus/Dispatcher.php(133): Illuminate\\Pipeline\\Pipeline->then(Object(Closure))
#22 /Users/mejievski/Desktop/Projects/Formely/backend/vendor/laravel/framework/src/Illuminate/Queue/CallQueuedHandler.php(134): Illuminate\\Bus\\Dispatcher->dispatchNow(Object(App\\Jobs\\SyncAiKnowledgeJob), false)
#23 /Users/mejievski/Desktop/Projects/Formely/backend/vendor/laravel/framework/src/Illuminate/Pipeline/Pipeline.php(180): Illuminate\\Queue\\CallQueuedHandler->{closure:Illuminate\\Queue\\CallQueuedHandler::dispatchThroughMiddleware():127}(Object(App\\Jobs\\SyncAiKnowledgeJob))
#24 /Users/mejievski/Desktop/Projects/Formely/backend/vendor/laravel/framework/src/Illuminate/Pipeline/Pipeline.php(137): Illuminate\\Pipeline\\Pipeline->{closure:Illuminate\\Pipeline\\Pipeline::prepareDestination():178}(Object(App\\Jobs\\SyncAiKnowledgeJob))
#25 /Users/mejievski/Desktop/Projects/Formely/backend/vendor/laravel/framework/src/Illuminate/Queue/CallQueuedHandler.php(127): Illuminate\\Pipeline\\Pipeline->then(Object(Closure))
#26 /Users/mejievski/Desktop/Projects/Formely/backend/vendor/laravel/framework/src/Illuminate/Queue/CallQueuedHandler.php(68): Illuminate\\Queue\\CallQueuedHandler->dispatchThroughMiddleware(Object(Illuminate\\Queue\\Jobs\\SyncJob), Object(App\\Jobs\\SyncAiKnowledgeJob))
#27 /Users/mejievski/Desktop/Projects/Formely/backend/vendor/laravel/framework/src/Illuminate/Queue/Jobs/Job.php(102): Illuminate\\Queue\\CallQueuedHandler->call(Object(Illuminate\\Queue\\Jobs\\SyncJob), Array)
#28 /Users/mejievski/Desktop/Projects/Formely/backend/vendor/laravel/framework/src/Illuminate/Queue/SyncQueue.php(130): Illuminate\\Queue\\Jobs\\Job->fire()
#29 /Users/mejievski/Desktop/Projects/Formely/backend/vendor/laravel/framework/src/Illuminate/Queue/SyncQueue.php(110): Illuminate\\Queue\\SyncQueue->executeJob(Object(App\\Jobs\\SyncAiKnowledgeJob), '', NULL)
#30 laravel-serializable-closure://fn () => \\Illuminate\\Support\\Facades\\Queue::connection('sync')->push($job, $data, $queue)
        (2): Illuminate\\Queue\\SyncQueue->push(Object(App\\Jobs\\SyncAiKnowledgeJob), '', NULL)
#31 [internal function]: Illuminate\\Queue\\BackgroundQueue::{closure:laravel-serializable-closure://fn () => \\Illuminate\\Support\\Facades\\Queue::connection('sync')->push($job, $data, $queue)
        :2}()
#32 /Users/mejievski/Desktop/Projects/Formely/backend/vendor/laravel/serializable-closure/src/Serializers/Signed.php(43): call_user_func_array(Object(Closure), Array)
#33 [internal function]: Laravel\\SerializableClosure\\Serializers\\Signed->__invoke()
#34 /Users/mejievski/Desktop/Projects/Formely/backend/vendor/laravel/serializable-closure/src/SerializableClosure.php(39): call_user_func_array(Object(Laravel\\SerializableClosure\\Serializers\\Signed), Array)
#35 /Users/mejievski/Desktop/Projects/Formely/backend/vendor/laravel/framework/src/Illuminate/Container/BoundMethod.php(36): Laravel\\SerializableClosure\\SerializableClosure->__invoke()
#36 /Users/mejievski/Desktop/Projects/Formely/backend/vendor/laravel/framework/src/Illuminate/Container/Util.php(43): Illuminate\\Container\\BoundMethod::{closure:Illuminate\\Container\\BoundMethod::call():35}()
#37 /Users/mejievski/Desktop/Projects/Formely/backend/vendor/laravel/framework/src/Illuminate/Container/BoundMethod.php(84): Illuminate\\Container\\Util::unwrapIfClosure(Object(Closure))
#38 /Users/mejievski/Desktop/Projects/Formely/backend/vendor/laravel/framework/src/Illuminate/Container/BoundMethod.php(35): Illuminate\\Container\\BoundMethod::callBoundMethod(Object(Illuminate\\Foundation\\Application), Object(Laravel\\SerializableClosure\\SerializableClosure), Object(Closure))
#39 /Users/mejievski/Desktop/Projects/Formely/backend/vendor/laravel/framework/src/Illuminate/Container/Container.php(836): Illuminate\\Container\\BoundMethod::call(Object(Illuminate\\Foundation\\Application), Object(Laravel\\SerializableClosure\\SerializableClosure), Array, NULL)
#40 /Users/mejievski/Desktop/Projects/Formely/backend/vendor/laravel/framework/src/Illuminate/Concurrency/Console/InvokeSerializedClosureCommand.php(46): Illuminate\\Container\\Container->call(Object(Laravel\\SerializableClosure\\SerializableClosure))
#41 /Users/mejievski/Desktop/Projects/Formely/backend/vendor/laravel/framework/src/Illuminate/Container/BoundMethod.php(36): Illuminate\\Concurrency\\Console\\InvokeSerializedClosureCommand->handle()
#42 /Users/mejievski/Desktop/Projects/Formely/backend/vendor/laravel/framework/src/Illuminate/Container/Util.php(43): Illuminate\\Container\\BoundMethod::{closure:Illuminate\\Container\\BoundMethod::call():35}()
#43 /Users/mejievski/Desktop/Projects/Formely/backend/vendor/laravel/framework/src/Illuminate/Container/BoundMethod.php(96): Illuminate\\Container\\Util::unwrapIfClosure(Object(Closure))
#44 /Users/mejievski/Desktop/Projects/Formely/backend/vendor/laravel/framework/src/Illuminate/Container/BoundMethod.php(35): Illuminate\\Container\\BoundMethod::callBoundMethod(Object(Illuminate\\Foundation\\Application), Array, Object(Closure))
#45 /Users/mejievski/Desktop/Projects/Formely/backend/vendor/laravel/framework/src/Illuminate/Container/Container.php(836): Illuminate\\Container\\BoundMethod::call(Object(Illuminate\\Foundation\\Application), Array, Array, NULL)
#46 /Users/mejievski/Desktop/Projects/Formely/backend/vendor/laravel/framework/src/Illuminate/Console/Command.php(211): Illuminate\\Container\\Container->call(Array)
#47 /Users/mejievski/Desktop/Projects/Formely/backend/vendor/symfony/console/Command/Command.php(318): Illuminate\\Console\\Command->execute(Object(Symfony\\Component\\Console\\Input\\ArgvInput), Object(Illuminate\\Console\\OutputStyle))
#48 /Users/mejievski/Desktop/Projects/Formely/backend/vendor/laravel/framework/src/Illuminate/Console/Command.php(180): Symfony\\Component\\Console\\Command\\Command->run(Object(Symfony\\Component\\Console\\Input\\ArgvInput), Object(Illuminate\\Console\\OutputStyle))
#49 /Users/mejievski/Desktop/Projects/Formely/backend/vendor/symfony/console/Application.php(1055): Illuminate\\Console\\Command->run(Object(Symfony\\Component\\Console\\Input\\ArgvInput), Object(Symfony\\Component\\Console\\Output\\ConsoleOutput))
#50 /Users/mejievski/Desktop/Projects/Formely/backend/vendor/symfony/console/Application.php(356): Symfony\\Component\\Console\\Application->doRunCommand(Object(Illuminate\\Concurrency\\Console\\InvokeSerializedClosureCommand), Object(Symfony\\Component\\Console\\Input\\ArgvInput), Object(Symfony\\Component\\Console\\Output\\ConsoleOutput))
#51 /Users/mejievski/Desktop/Projects/Formely/backend/vendor/symfony/console/Application.php(195): Symfony\\Component\\Console\\Application->doRun(Object(Symfony\\Component\\Console\\Input\\ArgvInput), Object(Symfony\\Component\\Console\\Output\\ConsoleOutput))
#52 /Users/mejievski/Desktop/Projects/Formely/backend/vendor/laravel/framework/src/Illuminate/Foundation/Console/Kernel.php(197): Symfony\\Component\\Console\\Application->run(Object(Symfony\\Component\\Console\\Input\\ArgvInput), Object(Symfony\\Component\\Console\\Output\\ConsoleOutput))
#53 /Users/mejievski/Desktop/Projects/Formely/backend/vendor/laravel/framework/src/Illuminate/Foundation/Application.php(1235): Illuminate\\Foundation\\Console\\Kernel->handle(Object(Symfony\\Component\\Console\\Input\\ArgvInput), Object(Symfony\\Component\\Console\\Output\\ConsoleOutput))
#54 /Users/mejievski/Desktop/Projects/Formely/backend/artisan(16): Illuminate\\Foundation\\Application->handleCommand(Object(Symfony\\Component\\Console\\Input\\ArgvInput))
#55 {main}
"} 
[2026-05-27 13:14:36] testing.ERROR: SQLSTATE[HY000]: General error: 1 no such table: courses (Connection: sqlite, SQL: select * from "courses" where "courses"."id" = 1 limit 1) {"exception":"[object] (Illuminate\\Database\\QueryException(code: HY000): SQLSTATE[HY000]: General error: 1 no such table: courses (Connection: sqlite, SQL: select * from \"courses\" where \"courses\".\"id\" = 1 limit 1) at /Users/mejievski/Desktop/Projects/Formely/backend/vendor/laravel/framework/src/Illuminate/Database/Connection.php:824)
[stacktrace]
#0 /Users/mejievski/Desktop/Projects/Formely/backend/vendor/laravel/framework/src/Illuminate/Database/Connection.php(778): Illuminate\\Database\\Connection->runQueryCallback('select * from \"...', Array, Object(Closure))
#1 /Users/mejievski/Desktop/Projects/Formely/backend/vendor/laravel/framework/src/Illuminate/Database/Connection.php(397): Illuminate\\Database\\Connection->run('select * from \"...', Array, Object(Closure))
#2 /Users/mejievski/Desktop/Projects/Formely/backend/vendor/laravel/framework/src/Illuminate/Database/Query/Builder.php(3188): Illuminate\\Database\\Connection->select('select * from \"...', Array, true)
#3 /Users/mejievski/Desktop/Projects/Formely/backend/vendor/laravel/framework/src/Illuminate/Database/Query/Builder.php(3173): Illuminate\\Database\\Query\\Builder->runSelect()
#4 /Users/mejievski/Desktop/Projects/Formely/backend/vendor/laravel/framework/src/Illuminate/Database/Query/Builder.php(3763): Illuminate\\Database\\Query\\Builder->{closure:Illuminate\\Database\\Query\\Builder::get():3172}()
#5 /Users/mejievski/Desktop/Projects/Formely/backend/vendor/laravel/framework/src/Illuminate/Database/Query/Builder.php(3172): Illuminate\\Database\\Query\\Builder->onceWithColumns(Array, Object(Closure))
#6 /Users/mejievski/Desktop/Projects/Formely/backend/vendor/laravel/framework/src/Illuminate/Database/Eloquent/Builder.php(902): Illuminate\\Database\\Query\\Builder->get(Array)
#7 /Users/mejievski/Desktop/Projects/Formely/backend/vendor/laravel/framework/src/Illuminate/Database/Eloquent/Builder.php(884): Illuminate\\Database\\Eloquent\\Builder->getModels(Array)
#8 /Users/mejievski/Desktop/Projects/Formely/backend/vendor/laravel/framework/src/Illuminate/Database/Concerns/BuildsQueries.php(366): Illuminate\\Database\\Eloquent\\Builder->get(Array)
#9 /Users/mejievski/Desktop/Projects/Formely/backend/vendor/laravel/framework/src/Illuminate/Database/Eloquent/Builder.php(568): Illuminate\\Database\\Eloquent\\Builder->first(Array)
#10 /Users/mejievski/Desktop/Projects/Formely/backend/app/Jobs/SyncAiKnowledgeJob.php(49): Illuminate\\Database\\Eloquent\\Builder->find(1)
#11 /Users/mejievski/Desktop/Projects/Formely/backend/vendor/laravel/framework/src/Illuminate/Container/BoundMethod.php(36): App\\Jobs\\SyncAiKnowledgeJob->handle(Object(App\\Services\\AIKnowledgeService))
#12 /Users/mejievski/Desktop/Projects/Formely/backend/vendor/laravel/framework/src/Illuminate/Container/Util.php(43): Illuminate\\Container\\BoundMethod::{closure:Illuminate\\Container\\BoundMethod::call():35}()
#13 /Users/mejievski/Desktop/Projects/Formely/backend/vendor/laravel/framework/src/Illuminate/Container/BoundMethod.php(96): Illuminate\\Container\\Util::unwrapIfClosure(Object(Closure))
#14 /Users/mejievski/Desktop/Projects/Formely/backend/vendor/laravel/framework/src/Illuminate/Container/BoundMethod.php(35): Illuminate\\Container\\BoundMethod::callBoundMethod(Object(Illuminate\\Foundation\\Application), Array, Object(Closure))
#15 /Users/mejievski/Desktop/Projects/Formely/backend/vendor/laravel/framework/src/Illuminate/Container/Container.php(836): Illuminate\\Container\\BoundMethod::call(Object(Illuminate\\Foundation\\Application), Array, Array, NULL)
#16 /Users/mejievski/Desktop/Projects/Formely/backend/vendor/laravel/framework/src/Illuminate/Bus/Dispatcher.php(129): Illuminate\\Container\\Container->call(Array)
#17 /Users/mejievski/Desktop/Projects/Formely/backend/vendor/laravel/framework/src/Illuminate/Pipeline/Pipeline.php(180): Illuminate\\Bus\\Dispatcher->{closure:Illuminate\\Bus\\Dispatcher::dispatchNow():126}(Object(App\\Jobs\\SyncAiKnowledgeJob))
#18 /Users/mejievski/Desktop/Projects/Formely/backend/vendor/laravel/framework/src/Illuminate/Pipeline/Pipeline.php(137): Illuminate\\Pipeline\\Pipeline->{closure:Illuminate\\Pipeline\\Pipeline::prepareDestination():178}(Object(App\\Jobs\\SyncAiKnowledgeJob))
#19 /Users/mejievski/Desktop/Projects/Formely/backend/vendor/laravel/framework/src/Illuminate/Bus/Dispatcher.php(133): Illuminate\\Pipeline\\Pipeline->then(Object(Closure))
#20 /Users/mejievski/Desktop/Projects/Formely/backend/vendor/laravel/framework/src/Illuminate/Queue/CallQueuedHandler.php(134): Illuminate\\Bus\\Dispatcher->dispatchNow(Object(App\\Jobs\\SyncAiKnowledgeJob), false)
#21 /Users/mejievski/Desktop/Projects/Formely/backend/vendor/laravel/framework/src/Illuminate/Pipeline/Pipeline.php(180): Illuminate\\Queue\\CallQueuedHandler->{closure:Illuminate\\Queue\\CallQueuedHandler::dispatchThroughMiddleware():127}(Object(App\\Jobs\\SyncAiKnowledgeJob))
#22 /Users/mejievski/Desktop/Projects/Formely/backend/vendor/laravel/framework/src/Illuminate/Pipeline/Pipeline.php(137): Illuminate\\Pipeline\\Pipeline->{closure:Illuminate\\Pipeline\\Pipeline::prepareDestination():178}(Object(App\\Jobs\\SyncAiKnowledgeJob))
#23 /Users/mejievski/Desktop/Projects/Formely/backend/vendor/laravel/framework/src/Illuminate/Queue/CallQueuedHandler.php(127): Illuminate\\Pipeline\\Pipeline->then(Object(Closure))
#24 /Users/mejievski/Desktop/Projects/Formely/backend/vendor/laravel/framework/src/Illuminate/Queue/CallQueuedHandler.php(68): Illuminate\\Queue\\CallQueuedHandler->dispatchThroughMiddleware(Object(Illuminate\\Queue\\Jobs\\SyncJob), Object(App\\Jobs\\SyncAiKnowledgeJob))
#25 /Users/mejievski/Desktop/Projects/Formely/backend/vendor/laravel/framework/src/Illuminate/Queue/Jobs/Job.php(102): Illuminate\\Queue\\CallQueuedHandler->call(Object(Illuminate\\Queue\\Jobs\\SyncJob), Array)
#26 /Users/mejievski/Desktop/Projects/Formely/backend/vendor/laravel/framework/src/Illuminate/Queue/SyncQueue.php(130): Illuminate\\Queue\\Jobs\\Job->fire()
#27 /Users/mejievski/Desktop/Projects/Formely/backend/vendor/laravel/framework/src/Illuminate/Queue/SyncQueue.php(110): Illuminate\\Queue\\SyncQueue->executeJob(Object(App\\Jobs\\SyncAiKnowledgeJob), '', NULL)
#28 laravel-serializable-closure://fn () => \\Illuminate\\Support\\Facades\\Queue::connection('sync')->push($job, $data, $queue)
        (2): Illuminate\\Queue\\SyncQueue->push(Object(App\\Jobs\\SyncAiKnowledgeJob), '', NULL)
#29 [internal function]: Illuminate\\Queue\\BackgroundQueue::{closure:laravel-serializable-closure://fn () => \\Illuminate\\Support\\Facades\\Queue::connection('sync')->push($job, $data, $queue)
        :2}()
#30 /Users/mejievski/Desktop/Projects/Formely/backend/vendor/laravel/serializable-closure/src/Serializers/Signed.php(43): call_user_func_array(Object(Closure), Array)
#31 [internal function]: Laravel\\SerializableClosure\\Serializers\\Signed->__invoke()
#32 /Users/mejievski/Desktop/Projects/Formely/backend/vendor/laravel/serializable-closure/src/SerializableClosure.php(39): call_user_func_array(Object(Laravel\\SerializableClosure\\Serializers\\Signed), Array)
#33 /Users/mejievski/Desktop/Projects/Formely/backend/vendor/laravel/framework/src/Illuminate/Container/BoundMethod.php(36): Laravel\\SerializableClosure\\SerializableClosure->__invoke()
#34 /Users/mejievski/Desktop/Projects/Formely/backend/vendor/laravel/framework/src/Illuminate/Container/Util.php(43): Illuminate\\Container\\BoundMethod::{closure:Illuminate\\Container\\BoundMethod::call():35}()
#35 /Users/mejievski/Desktop/Projects/Formely/backend/vendor/laravel/framework/src/Illuminate/Container/BoundMethod.php(84): Illuminate\\Container\\Util::unwrapIfClosure(Object(Closure))
#36 /Users/mejievski/Desktop/Projects/Formely/backend/vendor/laravel/framework/src/Illuminate/Container/BoundMethod.php(35): Illuminate\\Container\\BoundMethod::callBoundMethod(Object(Illuminate\\Foundation\\Application), Object(Laravel\\SerializableClosure\\SerializableClosure), Object(Closure))
#37 /Users/mejievski/Desktop/Projects/Formely/backend/vendor/laravel/framework/src/Illuminate/Container/Container.php(836): Illuminate\\Container\\BoundMethod::call(Object(Illuminate\\Foundation\\Application), Object(Laravel\\SerializableClosure\\SerializableClosure), Array, NULL)
#38 /Users/mejievski/Desktop/Projects/Formely/backend/vendor/laravel/framework/src/Illuminate/Concurrency/Console/InvokeSerializedClosureCommand.php(46): Illuminate\\Container\\Container->call(Object(Laravel\\SerializableClosure\\SerializableClosure))
#39 /Users/mejievski/Desktop/Projects/Formely/backend/vendor/laravel/framework/src/Illuminate/Container/BoundMethod.php(36): Illuminate\\Concurrency\\Console\\InvokeSerializedClosureCommand->handle()
#40 /Users/mejievski/Desktop/Projects/Formely/backend/vendor/laravel/framework/src/Illuminate/Container/Util.php(43): Illuminate\\Container\\BoundMethod::{closure:Illuminate\\Container\\BoundMethod::call():35}()
#41 /Users/mejievski/Desktop/Projects/Formely/backend/vendor/laravel/framework/src/Illuminate/Container/BoundMethod.php(96): Illuminate\\Container\\Util::unwrapIfClosure(Object(Closure))
#42 /Users/mejievski/Desktop/Projects/Formely/backend/vendor/laravel/framework/src/Illuminate/Container/BoundMethod.php(35): Illuminate\\Container\\BoundMethod::callBoundMethod(Object(Illuminate\\Foundation\\Application), Array, Object(Closure))
#43 /Users/mejievski/Desktop/Projects/Formely/backend/vendor/laravel/framework/src/Illuminate/Container/Container.php(836): Illuminate\\Container\\BoundMethod::call(Object(Illuminate\\Foundation\\Application), Array, Array, NULL)
#44 /Users/mejievski/Desktop/Projects/Formely/backend/vendor/laravel/framework/src/Illuminate/Console/Command.php(211): Illuminate\\Container\\Container->call(Array)
#45 /Users/mejievski/Desktop/Projects/Formely/backend/vendor/symfony/console/Command/Command.php(318): Illuminate\\Console\\Command->execute(Object(Symfony\\Component\\Console\\Input\\ArgvInput), Object(Illuminate\\Console\\OutputStyle))
#46 /Users/mejievski/Desktop/Projects/Formely/backend/vendor/laravel/framework/src/Illuminate/Console/Command.php(180): Symfony\\Component\\Console\\Command\\Command->run(Object(Symfony\\Component\\Console\\Input\\ArgvInput), Object(Illuminate\\Console\\OutputStyle))
#47 /Users/mejievski/Desktop/Projects/Formely/backend/vendor/symfony/console/Application.php(1055): Illuminate\\Console\\Command->run(Object(Symfony\\Component\\Console\\Input\\ArgvInput), Object(Symfony\\Component\\Console\\Output\\ConsoleOutput))
#48 /Users/mejievski/Desktop/Projects/Formely/backend/vendor/symfony/console/Application.php(356): Symfony\\Component\\Console\\Application->doRunCommand(Object(Illuminate\\Concurrency\\Console\\InvokeSerializedClosureCommand), Object(Symfony\\Component\\Console\\Input\\ArgvInput), Object(Symfony\\Component\\Console\\Output\\ConsoleOutput))
#49 /Users/mejievski/Desktop/Projects/Formely/backend/vendor/symfony/console/Application.php(195): Symfony\\Component\\Console\\Application->doRun(Object(Symfony\\Component\\Console\\Input\\ArgvInput), Object(Symfony\\Component\\Console\\Output\\ConsoleOutput))
#50 /Users/mejievski/Desktop/Projects/Formely/backend/vendor/laravel/framework/src/Illuminate/Foundation/Console/Kernel.php(197): Symfony\\Component\\Console\\Application->run(Object(Symfony\\Component\\Console\\Input\\ArgvInput), Object(Symfony\\Component\\Console\\Output\\ConsoleOutput))
#51 /Users/mejievski/Desktop/Projects/Formely/backend/vendor/laravel/framework/src/Illuminate/Foundation/Application.php(1235): Illuminate\\Foundation\\Console\\Kernel->handle(Object(Symfony\\Component\\Console\\Input\\ArgvInput), Object(Symfony\\Component\\Console\\Output\\ConsoleOutput))
#52 /Users/mejievski/Desktop/Projects/Formely/backend/artisan(16): Illuminate\\Foundation\\Application->handleCommand(Object(Symfony\\Component\\Console\\Input\\ArgvInput))
#53 {main}

[previous exception] [object] (PDOException(code: HY000): SQLSTATE[HY000]: General error: 1 no such table: courses at /Users/mejievski/Desktop/Projects/Formely/backend/vendor/laravel/framework/src/Illuminate/Database/Connection.php:406)
[stacktrace]
#0 /Users/mejievski/Desktop/Projects/Formely/backend/vendor/laravel/framework/src/Illuminate/Database/Connection.php(406): PDO->prepare('select * from \"...')
#1 /Users/mejievski/Desktop/Projects/Formely/backend/vendor/laravel/framework/src/Illuminate/Database/Connection.php(811): Illuminate\\Database\\Connection->{closure:Illuminate\\Database\\Connection::select():397}('select * from \"...', Array)
#2 /Users/mejievski/Desktop/Projects/Formely/backend/vendor/laravel/framework/src/Illuminate/Database/Connection.php(778): Illuminate\\Database\\Connection->runQueryCallback('select * from \"...', Array, Object(Closure))
#3 /Users/mejievski/Desktop/Projects/Formely/backend/vendor/laravel/framework/src/Illuminate/Database/Connection.php(397): Illuminate\\Database\\Connection->run('select * from \"...', Array, Object(Closure))
#4 /Users/mejievski/Desktop/Projects/Formely/backend/vendor/laravel/framework/src/Illuminate/Database/Query/Builder.php(3188): Illuminate\\Database\\Connection->select('select * from \"...', Array, true)
#5 /Users/mejievski/Desktop/Projects/Formely/backend/vendor/laravel/framework/src/Illuminate/Database/Query/Builder.php(3173): Illuminate\\Database\\Query\\Builder->runSelect()
#6 /Users/mejievski/Desktop/Projects/Formely/backend/vendor/laravel/framework/src/Illuminate/Database/Query/Builder.php(3763): Illuminate\\Database\\Query\\Builder->{closure:Illuminate\\Database\\Query\\Builder::get():3172}()
#7 /Users/mejievski/Desktop/Projects/Formely/backend/vendor/laravel/framework/src/Illuminate/Database/Query/Builder.php(3172): Illuminate\\Database\\Query\\Builder->onceWithColumns(Array, Object(Closure))
#8 /Users/mejievski/Desktop/Projects/Formely/backend/vendor/laravel/framework/src/Illuminate/Database/Eloquent/Builder.php(902): Illuminate\\Database\\Query\\Builder->get(Array)
#9 /Users/mejievski/Desktop/Projects/Formely/backend/vendor/laravel/framework/src/Illuminate/Database/Eloquent/Builder.php(884): Illuminate\\Database\\Eloquent\\Builder->getModels(Array)
#10 /Users/mejievski/Desktop/Projects/Formely/backend/vendor/laravel/framework/src/Illuminate/Database/Concerns/BuildsQueries.php(366): Illuminate\\Database\\Eloquent\\Builder->get(Array)
#11 /Users/mejievski/Desktop/Projects/Formely/backend/vendor/laravel/framework/src/Illuminate/Database/Eloquent/Builder.php(568): Illuminate\\Database\\Eloquent\\Builder->first(Array)
#12 /Users/mejievski/Desktop/Projects/Formely/backend/app/Jobs/SyncAiKnowledgeJob.php(49): Illuminate\\Database\\Eloquent\\Builder->find(1)
#13 /Users/mejievski/Desktop/Projects/Formely/backend/vendor/laravel/framework/src/Illuminate/Container/BoundMethod.php(36): App\\Jobs\\SyncAiKnowledgeJob->handle(Object(App\\Services\\AIKnowledgeService))
#14 /Users/mejievski/Desktop/Projects/Formely/backend/vendor/laravel/framework/src/Illuminate/Container/Util.php(43): Illuminate\\Container\\BoundMethod::{closure:Illuminate\\Container\\BoundMethod::call():35}()
#15 /Users/mejievski/Desktop/Projects/Formely/backend/vendor/laravel/framework/src/Illuminate/Container/BoundMethod.php(96): Illuminate\\Container\\Util::unwrapIfClosure(Object(Closure))
#16 /Users/mejievski/Desktop/Projects/Formely/backend/vendor/laravel/framework/src/Illuminate/Container/BoundMethod.php(35): Illuminate\\Container\\BoundMethod::callBoundMethod(Object(Illuminate\\Foundation\\Application), Array, Object(Closure))
#17 /Users/mejievski/Desktop/Projects/Formely/backend/vendor/laravel/framework/src/Illuminate/Container/Container.php(836): Illuminate\\Container\\BoundMethod::call(Object(Illuminate\\Foundation\\Application), Array, Array, NULL)
#18 /Users/mejievski/Desktop/Projects/Formely/backend/vendor/laravel/framework/src/Illuminate/Bus/Dispatcher.php(129): Illuminate\\Container\\Container->call(Array)
#19 /Users/mejievski/Desktop/Projects/Formely/backend/vendor/laravel/framework/src/Illuminate/Pipeline/Pipeline.php(180): Illuminate\\Bus\\Dispatcher->{closure:Illuminate\\Bus\\Dispatcher::dispatchNow():126}(Object(App\\Jobs\\SyncAiKnowledgeJob))
#20 /Users/mejievski/Desktop/Projects/Formely/backend/vendor/laravel/framework/src/Illuminate/Pipeline/Pipeline.php(137): Illuminate\\Pipeline\\Pipeline->{closure:Illuminate\\Pipeline\\Pipeline::prepareDestination():178}(Object(App\\Jobs\\SyncAiKnowledgeJob))
#21 /Users/mejievski/Desktop/Projects/Formely/backend/vendor/laravel/framework/src/Illuminate/Bus/Dispatcher.php(133): Illuminate\\Pipeline\\Pipeline->then(Object(Closure))
#22 /Users/mejievski/Desktop/Projects/Formely/backend/vendor/laravel/framework/src/Illuminate/Queue/CallQueuedHandler.php(134): Illuminate\\Bus\\Dispatcher->dispatchNow(Object(App\\Jobs\\SyncAiKnowledgeJob), false)
#23 /Users/mejievski/Desktop/Projects/Formely/backend/vendor/laravel/framework/src/Illuminate/Pipeline/Pipeline.php(180): Illuminate\\Queue\\CallQueuedHandler->{closure:Illuminate\\Queue\\CallQueuedHandler::dispatchThroughMiddleware():127}(Object(App\\Jobs\\SyncAiKnowledgeJob))
#24 /Users/mejievski/Desktop/Projects/Formely/backend/vendor/laravel/framework/src/Illuminate/Pipeline/Pipeline.php(137): Illuminate\\Pipeline\\Pipeline->{closure:Illuminate\\Pipeline\\Pipeline::prepareDestination():178}(Object(App\\Jobs\\SyncAiKnowledgeJob))
#25 /Users/mejievski/Desktop/Projects/Formely/backend/vendor/laravel/framework/src/Illuminate/Queue/CallQueuedHandler.php(127): Illuminate\\Pipeline\\Pipeline->then(Object(Closure))
#26 /Users/mejievski/Desktop/Projects/Formely/backend/vendor/laravel/framework/src/Illuminate/Queue/CallQueuedHandler.php(68): Illuminate\\Queue\\CallQueuedHandler->dispatchThroughMiddleware(Object(Illuminate\\Queue\\Jobs\\SyncJob), Object(App\\Jobs\\SyncAiKnowledgeJob))
#27 /Users/mejievski/Desktop/Projects/Formely/backend/vendor/laravel/framework/src/Illuminate/Queue/Jobs/Job.php(102): Illuminate\\Queue\\CallQueuedHandler->call(Object(Illuminate\\Queue\\Jobs\\SyncJob), Array)
#28 /Users/mejievski/Desktop/Projects/Formely/backend/vendor/laravel/framework/src/Illuminate/Queue/SyncQueue.php(130): Illuminate\\Queue\\Jobs\\Job->fire()
#29 /Users/mejievski/Desktop/Projects/Formely/backend/vendor/laravel/framework/src/Illuminate/Queue/SyncQueue.php(110): Illuminate\\Queue\\SyncQueue->executeJob(Object(App\\Jobs\\SyncAiKnowledgeJob), '', NULL)
#30 laravel-serializable-closure://fn () => \\Illuminate\\Support\\Facades\\Queue::connection('sync')->push($job, $data, $queue)
        (2): Illuminate\\Queue\\SyncQueue->push(Object(App\\Jobs\\SyncAiKnowledgeJob), '', NULL)
#31 [internal function]: Illuminate\\Queue\\BackgroundQueue::{closure:laravel-serializable-closure://fn () => \\Illuminate\\Support\\Facades\\Queue::connection('sync')->push($job, $data, $queue)
        :2}()
#32 /Users/mejievski/Desktop/Projects/Formely/backend/vendor/laravel/serializable-closure/src/Serializers/Signed.php(43): call_user_func_array(Object(Closure), Array)
#33 [internal function]: Laravel\\SerializableClosure\\Serializers\\Signed->__invoke()
#34 /Users/mejievski/Desktop/Projects/Formely/backend/vendor/laravel/serializable-closure/src/SerializableClosure.php(39): call_user_func_array(Object(Laravel\\SerializableClosure\\Serializers\\Signed), Array)
#35 /Users/mejievski/Desktop/Projects/Formely/backend/vendor/laravel/framework/src/Illuminate/Container/BoundMethod.php(36): Laravel\\SerializableClosure\\SerializableClosure->__invoke()
#36 /Users/mejievski/Desktop/Projects/Formely/backend/vendor/laravel/framework/src/Illuminate/Container/Util.php(43): Illuminate\\Container\\BoundMethod::{closure:Illuminate\\Container\\BoundMethod::call():35}()
#37 /Users/mejievski/Desktop/Projects/Formely/backend/vendor/laravel/framework/src/Illuminate/Container/BoundMethod.php(84): Illuminate\\Container\\Util::unwrapIfClosure(Object(Closure))
#38 /Users/mejievski/Desktop/Projects/Formely/backend/vendor/laravel/framework/src/Illuminate/Container/BoundMethod.php(35): Illuminate\\Container\\BoundMethod::callBoundMethod(Object(Illuminate\\Foundation\\Application), Object(Laravel\\SerializableClosure\\SerializableClosure), Object(Closure))
#39 /Users/mejievski/Desktop/Projects/Formely/backend/vendor/laravel/framework/src/Illuminate/Container/Container.php(836): Illuminate\\Container\\BoundMethod::call(Object(Illuminate\\Foundation\\Application), Object(Laravel\\SerializableClosure\\SerializableClosure), Array, NULL)
#40 /Users/mejievski/Desktop/Projects/Formely/backend/vendor/laravel/framework/src/Illuminate/Concurrency/Console/InvokeSerializedClosureCommand.php(46): Illuminate\\Container\\Container->call(Object(Laravel\\SerializableClosure\\SerializableClosure))
#41 /Users/mejievski/Desktop/Projects/Formely/backend/vendor/laravel/framework/src/Illuminate/Container/BoundMethod.php(36): Illuminate\\Concurrency\\Console\\InvokeSerializedClosureCommand->handle()
#42 /Users/mejievski/Desktop/Projects/Formely/backend/vendor/laravel/framework/src/Illuminate/Container/Util.php(43): Illuminate\\Container\\BoundMethod::{closure:Illuminate\\Container\\BoundMethod::call():35}()
#43 /Users/mejievski/Desktop/Projects/Formely/backend/vendor/laravel/framework/src/Illuminate/Container/BoundMethod.php(96): Illuminate\\Container\\Util::unwrapIfClosure(Object(Closure))
#44 /Users/mejievski/Desktop/Projects/Formely/backend/vendor/laravel/framework/src/Illuminate/Container/BoundMethod.php(35): Illuminate\\Container\\BoundMethod::callBoundMethod(Object(Illuminate\\Foundation\\Application), Array, Object(Closure))
#45 /Users/mejievski/Desktop/Projects/Formely/backend/vendor/laravel/framework/src/Illuminate/Container/Container.php(836): Illuminate\\Container\\BoundMethod::call(Object(Illuminate\\Foundation\\Application), Array, Array, NULL)
#46 /Users/mejievski/Desktop/Projects/Formely/backend/vendor/laravel/framework/src/Illuminate/Console/Command.php(211): Illuminate\\Container\\Container->call(Array)
#47 /Users/mejievski/Desktop/Projects/Formely/backend/vendor/symfony/console/Command/Command.php(318): Illuminate\\Console\\Command->execute(Object(Symfony\\Component\\Console\\Input\\ArgvInput), Object(Illuminate\\Console\\OutputStyle))
#48 /Users/mejievski/Desktop/Projects/Formely/backend/vendor/laravel/framework/src/Illuminate/Console/Command.php(180): Symfony\\Component\\Console\\Command\\Command->run(Object(Symfony\\Component\\Console\\Input\\ArgvInput), Object(Illuminate\\Console\\OutputStyle))
#49 /Users/mejievski/Desktop/Projects/Formely/backend/vendor/symfony/console/Application.php(1055): Illuminate\\Console\\Command->run(Object(Symfony\\Component\\Console\\Input\\ArgvInput), Object(Symfony\\Component\\Console\\Output\\ConsoleOutput))
#50 /Users/mejievski/Desktop/Projects/Formely/backend/vendor/symfony/console/Application.php(356): Symfony\\Component\\Console\\Application->doRunCommand(Object(Illuminate\\Concurrency\\Console\\InvokeSerializedClosureCommand), Object(Symfony\\Component\\Console\\Input\\ArgvInput), Object(Symfony\\Component\\Console\\Output\\ConsoleOutput))
#51 /Users/mejievski/Desktop/Projects/Formely/backend/vendor/symfony/console/Application.php(195): Symfony\\Component\\Console\\Application->doRun(Object(Symfony\\Component\\Console\\Input\\ArgvInput), Object(Symfony\\Component\\Console\\Output\\ConsoleOutput))
#52 /Users/mejievski/Desktop/Projects/Formely/backend/vendor/laravel/framework/src/Illuminate/Foundation/Console/Kernel.php(197): Symfony\\Component\\Console\\Application->run(Object(Symfony\\Component\\Console\\Input\\ArgvInput), Object(Symfony\\Component\\Console\\Output\\ConsoleOutput))
#53 /Users/mejievski/Desktop/Projects/Formely/backend/vendor/laravel/framework/src/Illuminate/Foundation/Application.php(1235): Illuminate\\Foundation\\Console\\Kernel->handle(Object(Symfony\\Component\\Console\\Input\\ArgvInput), Object(Symfony\\Component\\Console\\Output\\ConsoleOutput))
#54 /Users/mejievski/Desktop/Projects/Formely/backend/artisan(16): Illuminate\\Foundation\\Application->handleCommand(Object(Symfony\\Component\\Console\\Input\\ArgvInput))
#55 {main}
"} 
[2026-05-27 13:14:36] testing.ERROR: SQLSTATE[HY000]: General error: 1 no such table: courses (Connection: sqlite, SQL: select * from "courses" where "courses"."id" = 1 limit 1) {"exception":"[object] (Illuminate\\Database\\QueryException(code: HY000): SQLSTATE[HY000]: General error: 1 no such table: courses (Connection: sqlite, SQL: select * from \"courses\" where \"courses\".\"id\" = 1 limit 1) at /Users/mejievski/Desktop/Projects/Formely/backend/vendor/laravel/framework/src/Illuminate/Database/Connection.php:824)
[stacktrace]
#0 /Users/mejievski/Desktop/Projects/Formely/backend/vendor/laravel/framework/src/Illuminate/Database/Connection.php(778): Illuminate\\Database\\Connection->runQueryCallback('select * from \"...', Array, Object(Closure))
#1 /Users/mejievski/Desktop/Projects/Formely/backend/vendor/laravel/framework/src/Illuminate/Database/Connection.php(397): Illuminate\\Database\\Connection->run('select * from \"...', Array, Object(Closure))
#2 /Users/mejievski/Desktop/Projects/Formely/backend/vendor/laravel/framework/src/Illuminate/Database/Query/Builder.php(3188): Illuminate\\Database\\Connection->select('select * from \"...', Array, true)
#3 /Users/mejievski/Desktop/Projects/Formely/backend/vendor/laravel/framework/src/Illuminate/Database/Query/Builder.php(3173): Illuminate\\Database\\Query\\Builder->runSelect()
#4 /Users/mejievski/Desktop/Projects/Formely/backend/vendor/laravel/framework/src/Illuminate/Database/Query/Builder.php(3763): Illuminate\\Database\\Query\\Builder->{closure:Illuminate\\Database\\Query\\Builder::get():3172}()
#5 /Users/mejievski/Desktop/Projects/Formely/backend/vendor/laravel/framework/src/Illuminate/Database/Query/Builder.php(3172): Illuminate\\Database\\Query\\Builder->onceWithColumns(Array, Object(Closure))
#6 /Users/mejievski/Desktop/Projects/Formely/backend/vendor/laravel/framework/src/Illuminate/Database/Eloquent/Builder.php(902): Illuminate\\Database\\Query\\Builder->get(Array)
#7 /Users/mejievski/Desktop/Projects/Formely/backend/vendor/laravel/framework/src/Illuminate/Database/Eloquent/Builder.php(884): Illuminate\\Database\\Eloquent\\Builder->getModels(Array)
#8 /Users/mejievski/Desktop/Projects/Formely/backend/vendor/laravel/framework/src/Illuminate/Database/Concerns/BuildsQueries.php(366): Illuminate\\Database\\Eloquent\\Builder->get(Array)
#9 /Users/mejievski/Desktop/Projects/Formely/backend/vendor/laravel/framework/src/Illuminate/Database/Eloquent/Builder.php(568): Illuminate\\Database\\Eloquent\\Builder->first(Array)
#10 /Users/mejievski/Desktop/Projects/Formely/backend/app/Jobs/SyncAiKnowledgeJob.php(49): Illuminate\\Database\\Eloquent\\Builder->find(1)
#11 /Users/mejievski/Desktop/Projects/Formely/backend/vendor/laravel/framework/src/Illuminate/Container/BoundMethod.php(36): App\\Jobs\\SyncAiKnowledgeJob->handle(Object(App\\Services\\AIKnowledgeService))
#12 /Users/mejievski/Desktop/Projects/Formely/backend/vendor/laravel/framework/src/Illuminate/Container/Util.php(43): Illuminate\\Container\\BoundMethod::{closure:Illuminate\\Container\\BoundMethod::call():35}()
#13 /Users/mejievski/Desktop/Projects/Formely/backend/vendor/laravel/framework/src/Illuminate/Container/BoundMethod.php(96): Illuminate\\Container\\Util::unwrapIfClosure(Object(Closure))
#14 /Users/mejievski/Desktop/Projects/Formely/backend/vendor/laravel/framework/src/Illuminate/Container/BoundMethod.php(35): Illuminate\\Container\\BoundMethod::callBoundMethod(Object(Illuminate\\Foundation\\Application), Array, Object(Closure))
#15 /Users/mejievski/Desktop/Projects/Formely/backend/vendor/laravel/framework/src/Illuminate/Container/Container.php(836): Illuminate\\Container\\BoundMethod::call(Object(Illuminate\\Foundation\\Application), Array, Array, NULL)
#16 /Users/mejievski/Desktop/Projects/Formely/backend/vendor/laravel/framework/src/Illuminate/Bus/Dispatcher.php(129): Illuminate\\Container\\Container->call(Array)
#17 /Users/mejievski/Desktop/Projects/Formely/backend/vendor/laravel/framework/src/Illuminate/Pipeline/Pipeline.php(180): Illuminate\\Bus\\Dispatcher->{closure:Illuminate\\Bus\\Dispatcher::dispatchNow():126}(Object(App\\Jobs\\SyncAiKnowledgeJob))
#18 /Users/mejievski/Desktop/Projects/Formely/backend/vendor/laravel/framework/src/Illuminate/Pipeline/Pipeline.php(137): Illuminate\\Pipeline\\Pipeline->{closure:Illuminate\\Pipeline\\Pipeline::prepareDestination():178}(Object(App\\Jobs\\SyncAiKnowledgeJob))
#19 /Users/mejievski/Desktop/Projects/Formely/backend/vendor/laravel/framework/src/Illuminate/Bus/Dispatcher.php(133): Illuminate\\Pipeline\\Pipeline->then(Object(Closure))
#20 /Users/mejievski/Desktop/Projects/Formely/backend/vendor/laravel/framework/src/Illuminate/Queue/CallQueuedHandler.php(134): Illuminate\\Bus\\Dispatcher->dispatchNow(Object(App\\Jobs\\SyncAiKnowledgeJob), false)
#21 /Users/mejievski/Desktop/Projects/Formely/backend/vendor/laravel/framework/src/Illuminate/Pipeline/Pipeline.php(180): Illuminate\\Queue\\CallQueuedHandler->{closure:Illuminate\\Queue\\CallQueuedHandler::dispatchThroughMiddleware():127}(Object(App\\Jobs\\SyncAiKnowledgeJob))
#22 /Users/mejievski/Desktop/Projects/Formely/backend/vendor/laravel/framework/src/Illuminate/Pipeline/Pipeline.php(137): Illuminate\\Pipeline\\Pipeline->{closure:Illuminate\\Pipeline\\Pipeline::prepareDestination():178}(Object(App\\Jobs\\SyncAiKnowledgeJob))
#23 /Users/mejievski/Desktop/Projects/Formely/backend/vendor/laravel/framework/src/Illuminate/Queue/CallQueuedHandler.php(127): Illuminate\\Pipeline\\Pipeline->then(Object(Closure))
#24 /Users/mejievski/Desktop/Projects/Formely/backend/vendor/laravel/framework/src/Illuminate/Queue/CallQueuedHandler.php(68): Illuminate\\Queue\\CallQueuedHandler->dispatchThroughMiddleware(Object(Illuminate\\Queue\\Jobs\\SyncJob), Object(App\\Jobs\\SyncAiKnowledgeJob))
#25 /Users/mejievski/Desktop/Projects/Formely/backend/vendor/laravel/framework/src/Illuminate/Queue/Jobs/Job.php(102): Illuminate\\Queue\\CallQueuedHandler->call(Object(Illuminate\\Queue\\Jobs\\SyncJob), Array)
#26 /Users/mejievski/Desktop/Projects/Formely/backend/vendor/laravel/framework/src/Illuminate/Queue/SyncQueue.php(130): Illuminate\\Queue\\Jobs\\Job->fire()
#27 /Users/mejievski/Desktop/Projects/Formely/backend/vendor/laravel/framework/src/Illuminate/Queue/SyncQueue.php(110): Illuminate\\Queue\\SyncQueue->executeJob(Object(App\\Jobs\\SyncAiKnowledgeJob), '', NULL)
#28 laravel-serializable-closure://fn () => \\Illuminate\\Support\\Facades\\Queue::connection('sync')->push($job, $data, $queue)
        (2): Illuminate\\Queue\\SyncQueue->push(Object(App\\Jobs\\SyncAiKnowledgeJob), '', NULL)
#29 [internal function]: Illuminate\\Queue\\BackgroundQueue::{closure:laravel-serializable-closure://fn () => \\Illuminate\\Support\\Facades\\Queue::connection('sync')->push($job, $data, $queue)
        :2}()
#30 /Users/mejievski/Desktop/Projects/Formely/backend/vendor/laravel/serializable-closure/src/Serializers/Signed.php(43): call_user_func_array(Object(Closure), Array)
#31 [internal function]: Laravel\\SerializableClosure\\Serializers\\Signed->__invoke()
#32 /Users/mejievski/Desktop/Projects/Formely/backend/vendor/laravel/serializable-closure/src/SerializableClosure.php(39): call_user_func_array(Object(Laravel\\SerializableClosure\\Serializers\\Signed), Array)
#33 /Users/mejievski/Desktop/Projects/Formely/backend/vendor/laravel/framework/src/Illuminate/Container/BoundMethod.php(36): Laravel\\SerializableClosure\\SerializableClosure->__invoke()
#34 /Users/mejievski/Desktop/Projects/Formely/backend/vendor/laravel/framework/src/Illuminate/Container/Util.php(43): Illuminate\\Container\\BoundMethod::{closure:Illuminate\\Container\\BoundMethod::call():35}()
#35 /Users/mejievski/Desktop/Projects/Formely/backend/vendor/laravel/framework/src/Illuminate/Container/BoundMethod.php(84): Illuminate\\Container\\Util::unwrapIfClosure(Object(Closure))
#36 /Users/mejievski/Desktop/Projects/Formely/backend/vendor/laravel/framework/src/Illuminate/Container/BoundMethod.php(35): Illuminate\\Container\\BoundMethod::callBoundMethod(Object(Illuminate\\Foundation\\Application), Object(Laravel\\SerializableClosure\\SerializableClosure), Object(Closure))
#37 /Users/mejievski/Desktop/Projects/Formely/backend/vendor/laravel/framework/src/Illuminate/Container/Container.php(836): Illuminate\\Container\\BoundMethod::call(Object(Illuminate\\Foundation\\Application), Object(Laravel\\SerializableClosure\\SerializableClosure), Array, NULL)
#38 /Users/mejievski/Desktop/Projects/Formely/backend/vendor/laravel/framework/src/Illuminate/Concurrency/Console/InvokeSerializedClosureCommand.php(46): Illuminate\\Container\\Container->call(Object(Laravel\\SerializableClosure\\SerializableClosure))
#39 /Users/mejievski/Desktop/Projects/Formely/backend/vendor/laravel/framework/src/Illuminate/Container/BoundMethod.php(36): Illuminate\\Concurrency\\Console\\InvokeSerializedClosureCommand->handle()
#40 /Users/mejievski/Desktop/Projects/Formely/backend/vendor/laravel/framework/src/Illuminate/Container/Util.php(43): Illuminate\\Container\\BoundMethod::{closure:Illuminate\\Container\\BoundMethod::call():35}()
#41 /Users/mejievski/Desktop/Projects/Formely/backend/vendor/laravel/framework/src/Illuminate/Container/BoundMethod.php(96): Illuminate\\Container\\Util::unwrapIfClosure(Object(Closure))
#42 /Users/mejievski/Desktop/Projects/Formely/backend/vendor/laravel/framework/src/Illuminate/Container/BoundMethod.php(35): Illuminate\\Container\\BoundMethod::callBoundMethod(Object(Illuminate\\Foundation\\Application), Array, Object(Closure))
#43 /Users/mejievski/Desktop/Projects/Formely/backend/vendor/laravel/framework/src/Illuminate/Container/Container.php(836): Illuminate\\Container\\BoundMethod::call(Object(Illuminate\\Foundation\\Application), Array, Array, NULL)
#44 /Users/mejievski/Desktop/Projects/Formely/backend/vendor/laravel/framework/src/Illuminate/Console/Command.php(211): Illuminate\\Container\\Container->call(Array)
#45 /Users/mejievski/Desktop/Projects/Formely/backend/vendor/symfony/console/Command/Command.php(318): Illuminate\\Console\\Command->execute(Object(Symfony\\Component\\Console\\Input\\ArgvInput), Object(Illuminate\\Console\\OutputStyle))
#46 /Users/mejievski/Desktop/Projects/Formely/backend/vendor/laravel/framework/src/Illuminate/Console/Command.php(180): Symfony\\Component\\Console\\Command\\Command->run(Object(Symfony\\Component\\Console\\Input\\ArgvInput), Object(Illuminate\\Console\\OutputStyle))
#47 /Users/mejievski/Desktop/Projects/Formely/backend/vendor/symfony/console/Application.php(1055): Illuminate\\Console\\Command->run(Object(Symfony\\Component\\Console\\Input\\ArgvInput), Object(Symfony\\Component\\Console\\Output\\ConsoleOutput))
#48 /Users/mejievski/Desktop/Projects/Formely/backend/vendor/symfony/console/Application.php(356): Symfony\\Component\\Console\\Application->doRunCommand(Object(Illuminate\\Concurrency\\Console\\InvokeSerializedClosureCommand), Object(Symfony\\Component\\Console\\Input\\ArgvInput), Object(Symfony\\Component\\Console\\Output\\ConsoleOutput))
#49 /Users/mejievski/Desktop/Projects/Formely/backend/vendor/symfony/console/Application.php(195): Symfony\\Component\\Console\\Application->doRun(Object(Symfony\\Component\\Console\\Input\\ArgvInput), Object(Symfony\\Component\\Console\\Output\\ConsoleOutput))
#50 /Users/mejievski/Desktop/Projects/Formely/backend/vendor/laravel/framework/src/Illuminate/Foundation/Console/Kernel.php(197): Symfony\\Component\\Console\\Application->run(Object(Symfony\\Component\\Console\\Input\\ArgvInput), Object(Symfony\\Component\\Console\\Output\\ConsoleOutput))
#51 /Users/mejievski/Desktop/Projects/Formely/backend/vendor/laravel/framework/src/Illuminate/Foundation/Application.php(1235): Illuminate\\Foundation\\Console\\Kernel->handle(Object(Symfony\\Component\\Console\\Input\\ArgvInput), Object(Symfony\\Component\\Console\\Output\\ConsoleOutput))
#52 /Users/mejievski/Desktop/Projects/Formely/backend/artisan(16): Illuminate\\Foundation\\Application->handleCommand(Object(Symfony\\Component\\Console\\Input\\ArgvInput))
#53 {main}

[previous exception] [object] (PDOException(code: HY000): SQLSTATE[HY000]: General error: 1 no such table: courses at /Users/mejievski/Desktop/Projects/Formely/backend/vendor/laravel/framework/src/Illuminate/Database/Connection.php:406)
[stacktrace]
#0 /Users/mejievski/Desktop/Projects/Formely/backend/vendor/laravel/framework/src/Illuminate/Database/Connection.php(406): PDO->prepare('select * from \"...')
#1 /Users/mejievski/Desktop/Projects/Formely/backend/vendor/laravel/framework/src/Illuminate/Database/Connection.php(811): Illuminate\\Database\\Connection->{closure:Illuminate\\Database\\Connection::select():397}('select * from \"...', Array)
#2 /Users/mejievski/Desktop/Projects/Formely/backend/vendor/laravel/framework/src/Illuminate/Database/Connection.php(778): Illuminate\\Database\\Connection->runQueryCallback('select * from \"...', Array, Object(Closure))
#3 /Users/mejievski/Desktop/Projects/Formely/backend/vendor/laravel/framework/src/Illuminate/Database/Connection.php(397): Illuminate\\Database\\Connection->run('select * from \"...', Array, Object(Closure))
#4 /Users/mejievski/Desktop/Projects/Formely/backend/vendor/laravel/framework/src/Illuminate/Database/Query/Builder.php(3188): Illuminate\\Database\\Connection->select('select * from \"...', Array, true)
#5 /Users/mejievski/Desktop/Projects/Formely/backend/vendor/laravel/framework/src/Illuminate/Database/Query/Builder.php(3173): Illuminate\\Database\\Query\\Builder->runSelect()
#6 /Users/mejievski/Desktop/Projects/Formely/backend/vendor/laravel/framework/src/Illuminate/Database/Query/Builder.php(3763): Illuminate\\Database\\Query\\Builder->{closure:Illuminate\\Database\\Query\\Builder::get():3172}()
#7 /Users/mejievski/Desktop/Projects/Formely/backend/vendor/laravel/framework/src/Illuminate/Database/Query/Builder.php(3172): Illuminate\\Database\\Query\\Builder->onceWithColumns(Array, Object(Closure))
#8 /Users/mejievski/Desktop/Projects/Formely/backend/vendor/laravel/framework/src/Illuminate/Database/Eloquent/Builder.php(902): Illuminate\\Database\\Query\\Builder->get(Array)
#9 /Users/mejievski/Desktop/Projects/Formely/backend/vendor/laravel/framework/src/Illuminate/Database/Eloquent/Builder.php(884): Illuminate\\Database\\Eloquent\\Builder->getModels(Array)
#10 /Users/mejievski/Desktop/Projects/Formely/backend/vendor/laravel/framework/src/Illuminate/Database/Concerns/BuildsQueries.php(366): Illuminate\\Database\\Eloquent\\Builder->get(Array)
#11 /Users/mejievski/Desktop/Projects/Formely/backend/vendor/laravel/framework/src/Illuminate/Database/Eloquent/Builder.php(568): Illuminate\\Database\\Eloquent\\Builder->first(Array)
#12 /Users/mejievski/Desktop/Projects/Formely/backend/app/Jobs/SyncAiKnowledgeJob.php(49): Illuminate\\Database\\Eloquent\\Builder->find(1)
#13 /Users/mejievski/Desktop/Projects/Formely/backend/vendor/laravel/framework/src/Illuminate/Container/BoundMethod.php(36): App\\Jobs\\SyncAiKnowledgeJob->handle(Object(App\\Services\\AIKnowledgeService))
#14 /Users/mejievski/Desktop/Projects/Formely/backend/vendor/laravel/framework/src/Illuminate/Container/Util.php(43): Illuminate\\Container\\BoundMethod::{closure:Illuminate\\Container\\BoundMethod::call():35}()
#15 /Users/mejievski/Desktop/Projects/Formely/backend/vendor/laravel/framework/src/Illuminate/Container/BoundMethod.php(96): Illuminate\\Container\\Util::unwrapIfClosure(Object(Closure))
#16 /Users/mejievski/Desktop/Projects/Formely/backend/vendor/laravel/framework/src/Illuminate/Container/BoundMethod.php(35): Illuminate\\Container\\BoundMethod::callBoundMethod(Object(Illuminate\\Foundation\\Application), Array, Object(Closure))
#17 /Users/mejievski/Desktop/Projects/Formely/backend/vendor/laravel/framework/src/Illuminate/Container/Container.php(836): Illuminate\\Container\\BoundMethod::call(Object(Illuminate\\Foundation\\Application), Array, Array, NULL)
#18 /Users/mejievski/Desktop/Projects/Formely/backend/vendor/laravel/framework/src/Illuminate/Bus/Dispatcher.php(129): Illuminate\\Container\\Container->call(Array)
#19 /Users/mejievski/Desktop/Projects/Formely/backend/vendor/laravel/framework/src/Illuminate/Pipeline/Pipeline.php(180): Illuminate\\Bus\\Dispatcher->{closure:Illuminate\\Bus\\Dispatcher::dispatchNow():126}(Object(App\\Jobs\\SyncAiKnowledgeJob))
#20 /Users/mejievski/Desktop/Projects/Formely/backend/vendor/laravel/framework/src/Illuminate/Pipeline/Pipeline.php(137): Illuminate\\Pipeline\\Pipeline->{closure:Illuminate\\Pipeline\\Pipeline::prepareDestination():178}(Object(App\\Jobs\\SyncAiKnowledgeJob))
#21 /Users/mejievski/Desktop/Projects/Formely/backend/vendor/laravel/framework/src/Illuminate/Bus/Dispatcher.php(133): Illuminate\\Pipeline\\Pipeline->then(Object(Closure))
#22 /Users/mejievski/Desktop/Projects/Formely/backend/vendor/laravel/framework/src/Illuminate/Queue/CallQueuedHandler.php(134): Illuminate\\Bus\\Dispatcher->dispatchNow(Object(App\\Jobs\\SyncAiKnowledgeJob), false)
#23 /Users/mejievski/Desktop/Projects/Formely/backend/vendor/laravel/framework/src/Illuminate/Pipeline/Pipeline.php(180): Illuminate\\Queue\\CallQueuedHandler->{closure:Illuminate\\Queue\\CallQueuedHandler::dispatchThroughMiddleware():127}(Object(App\\Jobs\\SyncAiKnowledgeJob))
#24 /Users/mejievski/Desktop/Projects/Formely/backend/vendor/laravel/framework/src/Illuminate/Pipeline/Pipeline.php(137): Illuminate\\Pipeline\\Pipeline->{closure:Illuminate\\Pipeline\\Pipeline::prepareDestination():178}(Object(App\\Jobs\\SyncAiKnowledgeJob))
#25 /Users/mejievski/Desktop/Projects/Formely/backend/vendor/laravel/framework/src/Illuminate/Queue/CallQueuedHandler.php(127): Illuminate\\Pipeline\\Pipeline->then(Object(Closure))
#26 /Users/mejievski/Desktop/Projects/Formely/backend/vendor/laravel/framework/src/Illuminate/Queue/CallQueuedHandler.php(68): Illuminate\\Queue\\CallQueuedHandler->dispatchThroughMiddleware(Object(Illuminate\\Queue\\Jobs\\SyncJob), Object(App\\Jobs\\SyncAiKnowledgeJob))
#27 /Users/mejievski/Desktop/Projects/Formely/backend/vendor/laravel/framework/src/Illuminate/Queue/Jobs/Job.php(102): Illuminate\\Queue\\CallQueuedHandler->call(Object(Illuminate\\Queue\\Jobs\\SyncJob), Array)
#28 /Users/mejievski/Desktop/Projects/Formely/backend/vendor/laravel/framework/src/Illuminate/Queue/SyncQueue.php(130): Illuminate\\Queue\\Jobs\\Job->fire()
#29 /Users/mejievski/Desktop/Projects/Formely/backend/vendor/laravel/framework/src/Illuminate/Queue/SyncQueue.php(110): Illuminate\\Queue\\SyncQueue->executeJob(Object(App\\Jobs\\SyncAiKnowledgeJob), '', NULL)
#30 laravel-serializable-closure://fn () => \\Illuminate\\Support\\Facades\\Queue::connection('sync')->push($job, $data, $queue)
        (2): Illuminate\\Queue\\SyncQueue->push(Object(App\\Jobs\\SyncAiKnowledgeJob), '', NULL)
#31 [internal function]: Illuminate\\Queue\\BackgroundQueue::{closure:laravel-serializable-closure://fn () => \\Illuminate\\Support\\Facades\\Queue::connection('sync')->push($job, $data, $queue)
        :2}()
#32 /Users/mejievski/Desktop/Projects/Formely/backend/vendor/laravel/serializable-closure/src/Serializers/Signed.php(43): call_user_func_array(Object(Closure), Array)
#33 [internal function]: Laravel\\SerializableClosure\\Serializers\\Signed->__invoke()
#34 /Users/mejievski/Desktop/Projects/Formely/backend/vendor/laravel/serializable-closure/src/SerializableClosure.php(39): call_user_func_array(Object(Laravel\\SerializableClosure\\Serializers\\Signed), Array)
#35 /Users/mejievski/Desktop/Projects/Formely/backend/vendor/laravel/framework/src/Illuminate/Container/BoundMethod.php(36): Laravel\\SerializableClosure\\SerializableClosure->__invoke()
#36 /Users/mejievski/Desktop/Projects/Formely/backend/vendor/laravel/framework/src/Illuminate/Container/Util.php(43): Illuminate\\Container\\BoundMethod::{closure:Illuminate\\Container\\BoundMethod::call():35}()
#37 /Users/mejievski/Desktop/Projects/Formely/backend/vendor/laravel/framework/src/Illuminate/Container/BoundMethod.php(84): Illuminate\\Container\\Util::unwrapIfClosure(Object(Closure))
#38 /Users/mejievski/Desktop/Projects/Formely/backend/vendor/laravel/framework/src/Illuminate/Container/BoundMethod.php(35): Illuminate\\Container\\BoundMethod::callBoundMethod(Object(Illuminate\\Foundation\\Application), Object(Laravel\\SerializableClosure\\SerializableClosure), Object(Closure))
#39 /Users/mejievski/Desktop/Projects/Formely/backend/vendor/laravel/framework/src/Illuminate/Container/Container.php(836): Illuminate\\Container\\BoundMethod::call(Object(Illuminate\\Foundation\\Application), Object(Laravel\\SerializableClosure\\SerializableClosure), Array, NULL)
#40 /Users/mejievski/Desktop/Projects/Formely/backend/vendor/laravel/framework/src/Illuminate/Concurrency/Console/InvokeSerializedClosureCommand.php(46): Illuminate\\Container\\Container->call(Object(Laravel\\SerializableClosure\\SerializableClosure))
#41 /Users/mejievski/Desktop/Projects/Formely/backend/vendor/laravel/framework/src/Illuminate/Container/BoundMethod.php(36): Illuminate\\Concurrency\\Console\\InvokeSerializedClosureCommand->handle()
#42 /Users/mejievski/Desktop/Projects/Formely/backend/vendor/laravel/framework/src/Illuminate/Container/Util.php(43): Illuminate\\Container\\BoundMethod::{closure:Illuminate\\Container\\BoundMethod::call():35}()
#43 /Users/mejievski/Desktop/Projects/Formely/backend/vendor/laravel/framework/src/Illuminate/Container/BoundMethod.php(96): Illuminate\\Container\\Util::unwrapIfClosure(Object(Closure))
#44 /Users/mejievski/Desktop/Projects/Formely/backend/vendor/laravel/framework/src/Illuminate/Container/BoundMethod.php(35): Illuminate\\Container\\BoundMethod::callBoundMethod(Object(Illuminate\\Foundation\\Application), Array, Object(Closure))
#45 /Users/mejievski/Desktop/Projects/Formely/backend/vendor/laravel/framework/src/Illuminate/Container/Container.php(836): Illuminate\\Container\\BoundMethod::call(Object(Illuminate\\Foundation\\Application), Array, Array, NULL)
#46 /Users/mejievski/Desktop/Projects/Formely/backend/vendor/laravel/framework/src/Illuminate/Console/Command.php(211): Illuminate\\Container\\Container->call(Array)
#47 /Users/mejievski/Desktop/Projects/Formely/backend/vendor/symfony/console/Command/Command.php(318): Illuminate\\Console\\Command->execute(Object(Symfony\\Component\\Console\\Input\\ArgvInput), Object(Illuminate\\Console\\OutputStyle))
#48 /Users/mejievski/Desktop/Projects/Formely/backend/vendor/laravel/framework/src/Illuminate/Console/Command.php(180): Symfony\\Component\\Console\\Command\\Command->run(Object(Symfony\\Component\\Console\\Input\\ArgvInput), Object(Illuminate\\Console\\OutputStyle))
#49 /Users/mejievski/Desktop/Projects/Formely/backend/vendor/symfony/console/Application.php(1055): Illuminate\\Console\\Command->run(Object(Symfony\\Component\\Console\\Input\\ArgvInput), Object(Symfony\\Component\\Console\\Output\\ConsoleOutput))
#50 /Users/mejievski/Desktop/Projects/Formely/backend/vendor/symfony/console/Application.php(356): Symfony\\Component\\Console\\Application->doRunCommand(Object(Illuminate\\Concurrency\\Console\\InvokeSerializedClosureCommand), Object(Symfony\\Component\\Console\\Input\\ArgvInput), Object(Symfony\\Component\\Console\\Output\\ConsoleOutput))
#51 /Users/mejievski/Desktop/Projects/Formely/backend/vendor/symfony/console/Application.php(195): Symfony\\Component\\Console\\Application->doRun(Object(Symfony\\Component\\Console\\Input\\ArgvInput), Object(Symfony\\Component\\Console\\Output\\ConsoleOutput))
#52 /Users/mejievski/Desktop/Projects/Formely/backend/vendor/laravel/framework/src/Illuminate/Foundation/Console/Kernel.php(197): Symfony\\Component\\Console\\Application->run(Object(Symfony\\Component\\Console\\Input\\ArgvInput), Object(Symfony\\Component\\Console\\Output\\ConsoleOutput))
#53 /Users/mejievski/Desktop/Projects/Formely/backend/vendor/laravel/framework/src/Illuminate/Foundation/Application.php(1235): Illuminate\\Foundation\\Console\\Kernel->handle(Object(Symfony\\Component\\Console\\Input\\ArgvInput), Object(Symfony\\Component\\Console\\Output\\ConsoleOutput))
#54 /Users/mejievski/Desktop/Projects/Formely/backend/artisan(16): Illuminate\\Foundation\\Application->handleCommand(Object(Symfony\\Component\\Console\\Input\\ArgvInput))
#55 {main}
"} 
[2026-05-27 14:19:11] local.INFO: User logged in {"user_id":1,"email":"admin@formely.local","ip":"127.0.0.1","user_agent":"Mozilla/5.0 (Macintosh; Intel Mac OS X 10_15_7) AppleWebKit/537.36 (KHTML, like Gecko) Chrome/148.0.0.0 Safari/537.36","session_id":"782foUJ6f75JBEo8QwE2mEykgERSHfm2iNxy6WDX","session_name":"formely-session"} 
[2026-05-27 14:19:11] local.INFO: Login response headers {"set_cookie_header":null} 
[2026-05-27 14:19:11] local.INFO: Dashboard Users Count {"all_users":12,"admin_users":1,"student_users":10,"instructor_users":1,"total_users":10} 
[2026-05-27 14:19:12] local.INFO: Dashboard Users Count {"all_users":12,"admin_users":1,"student_users":10,"instructor_users":1,"total_users":10} 
[2026-05-27 14:19:23] local.INFO: Dashboard Users Count {"all_users":12,"admin_users":1,"student_users":10,"instructor_users":1,"total_users":10} 
[2026-05-27 14:19:23] local.INFO: Dashboard Users Count {"all_users":12,"admin_users":1,"student_users":10,"instructor_users":1,"total_users":10} 
[2026-05-27 14:48:00] local.INFO: Dashboard Users Count {"all_users":12,"admin_users":1,"student_users":10,"instructor_users":1,"total_users":10} 
[2026-05-27 14:48:00] local.INFO: Dashboard Users Count {"all_users":12,"admin_users":1,"student_users":10,"instructor_users":1,"total_users":10} 
[2026-05-27 14:51:21] local.INFO: Dashboard Users Count {"all_users":12,"admin_users":1,"student_users":10,"instructor_users":1,"total_users":10} 
[2026-05-27 14:51:22] local.INFO: Dashboard Users Count {"all_users":12,"admin_users":1,"student_users":10,"instructor_users":1,"total_users":10} 
[2026-05-27 14:51:24] local.INFO: Dashboard Users Count {"all_users":12,"admin_users":1,"student_users":10,"instructor_users":1,"total_users":10} 
[2026-05-27 14:51:24] local.INFO: Dashboard Users Count {"all_users":12,"admin_users":1,"student_users":10,"instructor_users":1,"total_users":10} 
